node,name,type,degree,degree_centrality,closeness_centrality,betweenness_centrality,eigenvector_centrality,pagerank,hub_score,authority_score,composite_score
0,User_0,Unknown,347,0.08593363051015354,0.35334266713335666,0.14630592147442917,3.391796172270201e-05,0.006289602618466542,2.1244731409643484e-06,2.124473140972039e-06,0.29772675734116644
1,User_1,Unknown,17,0.004210004952947003,0.2613761408505405,2.7832744209034606e-06,6.045346134948107e-07,0.00023590202311540972,3.8282650989228306e-08,3.828265098898591e-08,0.04805082478187893
2,User_2,Unknown,10,0.0024764735017335313,0.26125776397515527,7.595021178512074e-08,2.2334609371911966e-07,0.00020310565091694567,1.3886642416648456e-08,1.3886642416790578e-08,0.04641170281230246
3,User_3,Unknown,17,0.004210004952947003,0.2613761408505405,1.6850656559280464e-06,6.635648083921052e-07,0.00022552359869430614,4.206079143852267e-08,4.206079143846933e-08,0.047854985991152975
4,User_4,Unknown,10,0.0024764735017335313,0.26125776397515527,1.8403320547933104e-07,2.2364157028893605e-07,0.00023849264701222462,1.3907747996130074e-08,1.3907747996024579e-08,0.04707927171512701
5,User_5,Unknown,13,0.0032194155522535907,0.2613084837895554,2.205964164092193e-06,1.1833221118435216e-06,0.00020234812068977809,7.540395573828228e-08,7.540395573799662e-08,0.046838610396434624
6,User_6,Unknown,6,0.0014858841010401188,0.26119016817593793,2.4537760730577472e-08,2.1709041695161263e-07,0.00018001867135639642,1.3501660183420645e-08,1.3501660183229853e-08,0.045394494657788186
7,User_7,Unknown,20,0.004952947003467063,0.2747686445291236,0.0001702984836730339,2.568510124822489e-05,0.00026267667111515796,1.6460556867074338e-06,1.6460556867076412e-06,0.05592668631748814
8,User_8,Unknown,8,0.001981178801386825,0.2612239617026782,2.7604980821899654e-07,2.1973746334830285e-07,0.00023737300152657922,1.3664880041771741e-08,1.3664880041907425e-08,0.046767330841712355
9,User_9,Unknown,57,0.014115898959881128,0.2620546433902265,1.6454236303026905e-05,2.214116624486093e-06,0.0006001572433028075,1.412660322725971e-07,1.4126603227254137e-07,0.06075121995057315
10,User_10,Unknown,10,0.0024764735017335313,0.26125776397515527,4.986739552037655e-08,7.708567044092624e-07,0.00013504865958890368,4.8968660595350935e-08,4.896866059504785e-08,0.045130335852351995
11,User_11,Unknown,1,0.00024764735017335313,0.26110572259941806,0.0,2.1031233303459666e-07,5.2591423276218314e-05,1.308383051130586e-08,1.3083830510894141e-08,0.04226364292082942
12,User_12,Unknown,1,0.00024764735017335313,0.26110572259941806,0.0,2.1031233303459666e-07,5.2591423276218314e-05,1.308383051130586e-08,1.3083830511133575e-08,0.042263642920829424
13,User_13,Unknown,31,0.007677067855373947,0.26161321671525756,1.7622717578436846e-06,1.103790547598573e-06,0.0003306419576230765,7.02054485518928e-08,7.020544855189801e-08,0.05187596555157562
14,User_14,Unknown,15,0.003714710252600297,0.2613423079412336,5.582871686568508e-07,2.3055679294325335e-07,0.00028864398034146046,1.4330805042609973e-08,1.4330805042627257e-08,0.04875255577187709
15,User_15,Unknown,1,0.00024764735017335313,0.26110572259941806,0.0,2.1031233303459666e-07,5.2591423276218314e-05,1.308383051130586e-08,1.3083830511040852e-08,0.042263642920829424
16,User_16,Unknown,9,0.002228826151560178,0.2612408617454875,1.9979459275532697e-07,2.616513592117462e-07,0.00013324305769198052,1.6339834095913944e-08,1.6339834095826044e-08,0.0449486177276205
17,User_17,Unknown,13,0.0032194155522535907,0.2613084837895554,4.1066669000480344e-07,2.2774170298520142e-07,0.00026000987429524483,1.4157361357695889e-08,1.4157361357714228e-08,0.047921508489182106
18,User_18,Unknown,1,0.00024764735017335313,0.26110572259941806,0.0,2.1031233303459666e-07,5.2591423276218314e-05,1.308383051130586e-08,1.3083830511196582e-08,0.042263642920829424
19,User_19,Unknown,16,0.00396235760277365,0.2613592233009709,5.062957964075819e-06,2.3149092118602842e-07,0.00038064314056362173,1.438902380963121e-08,1.4389023809643306e-08,0.05063478072487681
20,User_20,Unknown,15,0.003714710252600297,0.2613423079412336,6.793693332142838e-07,2.3038875741121886e-07,0.00029297537600066995,1.4320570682850233e-08,1.432057068279008e-08,0.04883429788128459
21,User_21,Unknown,65,0.016097077761267953,0.2756125861715924,0.0009380243844653233,2.5965755464539663e-05,0.0006928319433106635,1.6638288041791324e-06,1.6638288041790572e-06,0.07085657637860536
22,User_22,Unknown,11,0.0027241208519068845,0.2612746683921061,6.703002200833232e-07,1.0365420550578182e-06,0.00016385672869526872,6.600384205443441e-08,6.600384205435589e-08,0.04582056192561098
23,User_23,Unknown,17,0.004210004952947003,0.2613761408505405,6.860348937590618e-06,2.327855955467465e-07,0.0004043263404882842,1.4470266075738125e-08,1.4470266075768605e-08,0.05122750082137338
24,User_24,Unknown,16,0.00396235760277365,0.2613592233009709,1.3673472422981514e-07,2.4875636881516775e-07,0.00022824011209266327,1.5490887820107275e-08,1.5490887820218974e-08,0.04775848408423141
25,User_25,Unknown,69,0.017087667161961365,0.26225888160031174,5.38808313945586e-05,2.0920477409908786e-06,0.0008004126605197681,1.3339915006550606e-07,1.3339915006540844e-07,0.06628509108395837
26,User_26,Unknown,68,0.016840019811788013,0.26224184959085595,1.935436798204632e-05,2.333621078244131e-06,0.0006922746319436038,1.488732079216113e-07,1.488732079214197e-07,0.06409052871183721
27,User_27,Unknown,5,0.0012382367508667657,0.2611732746911584,3.067220091322184e-08,3.8500493368810947e-07,9.900477693053426e-05,2.426077857901741e-08,2.426077857933031e-08,0.043721604438347376
28,User_28,Unknown,13,0.0032194155522535907,0.2613084837895554,3.812160659244892e-07,2.276328150659143e-07,0.0002552192093758929,1.4150721353041006e-08,1.4150721353243678e-08,0.04783112882783259
29,User_29,Unknown,13,0.0032194155522535907,0.2613084837895554,1.3954817951917517e-06,2.9276633115487333e-07,0.00019154955480122382,1.831785318112688e-08,1.8317853181160814e-08,0.0466306670716632
30,User_30,Unknown,17,0.004210004952947003,0.2613761408505405,1.3694627409316544e-06,9.62912044010581e-07,0.0002121964513121638,6.124954907292424e-08,6.124954907272195e-08,0.04760483517666835
31,User_31,Unknown,23,0.005695889053987122,0.2614776921582594,4.932641252790837e-06,1.4530295555049823e-06,0.00029936195818065976,9.264134022922597e-08,9.264134022907635e-08,0.05012493644186559
32,User_32,Unknown,6,0.0014858841010401188,0.26119016817593793,0.0,2.172656002138456e-07,0.00014788937149430478,1.3512323058607026e-08,1.3512323058302055e-08,0.04478840550713904
33,User_33,Unknown,2,0.0004952947003467063,0.26112260734609416,0.0,2.1162712130634827e-07,9.172093610965165e-05,1.3164908226344964e-08,1.316490822647095e-08,0.04314718911339755
34,User_34,Unknown,5,0.0012382367508667657,0.3033125516412529,0.0036020881281963652,4.074184547679874e-06,9.248443396698941e-05,2.5884352001144354e-07,2.5884352001117556e-07,0.0660752246296304
35,User_35,Unknown,2,0.0004952947003467063,0.26112260734609416,0.0,2.1171402853040497e-07,7.353643512923525e-05,1.3170205350668529e-08,1.3170205350500749e-08,0.0428041596094492
36,User_36,Unknown,11,0.0027241208519068845,0.2612746683921061,2.726417858953052e-08,2.356058109794917e-07,0.0001850267791448929,1.4669028358827262e-08,1.4669028358632366e-08,0.04621612269797952
37,User_37,Unknown,1,0.00024764735017335313,0.26110572259941806,0.0,2.1031233303459666e-07,5.2591423276218314e-05,1.308383051130586e-08,1.3083830511190388e-08,0.042263642920829424
38,User_38,Unknown,9,0.002228826151560178,0.2612408617454875,7.344481172858835e-07,7.219113580673047e-07,0.00014126143938496464,4.584317128242162e-08,4.584317128231865e-08,0.04510210146082146
39,User_39,Unknown,15,0.003714710252600297,0.2613423079412336,9.548632622274015e-07,4.869308388829613e-07,0.00019468359653213862,3.074758215946149e-08,3.074758215933927e-08,0.046981368786067144
40,User_40,Unknown,44,0.010896483407627538,0.26183374400207493,1.3796059569123122e-05,1.7851968170490274e-06,0.0004956290864477818,1.1383451247449018e-07,1.1383451247450847e-07,0.0568857040745654
41,User_41,Unknown,24,0.005943536404160475,0.26149462504856885,4.673274954378314e-06,2.430097031380907e-07,0.00046530604538298797,1.509825022517682e-08,1.5098250225124616e-08,0.05339520304259726
42,User_42,Unknown,2,0.0004952947003467063,0.26112260734609416,0.0,2.1162712130634827e-07,9.172093610965165e-05,1.3164908226345002e-08,1.3164908226464975e-08,0.04314718911339755
43,User_43,Unknown,1,0.00024764735017335313,0.26110572259941806,0.0,2.1031233303459666e-07,5.2591423276218314e-05,1.308383051130586e-08,1.3083830511282345e-08,0.042263642920829424
44,User_44,Unknown,6,0.0014858841010401188,0.26119016817593793,0.0,2.176613170884422e-07,0.00013694286955319687,1.3536418033862798e-08,1.3536418033783992e-08,0.04458191394444289
45,User_45,Unknown,12,0.0029717682020802376,0.2612915749967646,3.0243457405507097e-07,7.728864856656585e-07,0.0001596025527911737,4.909243497182952e-08,4.9092434971691315e-08,0.04588443561110894
46,User_46,Unknown,5,0.0012382367508667657,0.2611732746911584,0.0,2.1603795141193674e-07,0.00013312362076432354,1.3436867116517025e-08,1.3436867116116966e-08,0.04436444987078524
47,User_47,Unknown,2,0.0004952947003467063,0.26112260734609416,0.0,2.1257645405396597e-07,8.030042198440289e-05,1.3225718921850998e-08,1.3225718921765e-08,0.04293175839499939
48,User_48,Unknown,22,0.005448241703813769,0.26146076146076147,5.29085361854899e-06,4.831348837967411e-07,0.00029272795380994835,3.047994352188119e-08,3.04799435221332e-08,0.049850114321735216
49,User_49,Unknown,4,0.0009905894006934125,0.26115638339154057,1.8403320547933104e-07,2.1428263481709508e-07,0.00015564790905136537,1.3328643921437471e-08,1.33286439215213e-08,0.044643981812888
50,User_50,Unknown,11,0.0027241208519068845,0.2612746683921061,5.135467952242277e-07,4.46282343059978e-07,0.00015285262772959924,2.8160799357632254e-08,2.8160799357667754e-08,0.04561028418199841
51,User_51,Unknown,7,0.001733531451213472,0.2612070638463031,9.201660273966552e-08,2.3934747731679905e-07,0.00014051490911703464,1.4921324780414162e-08,1.4921324780141967e-08,0.0447948332384026
52,User_52,Unknown,2,0.0004952947003467063,0.26112260734609416,0.0,2.1165285159495728e-07,8.219518722798913e-05,1.3166476070814e-08,1.3166476070272249e-08,0.042967496831423195
53,User_53,Unknown,31,0.007677067855373947,0.26161321671525756,1.0849233385514972e-05,9.315426117405499e-07,0.00041525518043789315,5.9197292261182164e-08,5.919729226078284e-08,0.05347402701992042
54,User_54,Unknown,8,0.001981178801386825,0.2612239617026782,3.6120168027808387e-07,2.5381261955004794e-07,0.0001346315395348503,1.583930528179625e-08,1.583930528188817e-08,0.04482940817838491
55,User_55,Unknown,17,0.004210004952947003,0.2613761408505405,1.8160988132495756e-07,9.982470311456912e-07,0.00019740128445968694,6.350630285825166e-08,6.350630285815488e-08,0.047325546386010484
56,User_56,Unknown,78,0.019316493313521546,0.27585735756250856,0.0010850657064421735,2.6366379741395313e-05,0.0008039024292749443,1.689450492431606e-06,1.6894504924313978e-06,0.07490042084528427
57,User_57,Unknown,15,0.003714710252600297,0.2613423079412336,1.5359027152243021e-06,4.211448525795591e-07,0.00021380181907352505,2.6542064829087003e-08,2.654206482898956e-08,0.04734189007504373
58,User_58,Unknown,12,0.0029717682020802376,0.3974018305284913,0.08436020590796486,0.0005898120154985171,0.00021402001229947393,3.776814839950898e-05,3.776814839950903e-05,0.1437221928746014
59,User_59,Unknown,19,0.0047052996532937095,0.2614099825208778,7.274796871349583e-07,5.185075583635661e-07,0.00022393731076947957,3.275336540377848e-08,3.275336540381387e-08,0.048114976078166075
60,User_60,Unknown,8,0.001981178801386825,0.2612239617026782,7.546141619678459e-08,7.389823247074877e-07,0.0001179214817815534,4.6935671843341315e-08,4.693567184321868e-08,0.04451628589166349
61,User_61,Unknown,3,0.0007429420505200594,0.2611394942766604,6.134440182644368e-08,2.1309924189850115e-07,9.993081338694414e-05,1.3255583459441188e-08,1.3255583459371447e-08,0.04344749165811661
62,User_62,Unknown,26,0.0064388311045071814,0.26152849740932643,2.8660815656610625e-06,1.0480310720344275e-06,0.000294118187302578,6.66631960910533e-08,6.666319609092618e-08,0.05045988154007341
63,User_63,Unknown,6,0.0014858841010401188,0.26119016817593793,0.0,4.1236503348485877e-07,9.762401994576605e-05,2.6009539844316517e-08,2.60095398442563e-08,0.04384108277689953
64,User_64,Unknown,7,0.001733531451213472,0.2790408403012922,1.2821395685548784e-05,2.713065606170404e-07,0.00014304317844236687,1.6541068119598833e-08,1.65410681197376e-08,0.053898586708347
65,User_65,Unknown,12,0.0029717682020802376,0.2612915749967646,6.893923913652614e-07,6.051887725449037e-07,0.00016011443293880614,3.834467981322756e-08,3.834467981316748e-08,0.0458934536021577
66,User_66,Unknown,15,0.003714710252600297,0.2613423079412336,9.542251505382869e-08,1.2731710213783302e-06,0.00017891995625352093,8.113962210456326e-08,8.113962210475584e-08,0.04668728105662985
67,User_67,Unknown,76,0.018821198613174838,0.27581967213114755,0.0009118520705882054,2.6674028086937563e-05,0.0007724556453836683,1.7091767391629656e-06,1.7091767391625715e-06,0.0739642977723491
68,User_68,Unknown,9,0.002228826151560178,0.2612408617454875,1.4722656438346484e-07,2.215965528432378e-07,0.00021487874776333194,1.3779427844149562e-08,1.3779427844008928e-08,0.046488386769174835
69,User_69,Unknown,10,0.0024764735017335313,0.26125776397515527,1.9840927984607338e-07,6.001155179628284e-07,0.0001410081446777761,3.802623619198974e-08,3.802623619161933e-08,0.04524203217061805
70,User_70,Unknown,2,0.0004952947003467063,0.26112260734609416,0.0,2.1168797016997866e-07,7.684630684627396e-05,1.3168616743918556e-08,1.316861674405161e-08,0.04286659645307107
71,User_71,Unknown,3,0.0007429420505200594,0.2611394942766604,0.0,2.130793527418473e-07,0.00010148330553096666,1.3254537613802159e-08,1.3254537613680037e-08,0.043476759336436396
72,User_72,Unknown,24,0.005943536404160475,0.26149462504856885,1.8125106130858043e-06,7.321880694397925e-07,0.0002733935497308621,4.6424504409530723e-08,4.6424504409403675e-08,0.0497763376773313
73,User_73,Unknown,10,0.0024764735017335313,0.26125776397515527,6.016664242341218e-07,2.526339746355996e-07,0.00015801614677929968,1.576085242733399e-08,1.5760852427247836e-08,0.045561428402172
74,User_74,Unknown,1,0.00024764735017335313,0.26110572259941806,0.0,2.1031233303459666e-07,5.2591423276218314e-05,1.308383051130586e-08,1.3083830511206298e-08,0.042263642920829424
75,User_75,Unknown,14,0.003467062902426944,0.26132539477090344,2.5490958649817383e-07,9.487325073453163e-07,0.00017600935698758896,6.035155879237297e-08,6.035155879212819e-08,0.04648554539968401
76,User_76,Unknown,3,0.0007429420505200594,0.2611394942766604,0.0,2.246971005449556e-07,8.258166400536363e-05,1.3996912956790292e-08,1.3996912956701366e-08,0.04312025348525191
77,User_77,Unknown,6,0.0014858841010401188,0.26119016817593793,2.556016742768486e-07,2.423162262820322e-07,0.00012062978066488579,1.5115037175925843e-08,1.5115037175834867e-08,0.044274372756589644
78,User_78,Unknown,9,0.002228826151560178,0.2612408617454875,0.0,2.2135803346558037e-07,0.00021693170124186377,1.3764644596246266e-08,1.3764644596106526e-08,0.046527068578473184
79,User_79,Unknown,12,0.0029717682020802376,0.2612915749967646,2.0870669696912043e-08,5.042070479439274e-07,0.00015290410790864953,3.185946074743249e-08,3.1859460747413834e-08,0.04575678618633642
80,User_80,Unknown,23,0.005695889053987122,0.2679140127388535,0.00015960172239363706,5.829688943218434e-07,0.00031475366122911397,3.6873175470495933e-08,3.6873175470505185e-08,0.05372433676818889
81,User_81,Unknown,3,0.0007429420505200594,0.2611394942766604,6.134440182644368e-08,2.3546233025642665e-07,0.00010752780555275151,1.4686658567270624e-08,1.4686658567007463e-08,0.04359090058018659
82,User_82,Unknown,34,0.008420009905894007,0.26166407465007774,7.3592283705503054e-06,8.953960456355655e-07,0.0003849000964535906,5.6848013281807684e-08,5.684801328223026e-08,0.053336535284893447
83,User_83,Unknown,7,0.001733531451213472,0.2612070638463031,9.201660273966552e-08,2.3934747731679905e-07,0.00014051490911703464,1.4921324780413067e-08,1.4921324780319788e-08,0.0447948332384026
84,User_84,Unknown,13,0.0032194155522535907,0.2613084837895554,1.3929533620512854e-06,4.4393270134604735e-07,0.00019107773185719068,2.800778256354475e-08,2.8007782563338457e-08,0.046622444844285335
85,User_85,Unknown,14,0.003467062902426944,0.26132539477090344,5.032627527050142e-07,6.218399102825083e-07,0.000182837954537027,3.940362023699722e-08,3.940362023680454e-08,0.04661296507714175
86,User_86,Unknown,6,0.0014858841010401188,0.26119016817593793,0.0,2.1745012502533326e-07,0.00015187043333662333,1.3523878865078058e-08,1.3523878864713572e-08,0.04486350451658686
87,User_87,Unknown,13,0.0032194155522535907,0.27463782901448686,4.625863702493762e-05,2.5353932977449386e-05,0.0001726709411151336,1.6248538120979353e-06,1.6248538120978086e-06,0.053166213512344816
88,User_88,Unknown,20,0.004952947003467063,0.26142690664249646,4.549846123020853e-06,7.788173777900159e-07,0.00028441481196072053,4.9444281057044304e-08,4.9444281057168685e-08,0.04940354768844672
89,User_89,Unknown,8,0.001981178801386825,0.2612239617026782,3.312597698627958e-07,2.198438094304251e-07,0.00022888063692828091,1.367135917512066e-08,1.3671359175053559e-08,0.04660714894014901
90,User_90,Unknown,2,0.0004952947003467063,0.26112260734609416,0.0,2.1163531066753916e-07,8.919860362388565e-05,1.3165407591357374e-08,1.3165407591484025e-08,0.0430996082219843
91,User_91,Unknown,8,0.001981178801386825,0.2612239617026782,2.7604980821899654e-07,2.1973746334830285e-07,0.00023737300152657922,1.3664880041772795e-08,1.3664880041736078e-08,0.04676733084171235
92,User_92,Unknown,21,0.005200594353640416,0.2614438329556491,6.842999005760918e-07,2.6177120551499574e-07,0.00028831153295411636,1.6306801289896644e-08,1.6306801289435556e-08,0.04961901163345005
93,User_93,Unknown,8,0.001981178801386825,0.2612239617026782,9.40614161338803e-08,2.201797330620387e-07,0.00018377073837312445,1.369180806212186e-08,1.369180806208114e-08,0.04575613306659672
94,User_94,Unknown,22,0.005448241703813769,0.26146076146076147,2.1380836623092413e-06,4.3187807994812516e-07,0.00029878104789358967,2.7203475583602363e-08,2.720347558371051e-08,0.04996313194873173
95,User_95,Unknown,6,0.0014858841010401188,0.26119016817593793,6.134440182644368e-08,2.1707392791581983e-07,0.00018055035893729885,1.3500654831872968e-08,1.3500654832151277e-08,0.045404535208803186
96,User_96,Unknown,9,0.002228826151560178,0.2612408617454875,7.835986401270893e-07,4.104148511514432e-07,0.00014618512832270217,2.5878196536915506e-08,2.587819653678392e-08,0.045193596949840896
97,User_97,Unknown,3,0.0007429420505200594,0.2611394942766604,4.089626788429578e-08,2.130110549045412e-07,0.00010958436029004845,1.3250200256111475e-08,1.3250200256024144e-08,0.04362958835316929
98,User_98,Unknown,49,0.012134720158494303,0.26191866121813584,6.75276474687329e-06,1.8651974910044857e-06,0.0005003246722658377,1.1892750791919992e-07,1.1892750791920598e-07,0.057699829052766695
99,User_99,Unknown,13,0.0032194155522535907,0.2613084837895554,8.161726604908745e-07,2.2710379624244594e-07,0.0002993734003136998,1.411886690883218e-08,1.4118866908830488e-08,0.04866417433797075
100,User_100,Unknown,9,0.002228826151560178,0.2612408617454875,5.316514824958451e-07,2.690026832037136e-07,0.00017520377701900366,1.679540712191738e-08,1.6795407121889153e-08,0.0457402898103188
101,User_101,Unknown,19,0.0047052996532937095,0.2614099825208778,7.890545400009306e-07,2.5443101452882274e-07,0.00026633258205467354,1.584383468233445e-08,1.5843834682049315e-08,0.04891354765768287
102,User_102,Unknown,6,0.0014858841010401188,0.26119016817593793,0.0,2.174157330625746e-07,0.0001536353619686624,1.3521783318051394e-08,1.3521783317697763e-08,0.04489679773392007
103,User_103,Unknown,16,0.00396235760277365,0.2746938775510204,9.4190407877329e-05,2.509601726022742e-05,0.00018812236311743378,1.608299509712638e-06,1.6082995097126553e-06,0.05390973604004983
104,User_104,Unknown,32,0.0079247152055473,0.2616301671634055,3.0155346005494676e-06,1.4355684549795195e-06,0.00034640792239928187,9.147013435172526e-08,9.147013435137852e-08,0.05232067520469095
105,User_105,Unknown,14,0.003467062902426944,0.26132539477090344,4.083494447761187e-07,6.40839152362538e-07,0.0001813354264970288,4.0614622696728144e-08,4.0614622697314086e-08,0.04658467839046163
106,User_106,Unknown,8,0.001981178801386825,0.2612239617026782,3.6387941210384125e-07,4.032095292632716e-07,0.0001275482626354048,2.5419292662321576e-08,2.5419292662235287e-08,0.044696462172233456
107,User_107,Unknown,1045,0.258791480931154,0.45969945355191255,0.4805180785560152,0.00026069399119670256,0.006936420955866117,1.0724906223801044e-05,1.0724906223801628e-05,0.5595270116130691
108,User_108,Unknown,13,0.0032194155522535907,0.2613084837895554,3.481582493846834e-07,4.078017501028578e-07,0.00020008087943521537,2.569595120929341e-08,2.5695951209162747e-08,0.046791806267539135
109,User_109,Unknown,37,0.009162951956414065,0.26171495236243436,5.787658323854831e-06,1.916116743643399e-06,0.00040147225316823187,1.2224761384800687e-07,1.222476138476931e-07,0.05408959961253714
110,User_110,Unknown,5,0.0012382367508667657,0.2611732746911584,0.0,2.1574871103769876e-07,0.000155723211962933,1.3418943292551079e-08,1.3418943292437712e-08,0.04479076412599094
111,User_111,Unknown,14,0.003467062902426944,0.26132539477090344,1.5294230468062708e-06,2.2883459016186963e-07,0.0002934993171110268,1.4224922389396233e-08,1.4224922389484088e-08,0.04869900614724967
112,User_112,Unknown,3,0.0007429420505200594,0.2611394942766604,0.0,2.130829117045202e-07,0.00010075548047141475,1.3254576693872318e-08,1.3254576693828843e-08,0.0434630297535299
113,User_113,Unknown,40,0.009905894006934125,0.2617658498638662,5.229334396770685e-06,1.5024273155549714e-06,0.0004217680378937481,9.571544233140354e-08,9.571544233137166e-08,0.05490677564410773
114,User_114,Unknown,1,0.00024764735017335313,0.26110572259941806,0.0,2.1031233303459666e-07,5.2591423276218314e-05,1.308383051130586e-08,1.3083830511525659e-08,0.04226364292082944
115,User_115,Unknown,21,0.005200594353640416,0.2614438329556491,3.3336831770046665e-06,2.3881877710848615e-07,0.0004171974177353141,1.4839997497752865e-08,1.4839997497812777e-08,0.05205098170626773
116,User_116,Unknown,17,0.004210004952947003,0.2613761408505405,1.155762168033134e-06,2.3335209685156938e-07,0.00032518618611985356,1.4503061622071345e-08,1.4503061622189453e-08,0.04973291844223373
117,User_117,Unknown,6,0.0014858841010401188,0.26119016817593793,2.095933729070159e-07,3.927631429000689e-07,0.00011250195884281505,2.4758198475150334e-08,2.4758198475007285e-08,0.04412171264976387
118,User_118,Unknown,36,0.008915304606240713,0.26169799092676604,5.694459451841912e-06,1.2615924480514825e-06,0.00039779999591200874,8.030735735298509e-08,8.030735735241136e-08,0.053871914336863176
119,User_119,Unknown,62,0.015354135710747894,0.2801054384017758,0.0015229358857941754,2.0670379385755196e-06,0.0007319072593209059,1.313977850898071e-07,1.313977850896121e-07,0.07353021655804932
120,User_120,Unknown,4,0.0009905894006934125,0.27446982055464925,4.473603006040935e-05,2.421567884166865e-05,8.991381061339179e-05,1.5519308903148988e-06,1.5519308903149888e-06,0.050282725995048606
121,User_121,Unknown,12,0.0029717682020802376,0.2612915749967646,1.0410849313922507e-06,7.413493831688895e-07,0.00017194948880466562,4.707476970864285e-08,4.7074769708122514e-08,0.046117424624400716
122,User_122,Unknown,63,0.015601783060921248,0.27557496758343003,0.0007457760472154909,2.627505468539507e-05,0.000660524079101169,1.6836598199642986e-06,1.6836598199640799e-06,0.0698985923191322
123,User_123,Unknown,18,0.004457652303120356,0.2613930605903677,4.922689779281791e-07,8.351280919517666e-07,0.0002085473897771233,5.305006351802955e-08,5.305006351795595e-08,0.047680589245753115
124,User_124,Unknown,4,0.0009905894006934125,0.26115638339154057,1.6358507153718312e-07,2.2445903442673028e-07,0.00011232974058162626,1.397881566014544e-08,1.3978815660040423e-08,0.043826873470787744
125,User_125,Unknown,4,0.0009905894006934125,0.27446982055464925,8.2362839065918e-06,2.4367123374130393e-05,7.592166875181042e-05,1.5616337960382562e-06,1.5616337960381717e-06,0.05000860883057726
126,User_126,Unknown,7,0.001733531451213472,0.2612070638463031,1.686971050227201e-07,3.9253767861127476e-07,0.0001273415703148841,2.4740148560236825e-08,2.4740148560261654e-08,0.04454704399270514
127,User_127,Unknown,16,0.00396235760277365,0.2613592233009709,6.370611703673157e-07,4.112819163506726e-07,0.00024347720956291596,2.59085030987186e-08,2.5908503098526632e-08,0.048046793226766124
128,User_128,Unknown,28,0.006934125804853888,0.2615623785464438,2.4337383726394154e-06,1.5434415237660647e-06,0.0003067678430282077,9.839619930011671e-08,9.839619930004403e-08,0.050991468498637525
129,User_129,Unknown,7,0.001733531451213472,0.2612070638463031,4.498589467272537e-08,5.528361634802619e-07,0.00012350917911145407,3.5015967088187327e-08,3.501596708830861e-08,0.04447543348707246
130,User_130,Unknown,16,0.00396235760277365,0.2613592233009709,2.527390717096562e-06,6.088185760204502e-07,0.0002300074101712803,3.8564075377169095e-08,3.856407537709942e-08,0.047794149679729094
131,User_131,Unknown,7,0.001733531451213472,0.2612070638463031,0.0,2.1871799866693316e-07,0.00017343689435242747,1.360180149952373e-08,1.3601801499431826e-08,0.045415749084790034
132,User_132,Unknown,16,0.00396235760277365,0.2613592233009709,1.983731020051308e-06,6.372458133770611e-07,0.0002084674125014289,4.037986671606669e-08,4.0379866715815386e-08,0.047387787923060656
133,User_133,Unknown,18,0.004457652303120356,0.2613930605903677,1.8046406979714436e-06,6.703645332316179e-07,0.00023550237804358028,4.249431068470333e-08,4.249431068443193e-08,0.04818871481247689
134,User_134,Unknown,19,0.0047052996532937095,0.2614099825208778,6.323857056647831e-07,1.0052301487235237e-06,0.00021905817390362813,6.394769551076319e-08,6.394769551095941e-08,0.04802509420675379
135,User_135,Unknown,10,0.0024764735017335313,0.26125776397515527,0.0,2.330970230012664e-07,0.0001716312351638319,1.4511745313307094e-08,1.451174531313456e-08,0.04581799505525063
136,User_136,Unknown,133,0.03293709757305597,0.2941862159405508,0.026870359787398053,0.00389437464847358,0.0006337403250536821,0.00024966270561689775,0.000249662705616898,0.11355946304942643
137,User_137,Unknown,16,0.00396235760277365,0.2613592233009709,2.113265956887789e-06,2.315517663714835e-07,0.0003304194027641963,1.439241400094976e-08,1.439241400073139e-08,0.049686490475510915
138,User_138,Unknown,2,0.0004952947003467063,0.26112260734609416,0.0,2.117508593464441e-07,7.29339350530321e-05,1.3172447093515214e-08,1.3172447093404486e-08,0.04279279429218583
139,User_139,Unknown,9,0.002228826151560178,0.2612408617454875,1.2268880365288736e-08,2.3287761152211187e-07,0.00015511284188837794,1.4500965948664644e-08,1.4500965948461414e-08,0.045360981554418686
140,User_140,Unknown,11,0.0027241208519068845,0.2612746683921061,9.16271144741008e-08,2.249020295067922e-07,0.00022045298382317283,1.3982405485030866e-08,1.3982405485098903e-08,0.046884368703265795
141,User_141,Unknown,28,0.006934125804853888,0.2615623785464438,2.6854718971158224e-06,1.0678734136582829e-06,0.0003120021058476483,6.792376410857493e-08,6.792376410841795e-08,0.05108814640393335
142,User_142,Unknown,43,0.010648836057454186,0.261816767165921,5.167781965397462e-06,2.005832064754141e-06,0.0004508863208061317,1.2797469340070297e-07,1.279746934002864e-07,0.05589465490656958
143,User_143,Unknown,12,0.0029717682020802376,0.2612915749967646,1.1515220571420997e-06,2.2557970819250845e-07,0.00029379905862812603,1.4025023185967186e-08,1.4025023185924017e-08,0.04841369478140404
144,User_144,Unknown,15,0.003714710252600297,0.2613423079412336,8.436846952494006e-07,2.305236184409256e-07,0.0002911632908825187,1.4328795920873497e-08,1.432879592103403e-08,0.04880016439798307
145,User_145,Unknown,2,0.0004952947003467063,0.26112260734609416,0.0,2.1163531066753916e-07,8.919860362388565e-05,1.3165407591357374e-08,1.3165407591537911e-08,0.0430996082219843
146,User_146,Unknown,10,0.0024764735017335313,0.27458180334557325,0.000141354407287742,2.455092978679452e-05,0.00014443058241554713,1.573391585097845e-06,1.57339158509864e-06,0.052219210361967104
147,User_147,Unknown,6,0.0014858841010401188,0.26119016817593793,2.4537760730577472e-08,2.1709041695161263e-07,0.00018001867135639642,1.3501660183419595e-08,1.350166018340052e-08,0.0453944946577882
148,User_148,Unknown,20,0.004952947003467063,0.26142690664249646,2.4037945179865694e-06,6.646870160904736e-07,0.000246266902213844,4.211982178736329e-08,4.211982178730939e-08,0.048682779851849725
149,User_149,Unknown,14,0.003467062902426944,0.26132539477090344,3.6641108583001195e-07,2.28960556049616e-07,0.0002717075425301843,1.4232584152597497e-08,1.4232584152190331e-08,0.04828758394656386
150,User_150,Unknown,11,0.0027241208519068845,0.2791179926729799,9.524858913463719e-05,4.4159545758983443e-07,0.00019408389327919988,2.7440318052459968e-08,2.744031805250935e-08,0.05547318784560928
151,User_151,Unknown,7,0.001733531451213472,0.2612070638463031,3.4080223236913156e-08,2.1904032885314403e-07,0.00015376030165803836,1.3621405269518638e-08,1.3621405269476046e-08,0.04504458412427852
152,User_152,Unknown,5,0.0012382367508667657,0.2611732746911584,1.8403320547933104e-07,3.711546319119012e-07,0.00012492244142269063,2.3379366600792583e-08,2.3379366600685344e-08,0.04421049532203964
153,User_153,Unknown,2,0.0004952947003467063,0.26112260734609416,0.0,2.2060595804479308e-07,6.212683318297321e-05,1.3738795019906458e-08,1.3738795019116006e-08,0.04258897034601378
154,User_154,Unknown,2,0.0004952947003467063,0.26112260734609416,0.0,2.1166094245479166e-07,7.932370381914374e-05,1.3166969576146067e-08,1.3166969576038664e-08,0.042913329605441156
155,User_155,Unknown,3,0.0007429420505200594,0.2611394942766604,4.089626788429578e-08,2.130824071472065e-07,0.00010298408354995632,1.3254558746955311e-08,1.3254558747103506e-08,0.043505081966891436
156,User_156,Unknown,12,0.0029717682020802376,0.27461915125136016,0.00016527424249422466,2.4579904124867865e-05,0.00016483892073663328,1.5752417214975933e-06,1.575241721497453e-06,0.05290406143419478
157,User_157,Unknown,3,0.0007429420505200594,0.2611394942766604,4.089626788429578e-08,2.1303025769127772e-07,0.00010600177299096029,1.3251550614762182e-08,1.3251550614641076e-08,0.043562007019582724
158,User_158,Unknown,25,0.006191183754333828,0.2615115601321158,4.792698586965206e-06,1.1780556141717562e-06,0.0002996906273208094,7.50065562807818e-08,7.500655628065571e-08,0.05042072297815891
159,User_159,Unknown,14,0.003467062902426944,0.26132539477090344,1.151331739012335e-06,4.3496795749773475e-07,0.0002046728574167513,2.7430485738283665e-08,2.7430485738163916e-08,0.047024209269568955
160,User_160,Unknown,2,0.0004952947003467063,0.26112260734609416,0.0,2.1374245591388144e-07,6.9467498708458e-05,1.3300278285859355e-08,1.3300278285971056e-08,0.042727412874720413
161,User_161,Unknown,25,0.006191183754333828,0.2615115601321158,2.4042212720527196e-06,1.9606496195465963e-06,0.0002798852018135081,1.2516043840777671e-07,1.2516043840782777e-07,0.050049920415079364
162,User_162,Unknown,8,0.001981178801386825,0.2612239617026782,5.842323983470826e-08,2.2043825115584638e-07,0.00016967237746256535,1.3707542903202088e-08,1.3707542902975057e-08,0.04549017408635171
163,User_163,Unknown,6,0.0014858841010401188,0.2676121678043608,2.5290532925679884e-05,2.3535402307354674e-07,0.00012143853497887508,1.4649200069381463e-08,1.4649200069312056e-08,0.04755674859555874
164,User_164,Unknown,3,0.0007429420505200594,0.2611394942766604,1.7526971950412477e-08,3.761981852660197e-07,7.388101008374698e-05,2.3708140738219767e-08,2.3708140738266368e-08,0.04295681120035929
165,User_165,Unknown,11,0.0027241208519068845,0.2612746683921061,3.3803819101741307e-07,5.936055623191569e-07,0.00014915412045219805,3.7607068374981475e-08,3.760706837492614e-08,0.04554112567132833
166,User_166,Unknown,4,0.0009905894006934125,0.2677186236159915,4.3671371776444415e-07,2.1717063788057475e-07,0.00010901413534460111,1.3494707812698475e-08,1.3494707812628714e-08,0.04709526897337419
167,User_167,Unknown,7,0.001733531451213472,0.2612070638463031,4.498589467272537e-08,2.1862563470844002e-07,0.00016890007322119526,1.35961556473563e-08,1.3596155647039973e-08,0.04533018009814834
168,User_168,Unknown,11,0.0027241208519068845,0.2612746683921061,3.1351705266406723e-07,7.453441029602216e-07,0.00016671442975985684,4.7337195241010965e-08,4.7337195240979095e-08,0.045873055258872995
169,User_169,Unknown,38,0.009410599306587419,0.27510560021801334,0.0004022004787300702,2.5749071292822103e-05,0.0004151646984609198,1.650059404339741e-06,1.6500594043396268e-06,0.06150651369428739
170,User_170,Unknown,46,0.011391778107974244,0.26186770428015566,1.2076646755280126e-05,1.8442210668047118e-06,0.0005074088921908395,1.1760045025898387e-07,1.1760045025852123e-07,0.057398580180921754
171,User_171,Unknown,22,0.005448241703813769,0.37049270575282134,0.015492407332440639,6.169412033699879e-06,0.000378355466254029,3.428363918768166e-07,3.4283639187644193e-07,0.1114357243992518
172,User_172,Unknown,41,0.010153541357107478,0.26178282009724474,8.376867955345824e-06,1.1306354099890158e-06,0.0004407711556279399,7.189521431052627e-08,7.189521431110949e-08,0.05540996447955331
173,User_173,Unknown,12,0.0029717682020802376,0.28904795991410165,0.0036310041038157157,5.20232937297206e-07,0.00022095845526127968,3.127645943770824e-08,3.127645943769753e-08,0.06220875245996687
174,User_174,Unknown,4,0.0009905894006934125,0.26115638339154057,4.089626788429578e-08,2.143985756358222e-07,0.00013034902763874113,1.3335706992278987e-08,1.3335706992433304e-08,0.04416670520376311
175,User_175,Unknown,17,0.004210004952947003,0.2613761408505405,3.309676536636223e-06,2.487582225879143e-07,0.0003793293986316261,1.549128474303514e-08,1.5491284742631886e-08,0.0507549780045013
176,User_176,Unknown,14,0.003467062902426944,0.26132539477090344,3.2067729765384276e-07,4.993987532397147e-07,0.00017618515353876556,3.154575971225418e-08,3.154575971245745e-08,0.04648686294178853
177,User_177,Unknown,11,0.0027241208519068845,0.2612746683921061,3.111037521198216e-07,2.242984638524588e-07,0.0002585099773533988,1.3945990161212879e-08,1.3945990161209176e-08,0.0476023331484009
178,User_178,Unknown,13,0.0032194155522535907,0.2613084837895554,1.3712597154786128e-06,6.041528426876911e-07,0.00018869072847033035,3.8278268034572947e-08,3.827826803454968e-08,0.04657812989537673
179,User_179,Unknown,3,0.0007429420505200594,0.2611394942766604,6.134440182644368e-08,2.1294201190852726e-07,0.00012913236759476578,1.3245992092186825e-08,1.3245992092194445e-08,0.04399834500639259
180,User_180,Unknown,20,0.004952947003467063,0.26142690664249646,9.112055842871576e-07,2.641380407986715e-07,0.0002767445611013242,1.6461975548744512e-08,1.6461975548469044e-08,0.04925546426361634
181,User_181,Unknown,10,0.0024764735017335313,0.26125776397515527,1.8403320547933104e-07,2.2364157028893605e-07,0.00023849264701222462,1.3907747996129238e-08,1.3907747996160153e-08,0.04707927171512701
182,User_182,Unknown,3,0.0007429420505200594,0.2611394942766604,4.089626788429578e-08,2.1295915113824532e-07,0.00011527130527604326,1.3247036504403168e-08,1.324703650435179e-08,0.04373686586198565
183,User_183,Unknown,2,0.0004952947003467063,0.26112260734609416,0.0,2.144548122164338e-07,6.368961659823045e-05,1.3345536977707921e-08,1.334553697777696e-08,0.04261842289573231
184,User_184,Unknown,18,0.004457652303120356,0.2613930605903677,1.2725037854772063e-06,4.2008582516178646e-07,0.0002672226937983914,2.6465010751949283e-08,2.646501075185462e-08,0.048785800787664375
185,User_185,Unknown,26,0.0064388311045071814,0.26152849740932643,2.828334869845182e-06,1.5087404162585571e-06,0.0002961999215015276,9.618868037780733e-08,9.618868037764716e-08,0.05050120871950243
186,User_186,Unknown,44,0.010896483407627538,0.26183374400207493,8.069594875170074e-06,1.6891526013995935e-06,0.00046621447393238173,1.0767190586924871e-07,1.0767190586926743e-07,0.056328696831156995
187,User_187,Unknown,16,0.00396235760277365,0.2613592233009709,4.0825673136162185e-07,2.492503554539716e-07,0.00022988568150929335,1.5523047758729082e-08,1.5523047758464666e-08,0.0477896088401271
188,User_188,Unknown,48,0.01188707280832095,0.2619016733687897,1.0395368746413048e-05,1.9999681739498322e-06,0.0005108965045625002,1.2757650650868086e-07,1.2757650650869094e-07,0.05775548419900424
189,User_189,Unknown,7,0.001733531451213472,0.2790408403012922,1.2821395685548784e-05,2.713065606170404e-07,0.00014304317844236685,1.6541068119600944e-08,1.6541068119395204e-08,0.053898586708346984
190,User_190,Unknown,4,0.0009905894006934125,0.26115638339154057,1.8403320547933104e-07,2.1584895599947877e-07,0.00010282026746515356,1.3428304044673112e-08,1.3428304044460867e-08,0.04364745557554011
191,User_191,Unknown,3,0.0007429420505200594,0.2611394942766604,0.0,2.1982754613143587e-07,7.61960844371223e-05,1.3685905981246738e-08,1.3685905981078345e-08,0.042999774988666355
192,User_192,Unknown,5,0.0012382367508667657,0.2611732746911584,3.680664109586621e-07,2.1575775006800953e-07,0.00017301613709081926,1.3419485313895915e-08,1.3419485313871126e-08,0.0451170849096939
193,User_193,Unknown,5,0.0012382367508667657,0.2611732746911584,1.8403320547933104e-07,2.1573220907409644e-07,0.0001574726670170539,1.3417937220821282e-08,1.341793722073312e-08,0.04482382024232271
194,User_194,Unknown,19,0.0047052996532937095,0.2614099825208778,4.3451620726611605e-07,2.576242819618544e-07,0.0002639598416875759,1.6048193232515154e-08,1.6048193232257977e-08,0.04886869753807755
195,User_195,Unknown,9,0.002228826151560178,0.2612408617454875,0.0,2.2135803346558037e-07,0.00021693170124186377,1.3764644596245595e-08,1.376464459621581e-08,0.0465270685784732
196,User_196,Unknown,13,0.0032194155522535907,0.2613084837895554,9.79246528679504e-07,5.601583078615533e-07,0.0001873951321712373,3.545955668452793e-08,3.545955668419108e-08,0.04655337587751201
197,User_197,Unknown,16,0.00396235760277365,0.2613592233009709,5.392921255516175e-07,4.1573947735938935e-07,0.00024333864382939508,2.619394479995619e-08,2.6193944799730933e-08,0.048044170281958565
198,User_198,Unknown,12,0.0029717682020802376,0.2854920814479638,0.0016628780885075156,3.555774100849156e-07,0.0002614245993622164,2.168327613904798e-08,2.1683276138969048e-08,0.06058137566630748
199,User_199,Unknown,47,0.011639425458147598,0.2618846877229392,9.450375984913955e-06,1.5207716212891247e-06,0.0004970049703824462,9.686501814702926e-08,9.686501814708138e-08,0.057345545365453846
200,User_200,Unknown,57,0.014115898959881128,0.2620546433902265,1.383389514169764e-05,2.0875584132522845e-06,0.0005910801200346582,1.3314957429288124e-07,1.3314957429245135e-07,0.060578642756208896
201,User_201,Unknown,4,0.0009905894006934125,0.26115638339154057,0.0,2.1440824921210015e-07,0.00012897541087218095,1.333630107114912e-08,1.3336301071125025e-08,0.044140781373169354
202,User_202,Unknown,4,0.0009905894006934125,0.26757670134517264,7.655514235000146e-06,2.2117625094334107e-07,0.00010292663043672868,1.3756031666858692e-08,1.3756031666680749e-08,0.0469105618944395
203,User_203,Unknown,57,0.014115898959881128,0.2620546433902265,1.6468476377937862e-05,2.214317416201959e-06,0.0006010225402459133,1.4127489297183812e-07,1.4127489297180885e-07,0.06076754773905609
204,User_204,Unknown,22,0.005448241703813769,0.26146076146076147,2.729575812106239e-06,4.4835242031137673e-07,0.0002962826897902639,2.825954215622293e-08,2.8259542156190956e-08,0.04991625311310245
205,User_205,Unknown,2,0.0004952947003467063,0.26112260734609416,0.0,2.1165285159495728e-07,8.219518722798913e-05,1.3166476070814e-08,1.3166476070831446e-08,0.04296749683142321
206,User_206,Unknown,4,0.0009905894006934125,0.26115638339154057,1.6358507153718312e-07,2.2205513870161373e-07,9.395375113592259e-05,1.3825935521958494e-08,1.3825935521859429e-08,0.04348022063780727
207,User_207,Unknown,3,0.0007429420505200594,0.2611394942766604,0.0,5.38418590727924e-07,7.058161753737582e-05,3.4103333712379e-08,3.4103333712275896e-08,0.042895295128461
208,User_208,Unknown,7,0.001733531451213472,0.2612070638463031,1.8607645913792854e-08,4.359288749756325e-07,0.00010922841949088753,2.7511754415903017e-08,2.751175441549863e-08,0.04420550985154954
209,User_209,Unknown,1,0.00024764735017335313,0.26110572259941806,0.0,2.1031233303459666e-07,5.2591423276218314e-05,1.308383051130586e-08,1.3083830511297749e-08,0.042263642920829424
210,User_210,Unknown,1,0.00024764735017335313,0.26110572259941806,0.0,2.1031233303459666e-07,5.2591423276218314e-05,1.308383051130586e-08,1.3083830511343201e-08,0.04226364292082944
211,User_211,Unknown,30,0.007429420505200594,0.26159626846333245,2.256933560691282e-06,1.200015004539347e-06,0.00032880769401620797,7.638922691497749e-08,7.638922691496938e-08,0.051696505204951525
212,User_212,Unknown,18,0.004457652303120356,0.2613930605903677,8.259734640887314e-07,9.742383989944487e-07,0.00021432815128277834,6.19673956856837e-08,6.196739568559528e-08,0.047790360720753135
213,User_213,Unknown,39,0.009658246656760773,0.2751243442120324,0.0004681297730936088,2.6162087362596887e-05,0.00044529886849428447,1.6765408729868006e-06,1.6765408729865014e-06,0.06224276689919562
214,User_214,Unknown,17,0.004210004952947003,0.2613761408505405,1.8705660814077714e-06,2.332640018761148e-07,0.0003403575506892807,1.449769456827062e-08,1.4497694568244434e-08,0.05001932106747508
215,User_215,Unknown,1,0.00024764735017335313,0.26110572259941806,0.0,2.1031233303459666e-07,5.2591423276218314e-05,1.308383051130586e-08,1.3083830511482952e-08,0.04226364292082944
216,User_216,Unknown,2,0.0004952947003467063,0.26112260734609416,0.0,2.1168083905373196e-07,7.316135797264995e-05,1.3168179393418048e-08,1.3168179393415331e-08,0.04279708406214072
217,User_217,Unknown,8,0.001981178801386825,0.27906012439530065,3.177245113002008e-05,4.2446591267883045e-07,0.00015475317259206118,2.6354329789876426e-08,2.6354329789714057e-08,0.05427242883936767
218,User_218,Unknown,9,0.002228826151560178,0.2612408617454875,0.0,2.2135803346558037e-07,0.00021693170124186377,1.3764644596245524e-08,1.376464459622751e-08,0.0465270685784732
219,User_219,Unknown,6,0.0014858841010401188,0.26119016817593793,2.453776073057747e-07,2.1705691016014018e-07,0.0001871288407649585,1.3499617720274682e-08,1.3499617720202355e-08,0.04552868540812336
220,User_220,Unknown,4,0.0009905894006934125,0.26115638339154057,0.0,2.1465678033104076e-07,0.00010976491449644481,1.3351428748214372e-08,1.3351428747944226e-08,0.043778398336829484
221,User_221,Unknown,8,0.001981178801386825,0.2612239617026782,4.898257539778154e-08,7.365710439170791e-07,0.00012002945878746593,4.678159659565797e-08,4.6781596595448696e-08,0.04455603179600894
222,User_222,Unknown,11,0.0027241208519068845,0.2612746683921061,5.93316769541078e-07,4.3667239419083505e-07,0.0001597196367977622,2.754762997394927e-08,2.754762997387227e-08,0.045739803167342094
223,User_223,Unknown,27,0.006686478454680535,0.261545436880627,1.1271584511988172e-06,1.23445572624129e-06,0.0002889286561887119,7.86009090867004e-08,7.860090908600258e-08,0.05050774123866549
224,User_224,Unknown,28,0.006934125804853888,0.2615623785464438,2.9643732800200658e-06,1.5206653082191618e-06,0.00031577258923565563,9.694827628068177e-08,9.694827628039607e-08,0.05116138879703852
225,User_225,Unknown,10,0.0024764735017335313,0.26125776397515527,1.4547386718842358e-07,2.2296451145789512e-07,0.0002356740824566413,1.3863744076407436e-08,1.3863744076622945e-08,0.047026088175162795
226,User_226,Unknown,14,0.003467062902426944,0.26132539477090344,3.0672643513523615e-07,2.2910029518520856e-07,0.0002702688049305354,1.4241096570806905e-08,1.4241096570868918e-08,0.04826042666452417
227,User_227,Unknown,15,0.003714710252600297,0.2613423079412336,1.5809328699272056e-06,2.298761112711906e-07,0.00034158982143158703,1.428971975277662e-08,1.4289719752673074e-08,0.04975161980071994
228,User_228,Unknown,3,0.0007429420505200594,0.2611394942766604,0.0,2.1588092169688921e-07,8.191472452896019e-05,1.3433655911224915e-08,1.3433655910978086e-08,0.043107632923950846
229,User_229,Unknown,6,0.0014858841010401188,0.26119016817593793,2.810465326785439e-07,2.497226678750919e-07,0.00011381076457556984,1.5585063030672523e-08,1.558506303057536e-08,0.044145780399182766
230,User_230,Unknown,9,0.002228826151560178,0.2612408617454875,1.5233859786900177e-06,2.2139596969006048e-07,0.00025568030168036726,1.3767074845433482e-08,1.3767074845110097e-08,0.04725846982425831
231,User_231,Unknown,21,0.005200594353640416,0.2614438329556491,2.8865793589644363e-06,8.288259328870449e-07,0.00026583921687860527,5.263891767293405e-08,5.263891767306761e-08,0.04919829774708772
232,User_232,Unknown,25,0.006191183754333828,0.2615115601321158,1.3245464993391094e-06,1.1942645389386699e-06,0.0002807639719424711,7.603748120245079e-08,7.60374812024918e-08,0.05006273454548673
233,User_233,Unknown,2,0.0004952947003467063,0.26112260734609416,0.0,2.1162712130634827e-07,9.172093610965165e-05,1.3164908226343482e-08,1.3164908226233636e-08,0.043147189113397544
234,User_234,Unknown,2,0.0004952947003467063,0.26112260734609416,0.0,2.2317063723832e-07,6.156088050173824e-05,1.3902595221180638e-08,1.3902595220977951e-08,0.04257830578450881
235,User_235,Unknown,5,0.0012382367508667657,0.2611732746911584,3.9873861187188394e-08,6.908164050023532e-07,9.539300445966986e-05,4.38654585821887e-08,4.38654585820082e-08,0.04365484876555166
236,User_236,Unknown,37,0.009162951956414065,0.26171495236243436,8.01595841612901e-06,1.7262705827233199e-06,0.00041031916579837934,1.1009115178354377e-07,1.1009115178329051e-07,0.054256296958517976
237,User_237,Unknown,7,0.001733531451213472,0.2612070638463031,9.201660273966552e-08,2.3934747731679905e-07,0.00014051490911703464,1.4921324780412912e-08,1.4921324780345606e-08,0.04479483323840261
238,User_238,Unknown,23,0.005695889053987122,0.2614776921582594,1.5156979955809631e-06,6.917657130456066e-07,0.0002629615278805077,4.384217529252991e-08,4.3842175292653016e-08,0.04943384887846145
239,User_239,Unknown,59,0.014611193660227836,0.26208866099824757,1.8449221399712053e-05,2.0845135786940673e-06,0.0006249254018258981,1.329460537882461e-07,1.3294605378766265e-07,0.0615093929842153
240,User_240,Unknown,3,0.0007429420505200594,0.2611394942766604,6.134440182644368e-08,2.144610241933294e-07,8.5221027342802e-05,1.3342602919275034e-08,1.3342602919234575e-08,0.04317001441627639
241,User_241,Unknown,2,0.0004952947003467063,0.26112260734609416,0.0,2.1164366083017275e-07,8.584029528609231e-05,1.3165916612867463e-08,1.3165916612963007e-08,0.04303625759978903
242,User_242,Unknown,24,0.005943536404160475,0.26149462504856885,3.4113860859848286e-06,5.953782015491649e-07,0.00031696122939207466,3.7676172853801853e-08,3.767617285344492e-08,0.05059805418032399
243,User_243,Unknown,8,0.001981178801386825,0.2612239617026782,4.675806628104484e-07,2.2024954261417524e-07,0.00019283583150295113,1.3696060520236011e-08,1.3696060520160076e-08,0.04592724706442523
244,User_244,Unknown,2,0.0004952947003467063,0.26112260734609416,0.0,2.1162712130634827e-07,9.172093610965165e-05,1.3164908226345553e-08,1.3164908226544307e-08,0.04314718911339755
245,User_245,Unknown,5,0.0012382367508667657,0.2611732746911584,1.8403320547933104e-07,2.1585479935571607e-07,0.0001492859868693686,1.3425417993899307e-08,1.3425417993781146e-08,0.04466938838673923
246,User_246,Unknown,14,0.003467062902426944,0.2746565093184601,3.8221640264939955e-05,2.5666580639295228e-05,0.00018008523286646146,1.6448866599532965e-06,1.6448866599533097e-06,0.05345140826681743
247,User_247,Unknown,3,0.0007429420505200594,0.2611394942766604,6.134440182644368e-08,3.612878460231674e-07,8.422336345097661e-05,2.2754401545729215e-08,2.2754401545622522e-08,0.04315185406236849
248,User_248,Unknown,21,0.005200594353640416,0.2614438329556491,2.118816268883605e-06,1.0123818257043236e-06,0.0002488185997176479,6.439654038358607e-08,6.439654038363807e-08,0.048877818950854475
249,User_249,Unknown,24,0.005943536404160475,0.26149462504856885,3.218483170457865e-06,7.449774134612845e-07,0.00032177434292800835,4.7265256655200925e-08,4.7265256655222914e-08,0.05068946260039475
250,User_250,Unknown,5,0.0012382367508667657,0.2611732746911584,2.1706480646280067e-08,4.065834721812274e-07,8.991070265063983e-05,2.564434122382917e-08,2.564434122333729e-08,0.04355014935962844
251,User_251,Unknown,14,0.003467062902426944,0.26132539477090344,3.939186945855204e-07,5.568719448115e-07,0.00021865772909244487,3.524752173437858e-08,3.52475217341502e-08,0.047288340389114045
252,User_252,Unknown,65,0.016097077761267953,0.2621907668333225,1.9885434414856687e-05,2.5939957925083553e-06,0.000669817854966544,1.6557671821508619e-07,1.6557671821567744e-07,0.06323179726537569
253,User_253,Unknown,3,0.0007429420505200594,0.2611394942766604,4.089626788429578e-08,2.130110549045412e-07,0.00010958436029004845,1.3250200256111475e-08,1.325020025598864e-08,0.04362958835316929
254,User_254,Unknown,17,0.004210004952947003,0.2613761408505405,1.336121791007707e-07,2.5034871529730487e-07,0.00024026832100846923,1.558949730963221e-08,1.5589497309316852e-08,0.04813081202901627
255,User_255,Unknown,2,0.0004952947003467063,0.26112260734609416,0.0,2.1164366083017275e-07,8.584029528609231e-05,1.3165916612867463e-08,1.3165916612866816e-08,0.043036257599789025
256,User_256,Unknown,2,0.0004952947003467063,0.26112260734609416,0.0,2.1162712130634827e-07,9.172093610965165e-05,1.316490822634354e-08,1.3164908226223983e-08,0.043147189113397544
257,User_257,Unknown,18,0.004457652303120356,0.2613930605903677,1.6670647168345513e-06,9.586755598516798e-07,0.00022446583496597443,6.097580898069507e-08,6.097580898074743e-08,0.04798177700580719
258,User_258,Unknown,15,0.003714710252600297,0.2613423079412336,9.040758002319433e-07,4.797410888700042e-07,0.00019198419452430546,3.0292862063774865e-08,3.029286206393697e-08,0.046930400541661574
259,User_259,Unknown,8,0.001981178801386825,0.2612239617026782,2.7604980821899654e-07,2.1973746334830285e-07,0.00023737300152657922,1.366488004177245e-08,1.3664880041792131e-08,0.04676733084171235
260,User_260,Unknown,8,0.001981178801386825,0.2612239617026782,8.209925777772379e-07,5.549415735227251e-07,0.00015875277218372559,3.514547846382428e-08,3.5145478464026474e-08,0.04528591703874229
261,User_261,Unknown,38,0.009410599306587419,0.2617319159968888,7.001409919657162e-06,1.1036322482791778e-06,0.0004123223841742483,7.017434651146921e-08,7.017434651134573e-08,0.054436433932013605
262,User_262,Unknown,4,0.0009905894006934125,0.26115638339154057,0.0,2.1465678033104076e-07,0.00010976491449644481,1.3351428748213376e-08,1.335142874810573e-08,0.04377839833682949
263,User_263,Unknown,7,0.001733531451213472,0.2612070638463031,2.044813394214789e-08,2.1878409646215869e-07,0.00017463608200791601,1.3606126192114992e-08,1.3606126192082052e-08,0.04543837677304419
264,User_264,Unknown,5,0.0012382367508667657,0.2611732746911584,0.0,2.1574871103769876e-07,0.000155723211962933,1.3418943292551245e-08,1.3418943292410609e-08,0.04479076412599094
265,User_265,Unknown,27,0.006686478454680535,0.261545436880627,2.4201423687344422e-06,7.415857167058421e-07,0.00030010243262024953,4.701535764999479e-08,4.701535765002249e-08,0.050716692963158276
266,User_266,Unknown,18,0.004457652303120356,0.2613930605903677,1.8266335754532783e-07,2.5387831957621347e-07,0.0002522370411412988,1.5811917264706296e-08,1.581191726466533e-08,0.04850204309205652
267,User_267,Unknown,2,0.0004952947003467063,0.26112260734609416,0.0,2.117588831782126e-07,7.290199927340598e-05,1.3172947434056048e-08,1.3172947433933951e-08,0.042792191895491896
268,User_268,Unknown,11,0.0027241208519068845,0.2612746683921061,3.4861290842166826e-08,2.956953971522641e-07,0.0001449621778096831,1.850947239062779e-08,1.8509472390614205e-08,0.04546062127095413
269,User_269,Unknown,6,0.0014858841010401188,0.2917840884456969,0.0001018518468952855,3.866299736071056e-06,0.00013635950097119323,2.4708323021897446e-07,2.4708323021921867e-07,0.06014656783271249
270,User_270,Unknown,4,0.0009905894006934125,0.26115638339154057,4.089626788429578e-08,2.3827091310420748e-07,9.478365173272161e-05,1.4861646285447846e-08,1.4861646285363988e-08,0.0434959119459032
271,User_271,Unknown,73,0.018078256562654778,0.2623270317676866,2.7494830859865e-05,2.3411405713014694e-06,0.0007457889296014826,1.4933471357896541e-07,1.4933471357909218e-07,0.06582988678329288
272,User_272,Unknown,45,0.01114413075780089,0.2618507230400104,1.899166953524329e-05,1.7680441793359516e-06,0.0005026915251136312,1.1273399379076535e-07,1.1273399379097403e-07,0.05716585113430845
273,User_273,Unknown,9,0.002228826151560178,0.2612408617454875,0.0,2.2135803346558037e-07,0.00021693170124186377,1.376464459624516e-08,1.3764644596286563e-08,0.0465270685784732
274,User_274,Unknown,14,0.003467062902426944,0.26132539477090344,7.208704762316491e-07,6.220636707419901e-07,0.00018391243030319894,3.941819394163127e-08,3.941819394161211e-08,0.04663329954772002
275,User_275,Unknown,10,0.0024764735017335313,0.26125776397515527,1.8403320547933104e-07,2.2364157028893605e-07,0.00023849264701222462,1.3907747996129937e-08,1.390774799604701e-08,0.04707927171512701
276,User_276,Unknown,18,0.004457652303120356,0.2613930605903677,4.638049817097346e-07,8.402602455627398e-07,0.0002129760795089638,5.3378113750950734e-08,5.337811375067695e-08,0.047764145973271534
277,User_277,Unknown,65,0.016097077761267953,0.2621907668333225,3.9269846373356606e-05,2.868922806339134e-06,0.0007191102550992674,1.8320373347136263e-07,1.8320373347103636e-07,0.06416864010129325
278,User_278,Unknown,10,0.0024764735017335313,0.26125776397515527,2.1791868458346184e-07,2.229301004528747e-07,0.00023782844021431936,1.3861647287147204e-08,1.3861647287161812e-08,0.0470667490666443
279,User_279,Unknown,2,0.0004952947003467063,0.26112260734609416,0.0,2.1173432362574754e-07,7.048157833547912e-05,1.317143645462945e-08,1.3171436454478927e-08,0.042746533306322436
280,User_280,Unknown,43,0.010648836057454186,0.261816767165921,1.0287622955860242e-05,1.6684602480353666e-06,0.0004836864849742454,1.0634916935148289e-07,1.0634916935140304e-07,0.056513399527932766
281,User_281,Unknown,16,0.00396235760277365,0.2613592233009709,5.748404199433516e-07,5.703872719208763e-07,0.00024104410648168712,3.6105458303242055e-08,3.61054583030158e-08,0.048001591507515755
282,User_282,Unknown,2,0.0004952947003467063,0.26112260734609416,0.0,2.1162712130634827e-07,9.172093610965165e-05,1.3164908226345454e-08,1.3164908226560523e-08,0.04314718911339755
283,User_283,Unknown,5,0.0012382367508667657,0.2611732746911584,1.3399541889148678e-07,2.3644599551643322e-07,0.00010627204653971693,1.4741737875597174e-08,1.474173787552869e-08,0.04385805687242204
284,User_284,Unknown,16,0.00396235760277365,0.2613592233009709,6.987344582641576e-07,5.657604108605427e-07,0.00024277707976167883,3.5809467347278664e-08,3.58094673468695e-08,0.04803429815383319
285,User_285,Unknown,47,0.011639425458147598,0.27527438816551913,0.0004989860040731102,2.6149286936079148e-05,0.000510882040171271,1.675666855083685e-06,1.6756668550836793e-06,0.06465988295294366
286,User_286,Unknown,2,0.0004952947003467063,0.26112260734609416,0.0,2.1177409877636159e-07,8.314465270209088e-05,1.3174280113968393e-08,1.3174280113946786e-08,0.0429854079612891
287,User_287,Unknown,1,0.00024764735017335313,0.26110572259941806,0.0,2.1031233303459666e-07,5.2591423276218314e-05,1.308383051130586e-08,1.308383051120141e-08,0.042263642920829424
288,User_288,Unknown,4,0.0009905894006934125,0.26115638339154057,3.83402511415273e-09,3.9757083217021723e-07,8.052346987960624e-05,2.507102583256612e-08,2.507102583262592e-08,0.04322761421915512
289,User_289,Unknown,4,0.0009905894006934125,0.26115638339154057,1.7526971950412477e-08,2.1463936312060157e-07,0.00010767448184671684,1.3350370399147952e-08,1.3350370399090579e-08,0.04373896984311687
290,User_290,Unknown,14,0.003467062902426944,0.26132539477090344,1.4907419318717998e-07,8.14785573247029e-07,0.0001737107167067809,5.176286670800462e-08,5.1762866708227165e-08,0.04644155099801591
291,User_291,Unknown,36,0.008915304606240713,0.26169799092676604,9.229964800365197e-06,1.5780468372013128e-06,0.0004084713051094272,1.0059579992568322e-07,1.0059579992557784e-07,0.05407568895323879
292,User_292,Unknown,1,0.00024764735017335313,0.26110572259941806,0.0,2.1031233303459666e-07,5.2591423276218314e-05,1.308383051130586e-08,1.3083830511179983e-08,0.042263642920829424
293,User_293,Unknown,3,0.0007429420505200594,0.2611394942766604,0.0,2.130829117045202e-07,0.00010075548047141475,1.3254576693872318e-08,1.3254576693761962e-08,0.0434630297535299
294,User_294,Unknown,3,0.0007429420505200594,0.2611394942766604,3.067220091322184e-08,2.2950704718907147e-07,7.90610085730714e-05,1.4305201180726036e-08,1.4305201180749912e-08,0.04305387105376627
295,User_295,Unknown,10,0.0024764735017335313,0.26125776397515527,4.1118719597055974e-07,4.382012125777609e-07,0.0001406410799775113,2.7650704951782463e-08,2.7650704951661493e-08,0.04523444413056038
296,User_296,Unknown,7,0.001733531451213472,0.2612070638463031,2.044813394214789e-08,2.1878409646215869e-07,0.00017463608200791601,1.3606126192115417e-08,1.3606126192013048e-08,0.04543837677304419
297,User_297,Unknown,25,0.006191183754333828,0.2615115601321158,9.340158851641771e-07,1.389417223986168e-06,0.0002753673376623998,8.853636477199826e-08,8.853636477166989e-08,0.04996169307175674
298,User_298,Unknown,11,0.0027241208519068845,0.2612746683921061,3.593914450438114e-08,4.5143188481435364e-07,0.00014487530515684444,2.8490846328172226e-08,2.8490846327756144e-08,0.04545968221939568
299,User_299,Unknown,20,0.004952947003467063,0.26142690664249646,1.53427173311225e-06,2.573352695348782e-07,0.000280117245998315,1.6026438376168822e-08,1.6026438375880265e-08,0.04931924082760614
300,User_300,Unknown,7,0.001733531451213472,0.2612070638463031,1.0340913450743362e-07,2.254053993430907e-07,0.00012385035572036357,1.4028290484363517e-08,1.4028290484408064e-08,0.04448041623620724
301,User_301,Unknown,3,0.0007429420505200594,0.2611394942766604,6.134440182644368e-08,3.657358061157561e-07,9.758455452199637e-05,2.3038980592127298e-08,2.30389805919516e-08,0.043403917652456325
302,User_302,Unknown,20,0.004952947003467063,0.26142690664249646,6.997200950900403e-07,4.179630412566643e-07,0.0002731257396115444,2.6320690473432593e-08,2.6320690472804945e-08,0.04918782723774854
303,User_303,Unknown,21,0.005200594353640416,0.2614438329556491,1.5247734425165751e-06,1.4552323604270868e-06,0.00025127936770103176,9.278918033636539e-08,9.278918033555316e-08,0.04892605113327068
304,User_304,Unknown,55,0.013620604259534423,0.2754245958665848,0.0005888931717860166,2.635391336005351e-05,0.0005761262087429728,1.6887534859377059e-06,1.6887534859374475e-06,0.06708922055987622
305,User_305,Unknown,2,0.0004952947003467063,0.26112260734609416,0.0,2.1183892300236588e-07,6.940001972682072e-05,1.3177808364054179e-08,1.3177808363552567e-08,0.04272613139032595
306,User_306,Unknown,9,0.002228826151560178,0.2612408617454875,0.0,2.2135803346558037e-07,0.00021693170124186377,1.3764644596245975e-08,1.3764644596154145e-08,0.046527068578473184
307,User_307,Unknown,4,0.0009905894006934125,0.26115638339154057,1.2268880365288735e-07,2.2402437267092587e-07,0.0001153270298127361,1.3951310372342548e-08,1.3951310371908078e-08,0.04388339982147166
308,User_308,Unknown,24,0.005943536404160475,0.2748434522188946,0.00017783846963577123,2.5628166373303165e-05,0.0002763233517743509,1.64237653455675e-06,1.6423765345567147e-06,0.05677141654180729
309,User_309,Unknown,10,0.0024764735017335313,0.26125776397515527,0.0,2.330970230012664e-07,0.00017163123516383193,1.4511745313311622e-08,1.4511745312399334e-08,0.045817995055250624
310,User_310,Unknown,13,0.0032194155522535907,0.2613084837895554,1.208436029947745e-06,2.2712835369616487e-07,0.00027489005162653965,1.4120005806162952e-08,1.4120005806123448e-08,0.048202440584042903
311,User_311,Unknown,7,0.001733531451213472,0.2612070638463031,2.4748256227040756e-07,2.545473196613505e-07,0.00011389444868967978,1.589345214218397e-08,1.589345214209542e-08,0.04429278298192094
312,User_312,Unknown,26,0.0064388311045071814,0.26152849740932643,6.447982662426986e-06,2.456255185318896e-07,0.0005120800953935762,1.5259554442915724e-08,1.5259554442982775e-08,0.05456894702433428
313,User_313,Unknown,37,0.009162951956414065,0.26171495236243436,7.857715802639878e-06,1.5599135373909556e-06,0.00040923994446675024,9.942206663067486e-08,9.942206663070914e-08,0.054235144228662345
314,User_314,Unknown,13,0.0032194155522535907,0.2613084837895554,1.0265340324085558e-06,3.084634467520455e-07,0.0001724333430201253,1.9322170149177137e-08,1.9322170148819464e-08,0.04627002225218978
315,User_315,Unknown,56,0.013868251609707775,0.27544338335607094,0.0006570659523591639,2.678122299149308e-05,0.0006036352914088951,1.7161439936478326e-06,1.7161439936478531e-06,0.0677767074060415
316,User_316,Unknown,2,0.0004952947003467063,0.26112260734609416,0.0,2.1761346669110567e-07,6.581490012111381e-05,1.354821509576173e-08,1.3548215095698905e-08,0.042658528142549265
317,User_317,Unknown,7,0.001733531451213472,0.2612070638463031,3.958174498801485e-07,3.910914135993622e-07,0.00011894544687680498,2.4647592655056813e-08,2.464759265515071e-08,0.04438872172923264
318,User_318,Unknown,11,0.0027241208519068845,0.2612746683921061,2.63383594554278e-07,4.4898313799102054e-07,0.00014689588991789368,2.833276906036149e-08,2.833276906009882e-08,0.04549785481657532
319,User_319,Unknown,8,0.001981178801386825,0.2612239617026782,3.312597698627958e-07,2.198438094304251e-07,0.00022888063692828091,1.3671359175119281e-08,1.3671359175277073e-08,0.046607148940149015
320,User_320,Unknown,21,0.005200594353640416,0.2614438329556491,4.218458884271146e-06,2.717205927142878e-07,0.00030790524961180586,1.6945476015356506e-08,1.694547601517308e-08,0.04998972018884883
321,User_321,Unknown,3,0.0007429420505200594,0.2611394942766604,0.0,2.1325904216179572e-07,9.264483661467496e-05,1.3265610343118673e-08,1.3265610342994929e-08,0.043310032482006
322,User_322,Unknown,72,0.017830609212481426,0.27574433214968586,0.0009635115740098247,2.6898065653012543e-05,0.0007867992190291398,1.7235691082634938e-06,1.7235691082634112e-06,0.07366565208644175
323,User_323,Unknown,39,0.009658246656760773,0.26174888183055683,7.802412276258454e-06,1.922579727575786e-06,0.0004294328223425148,1.2265632708649406e-07,1.226563270862384e-07,0.05490856639298046
324,User_324,Unknown,26,0.0064388311045071814,0.2748808713410483,0.0003570744435014176,2.5017724614579756e-05,0.00032966175182066874,1.6032312462442204e-06,1.6032312462441573e-06,0.058120794881138936
325,User_325,Unknown,39,0.009658246656760773,0.26174888183055683,4.156868184942259e-06,1.3259034564843772e-06,0.00041120087237201563,8.440528106145766e-08,8.440528106153988e-08,0.05456087764223417
326,User_326,Unknown,19,0.0047052996532937095,0.2614099825208778,1.0625284144635785e-06,2.3618050782163647e-07,0.0003573420959917145,1.4677309978880642e-08,1.4677309978794084e-08,0.05063033788361412
327,User_327,Unknown,4,0.0009905894006934125,0.26115638339154057,0.0,2.1439298874895417e-07,0.0001275343277989076,1.3335369474978096e-08,1.3335369474894652e-08,0.04411359691740031
328,User_328,Unknown,9,0.002228826151560178,0.2612408617454875,0.0,2.2135803346558037e-07,0.00021693170124186377,1.3764644596245148e-08,1.3764644596288102e-08,0.0465270685784732
329,User_329,Unknown,30,0.007429420505200594,0.26159626846333245,1.359514681011352e-05,1.0125492149317772e-06,0.0003988721550833795,6.437678441973399e-08,6.43767844193587e-08,0.05302072046823859
330,User_330,Unknown,16,0.00396235760277365,0.2613592233009709,2.828636398648703e-07,2.521439116361841e-07,0.0002273449678342629,1.570775302518348e-08,1.5707753024981524e-08,0.047741656853311346
331,User_331,Unknown,20,0.004952947003467063,0.26142690664249646,2.0196858362048454e-06,6.705442364436374e-07,0.0002408747578231589,4.2492365204887815e-08,4.2492365204731676e-08,0.04858097517021648
332,User_332,Unknown,43,0.010648836057454186,0.261816767165921,1.1942664858347235e-05,1.948162492221933e-06,0.000475988110756862,1.2427820402933812e-07,1.2427820402943595e-07,0.05636992671975877
333,User_333,Unknown,8,0.001981178801386825,0.2612239617026782,8.943624298029925e-08,2.2025594436021256e-07,0.00017122346243625506,1.3696436526853318e-08,1.3696436527726043e-08,0.045519441964611655
334,User_334,Unknown,28,0.006934125804853888,0.2615623785464438,3.968928448654337e-06,1.5205441246894845e-06,0.00031783678431852375,9.694146009864867e-08,9.694146009858931e-08,0.05120062563678534
335,User_335,Unknown,1,0.00024764735017335313,0.26110572259941806,0.0,2.1031233303459666e-07,5.2591423276218314e-05,1.308383051130586e-08,1.308383051141062e-08,0.04226364292082944
336,User_336,Unknown,3,0.0007429420505200594,0.2611394942766604,0.0,2.2802840914529702e-07,7.450715465063965e-05,1.420989438887451e-08,1.4209894388652793e-08,0.04296795200648547
337,User_337,Unknown,9,0.002228826151560178,0.2612408617454875,1.5949544474875358e-07,2.2153976755663311e-07,0.00020454700787763107,1.3775640650871537e-08,1.3775640650753958e-08,0.04629349365955144
338,User_338,Unknown,7,0.001733531451213472,0.2612070638463031,1.0941089187433616e-07,4.2146742959382925e-07,0.00011254118253680223,2.6590513673612427e-08,2.6590513673473795e-08,0.04426796366438185
339,User_339,Unknown,27,0.006686478454680535,0.2748995847232623,0.0003276135734341351,2.543516839130832e-05,0.00035337088392488884,1.6300035393205288e-06,1.6300035393205652e-06,0.05870749242392501
340,User_340,Unknown,6,0.0014858841010401188,0.26119016817593793,6.665560544778079e-08,9.98551123768018e-07,0.0001062415404454761,6.35889662938733e-08,6.358896629379356e-08,0.04400629520261489
341,User_341,Unknown,12,0.0029717682020802376,0.2612915749967646,1.4472855318357106e-07,7.843754004334942e-07,0.00015470602371500742,4.982556693659963e-08,4.9825566936011865e-08,0.04579207273074816
342,User_342,Unknown,34,0.008420009905894007,0.26166407465007774,3.5719501920485037e-06,1.4192970693891684e-06,0.00036516341178426446,9.041676273298971e-08,9.041676273294614e-08,0.05296545160014947
343,User_343,Unknown,18,0.004457652303120356,0.2613930605903677,1.21399066373506e-06,2.3468318666169817e-07,0.0003464568491457384,1.4585122549169737e-08,1.4585122549108307e-08,0.050279612935009356
344,User_344,Unknown,9,0.002228826151560178,0.2612408617454875,4.19677571524257e-07,5.81011321418995e-07,0.0001323554191993793,3.6808561395088034e-08,3.680856139511106e-08,0.044933373015085064
345,User_345,Unknown,16,0.00396235760277365,0.2613592233009709,8.911469922724906e-07,1.4150885710277301e-06,0.00019837755767087979,9.02364453099805e-08,9.023644530960316e-08,0.04720062279205874
346,User_346,Unknown,27,0.006686478454680535,0.261545436880627,5.5363499688486125e-06,2.845340266292697e-07,0.00036337698446235137,1.7743048381466288e-08,1.7743048381214173e-08,0.05190917013902666
347,User_347,Unknown,7,0.001733531451213472,0.2612070638463031,7.38492221987572e-08,7.019517232535303e-07,0.0001242763938543728,4.457391840841454e-08,4.457391840805047e-08,0.04449058439098325
348,User_348,Unknown,229,0.05671124318969787,0.36991572004397216,0.03799809748091909,1.4587799943345804e-05,0.002348096972780577,8.539184949577974e-07,8.53918494958495e-07,0.18335228274187837
349,User_414,Unknown,159,0.03937592867756315,0.3695433330282786,0.04763337297172344,1.2134149798971187e-05,0.001800299047070226,7.08213857980317e-07,7.082138579785575e-07,0.16610520778812332
350,User_428,Unknown,115,0.02847944526993561,0.3948371956585509,0.06430906239323868,0.0005990064686115546,0.0007800171933479687,3.831156083894459e-05,3.831156083894491e-05,0.1612694381248412
351,User_1684,Unknown,792,0.1961367013372957,0.39360561458231796,0.33779744973019926,7.1642597901192735e-06,0.006367162138306824,3.92687686082847e-07,3.926876860815268e-07,0.4373279951464795
352,User_1912,Unknown,755,0.18697374938088163,0.35094733182687293,0.2292953395868782,0.09540696149067629,0.003876971600884498,0.006117289690426151,0.006117289690426153,0.7599226337777922
353,User_2814,Unknown,2,0.0004952947003467063,0.3057701044979555,0.0,3.6798464608803157e-06,5.92614826904745e-05,2.3501822728864646e-07,2.3501822728805046e-07,0.06521282136646776
354,User_2838,Unknown,4,0.0009905894006934125,0.30607140150079587,0.0,3.742417046910722e-06,9.412616300685339e-05,2.385990694667674e-07,2.3859906946652557e-07,0.06629737119874281
355,User_2885,Unknown,4,0.0009905894006934125,0.30607140150079587,0.0,3.744108696948415e-06,9.14844086337335e-05,2.3870036865830675e-07,2.387003686586273e-07,0.06624754477824095
356,User_3003,Unknown,4,0.0009905894006934125,0.30607140150079587,0.0,3.742417046910722e-06,9.412616300685339e-05,2.3859906946676575e-07,2.3859906946678735e-07,0.06629737119874282
357,User_3173,Unknown,18,0.004457652303120356,0.3061410159211524,0.0007799929889935928,3.6893011619284776e-06,0.00016361053860261036,2.3550909315435703e-07,2.355090931544536e-07,0.06979082539518203
358,User_3290,Unknown,5,0.0012382367508667657,0.3063732928679818,3.0891288062601997e-07,4.012969520084341e-06,0.0001021893478509302,2.550474185518311e-07,2.550474185524453e-07,0.06674081096794521
359,User_353,Unknown,102,0.02526002971768202,0.36309684380901,0.002140594299832667,9.958201821779727e-06,0.0006135843200040693,5.102703399126875e-07,5.102703399132305e-07,0.11910995326826727
360,User_363,Unknown,96,0.0237741456166419,0.3270430063983154,0.00145263186820424,5.82974376677545e-06,0.0005997187647803384,2.6730555493242593e-07,2.673055549322476e-07,0.09950494033506672
361,User_366,Unknown,97,0.024021792966815253,0.34098969768620163,0.0011759820154842828,9.61236475888858e-06,0.0005863987491589503,5.050243642299025e-07,5.050243642302163e-07,0.10640415661010559
362,User_376,Unknown,133,0.03293709757305597,0.36655773420479304,0.006195646424799319,1.4065800628303973e-05,0.0009014073664792465,8.090008701113488e-07,8.090008701107004e-07,0.13176369127396864
363,User_389,Unknown,48,0.01188707280832095,0.3215480172001911,0.0018163920273507278,3.1383135129807773e-06,0.00039827343975295767,1.3456276054642033e-07,1.3456276054648974e-07,0.08644550214344214
364,User_420,Unknown,34,0.008420009905894007,0.3610192221725525,0.0006988475440275715,7.129951495120236e-06,0.00023766626442727468,3.927769621773363e-07,3.927769621771621e-07,0.10122089610633951
365,User_475,Unknown,122,0.03021297672114908,0.3661920740001814,0.004998494829229422,1.3791432026493026e-05,0.0007853586142469625,7.860513489613887e-07,7.860513489608384e-07,0.1275263668581772
366,User_483,Unknown,231,0.057206537890044575,0.3698479575013739,0.010308265926953497,1.3857003001596635e-05,0.0012974283300616095,6.577644108765389e-07,6.577644108768361e-07,0.15552950203282107
367,User_484,Unknown,107,0.026498266468548786,0.3631621548700423,0.002898484557823389,1.367914316129949e-05,0.0006189037515495884,5.885517936853472e-07,5.885517936855718e-07,0.12016217802790363
368,User_517,Unknown,104,0.025755324418028726,0.34122021294574956,0.0016732882821071779,9.955954564513143e-06,0.0006354935542122408,5.365207883062824e-07,5.365207883065022e-07,0.10855496835934642
369,User_526,Unknown,98,0.024269440316988605,0.3408457837427197,0.0017951948450460643,2.3395670137431782e-05,0.0004640796734963514,6.909240891176086e-07,6.90924089116773e-07,0.10437394634866447
370,User_538,Unknown,87,0.021545319465081723,0.3231951336641588,0.001284521477292253,5.2310674239919474e-06,0.0005315028252191574,2.3424841681769275e-07,2.3424841681795377e-07,0.09498105655477
371,User_563,Unknown,91,0.022535908865775136,0.3939127889961955,0.06278022847240787,0.000601194972395099,0.0007402839803830181,3.8467485519207035e-05,3.846748551920695e-05,0.1563226694482673
372,User_566,Unknown,85,0.021050024764735015,0.36496746203904556,0.0017873986581210663,1.00538098233555e-05,0.0005232641470441746,5.286100759086134e-07,5.28610075908378e-07,0.11592544089221479
373,User_580,Unknown,84,0.020802377414561663,0.34503973340169186,0.001441120586959375,5.336198022086445e-06,0.0005182120759522529,2.348088079089774e-07,2.3480880790885583e-07,0.10545455818943593
374,User_596,Unknown,46,0.011391778107974244,0.32278177458033575,0.0019158284814109413,3.545464595954721e-06,0.00036497984136199215,1.1569290797364147e-07,1.1569290797383298e-07,0.08619931066860317
375,User_601,Unknown,25,0.006191183754333828,0.33861635220125785,0.0004270341385526258,6.3480000827348995e-06,0.0001930392264761587,3.457949558903007e-07,3.457949558900596e-07,0.08769200126612195
376,User_606,Unknown,91,0.022535908865775136,0.3408745568124261,0.000997180839874777,1.0733412650492403e-05,0.0005412645640458651,5.005048783072646e-07,5.005048783074667e-07,0.10462160009398917
377,User_629,Unknown,11,0.0027241208519068845,0.32032365540218943,6.570629061140156e-05,2.1128434933670427e-06,0.0001056078337379245,8.025338493315543e-08,8.025338493300778e-08,0.07471573932551068
378,User_637,Unknown,115,0.02847944526993561,0.32564516129032256,0.001518045136600804,7.518683163377617e-06,0.0006673468005384597,2.660853760698507e-07,2.660853760699843e-07,0.1026929510145465
379,User_641,Unknown,66,0.016344725111441305,0.33992760333361394,0.0005346649945481804,8.610437040273436e-06,0.00039729323004146364,4.2396274417196033e-07,4.239627441720238e-07,0.09785991836083031
380,User_649,Unknown,5,0.0012382367508667657,0.32032365540218943,5.528524830708063e-05,1.8910461166572675e-06,8.487490306041622e-05,7.181197222143013e-08,7.181197222140605e-08,0.07349979363169398
381,User_651,Unknown,73,0.018078256562654778,0.36228243315987796,0.0015916624335769354,8.685057845836801e-06,0.0004568833736083705,4.5501154466845266e-07,4.550115446685067e-07,0.1116046484770878
382,User_896,Unknown,126,0.031203566121842496,0.3199429522224863,8.893556090702662e-05,4.764749643744822e-06,0.0005810468584650819,1.5510537282943937e-07,1.551053728303022e-07,0.09924166783303867
383,User_897,Unknown,66,0.016344725111441305,0.3165569143932267,1.6914689255962846e-05,2.5834771464542558e-05,0.00024577777689245534,6.281417130497437e-07,6.281417130501035e-07,0.0830205481434568
384,User_898,Unknown,38,0.009410599306587419,0.3158635794743429,1.1198200608472561e-06,2.6410039634348577e-06,0.00020644834554743395,9.156851397038793e-08,9.156851397028959e-08,0.0780308133518904
385,User_899,Unknown,3,0.0007429420505200594,0.31500117013807627,0.0,1.8159135627885217e-06,6.820782979719053e-05,6.712221467018052e-08,6.712221467018773e-08,0.07019333561363453
386,User_900,Unknown,13,0.0032194155522535907,0.3152470918885159,1.7305642863725889e-06,2.3484245095630115e-06,0.0001266414416479644,9.328379095387241e-08,9.32837909537506e-08,0.07279134240185733
387,User_901,Unknown,34,0.008420009905894007,0.3157647794807632,7.50988893007856e-07,2.2969994193425913e-06,0.00027387912844332497,8.270846334837344e-08,8.270846334888784e-08,0.078704284895998
388,User_902,Unknown,46,0.011391778107974244,0.3160613650594865,6.481959832191564e-07,2.9128477490092735e-06,0.00022403198704808378,9.89188028967337e-08,9.891880289694238e-08,0.07955820253089432
389,User_903,Unknown,34,0.008420009905894007,0.3157647794807632,1.1316544904212451e-06,2.3192788249448646e-06,0.00027195283997170715,8.324667346006585e-08,8.324667346067014e-08,0.0786681193286592
390,User_904,Unknown,3,0.0007429420505200594,0.31527170518425984,4.641726404867571e-07,1.8264704742446748e-06,8.622663095418363e-05,6.857144331321041e-08,6.85714433129977e-08,0.07067078070820831
391,User_905,Unknown,17,0.004210004952947003,0.3172283761489512,3.2080064125021732e-06,2.554064694826271e-06,0.00013518628126668177,9.694075788287757e-08,9.694075788324263e-08,0.07450646403137355
392,User_906,Unknown,78,0.019316493313521546,0.3173779768922424,1.0622038567008325e-05,3.4423253838123446e-05,0.0002459622754643304,5.824278084662283e-07,5.824278084662759e-07,0.08509167742460247
393,User_907,Unknown,13,0.0032194155522535907,0.3152470918885159,1.637802209334433e-06,5.024619019734015e-06,8.602544938699806e-05,1.1667695588698732e-07,1.1667695588695824e-07,0.07203024021864313
394,User_908,Unknown,32,0.0079247152055473,0.3331683168316832,0.00038545360855550786,4.1089815195134655e-05,0.000290861223074446,2.564094980895674e-06,2.564094980895533e-06,0.08787308320459448
395,User_909,Unknown,12,0.0029717682020802376,0.3152224824355972,1.0643253716887978e-06,2.1245890605739704e-06,0.00017634436109450411,8.289176798019812e-08,8.289176798020901e-08,0.0735785849912642
396,User_910,Unknown,5,0.0012382367508667657,0.3150503237887181,0.0,1.85440471172483e-06,9.826866799463643e-05,6.932893176203371e-08,6.932893176201932e-08,0.07105918208975232
397,User_911,Unknown,1,0.00024764735017335313,0.31495203182279075,0.0,1.774621069210282e-06,4.2799006860415876e-05,6.605066102067359e-08,6.605066102065437e-08,0.06941530071070742
398,User_912,Unknown,9,0.002228826151560178,0.3151486771247951,8.353062715367414e-07,1.988179078132672e-06,0.00012728318142987344,7.412375824467377e-08,7.412375824466878e-08,0.0722044484257357
399,User_913,Unknown,44,0.010896483407627538,0.31710381655410713,2.5739605590577548e-05,7.450378267804823e-06,0.00025744859443715767,1.804147907055456e-07,1.8041479070558628e-07,0.08046208874248152
400,User_914,Unknown,16,0.00396235760277365,0.31532094330782445,1.1345183682573763e-06,2.3715545862561454e-06,0.00012464897079713747,8.619668324784129e-08,8.619668324777988e-08,0.0732012780143041
401,User_915,Unknown,35,0.00866765725606736,0.3344653358734366,9.8256800792134e-05,6.823359907445503e-06,0.0002285715837957689,3.501077540774084e-07,3.501077540771518e-07,0.08752681792510152
402,User_916,Unknown,147,0.03640416047548291,0.33669640623697156,0.0007164342020876627,9.463148801692655e-05,0.00042155073063063117,2.9428034537862026e-06,2.942803453785107e-06,0.10806163387548082
403,User_917,Unknown,130,0.032194155522535906,0.3202982470056318,0.0003063325697344238,5.4003377272551966e-06,0.0007331559412352087,1.6966291023569125e-07,1.69662910236132e-07,0.10290498321499746
404,User_918,Unknown,1,0.00024764735017335313,0.31495203182279075,0.0,1.774621069210282e-06,4.2799006860415876e-05,6.605066102067359e-08,6.605066102060715e-08,0.06941530071070742
405,User_919,Unknown,29,0.007181773155027241,0.317353033637221,1.7804069325676026e-06,2.536861195006081e-06,0.00016807883770807925,8.968551776046054e-08,8.968551776032652e-08,0.07683146592934988
406,User_920,Unknown,13,0.0032194155522535907,0.3152470918885159,1.4777556622356655e-06,5.982126803803033e-06,9.986860943992954e-05,1.8221002010680276e-07,1.8221002010666493e-07,0.07229582257941532
407,User_921,Unknown,106,0.02625061911837543,0.33554927704836296,0.0003818437306055031,7.832496715609027e-05,0.00032302842466066525,2.72258736876682e-06,2.7225873687666435e-06,0.0998763924910542
408,User_922,Unknown,30,0.007429420505200594,0.3156660412757974,3.5680844371053416e-06,1.1707053362949698e-05,0.0001482671910562108,3.1948146166714274e-07,3.194814616674918e-07,0.07576328184974186
409,User_923,Unknown,8,0.001981178801386825,0.3158635794743429,8.058127901984038e-07,2.2038045872373e-06,0.00010266838281510661,8.441640348021186e-08,8.441640348008877e-08,0.07196695030866143
410,User_924,Unknown,45,0.01114413075780089,0.3160366283165062,1.3318865924888145e-05,2.7967579807060783e-06,0.0003181123854132637,1.0242438297511775e-07,1.0242438297491839e-07,0.08118728653407438
411,User_925,Unknown,167,0.041357107478949974,0.3372588323728389,0.0007564082942056397,0.00010042920298205094,0.0004844567692360999,3.0638583909957965e-06,3.063858390995456e-06,0.1122967097763126
412,User_926,Unknown,21,0.005200594353640416,0.3154441059292243,1.196076822499137e-06,9.834467081545006e-06,0.00010220965749540797,2.2044334192056788e-07,2.204433419201087e-07,0.0735421461175977
413,User_927,Unknown,75,0.018573551263001486,0.31725329981143935,2.312162448434858e-05,3.486523090179819e-05,0.00024814196901230855,6.927743491259262e-07,6.927743491254511e-07,0.08466853338933585
414,User_928,Unknown,9,0.002228826151560178,0.3151486771247951,2.726417858953052e-08,1.8992291796479396e-06,0.00011502800763257397,7.034526142344592e-08,7.034526142334885e-08,0.07197271864570408
415,User_929,Unknown,5,0.0012382367508667657,0.3156660412757974,3.731753802882637e-07,1.8508296728384042e-06,8.709991805138604e-05,6.877399194837849e-08,6.877399194844734e-08,0.07116110482125125
416,User_930,Unknown,52,0.012877662209014363,0.33644392601233125,0.00013441907588729836,7.204677603569674e-06,0.0003272087414333296,3.721058633274373e-07,3.721058633270569e-07,0.09273036483533294
417,User_931,Unknown,15,0.003714710252600297,0.315937720053204,1.7529114326641424e-06,2.0738472788948824e-06,0.00013754558088603959,7.564345601724207e-08,7.564345601759405e-08,0.07362003315399719
418,User_932,Unknown,63,0.015601783060921248,0.3164824829532095,8.162673416999682e-06,2.634901389789609e-05,0.00021686292273123974,5.180147400242824e-07,5.180147400245126e-07,0.08201983753463353
419,User_933,Unknown,25,0.006191183754333828,0.31725329981143935,3.889465904708984e-06,2.39501178992555e-06,0.00015785707512660176,8.565654834013577e-08,8.565654833999388e-08,0.07604090173324343
420,User_934,Unknown,82,0.020307082714214955,0.31695447409733124,8.218840871434622e-06,4.483806310377209e-05,0.0002484345093697359,7.697778033917543e-07,7.697778033915996e-07,0.08549432559223516
421,User_935,Unknown,7,0.001733531451213472,0.3150994927818962,3.7332450254378576e-07,2.058764236882655e-06,7.495459690145535e-05,7.224700961081754e-08,7.224700961059334e-08,0.0709185721104417
422,User_936,Unknown,37,0.009162951956414065,0.31870560378847673,3.541531844666875e-06,3.4344804600558806e-06,0.00023776214030498207,1.3714009796133626e-07,1.3714009796169964e-07,0.07993128074306614
423,User_937,Unknown,7,0.001733531451213472,0.3150994927818962,8.588216255702114e-08,1.8668826683178583e-06,9.628196372716758e-05,6.900880427396604e-08,6.900880427398747e-08,0.07132036456067484
424,User_938,Unknown,29,0.007181773155027241,0.31564136637223483,6.511547302442468e-07,2.2414481487056216e-06,0.0002361051676436247,8.073523500063181e-08,8.07352350011114e-08,0.07724469283637433
425,User_939,Unknown,17,0.004210004952947003,0.3153455681374463,1.8180883254730255e-06,2.135103477723625e-06,0.00016823361775247073,7.806563291300262e-08,7.806563291313206e-08,0.07417225763199327
426,User_940,Unknown,17,0.004210004952947003,0.3153455681374463,1.2459446691684083e-06,2.1602646852389933e-06,0.00014094245875006202,8.042026458856465e-08,8.042026458779361e-08,0.07365741858133798
427,User_941,Unknown,54,0.01337295690936107,0.31625939849624063,1.4151712641934202e-05,3.0213980724909934e-06,0.0002853577613802591,1.0234571369277608e-07,1.0234571369303149e-07,0.08191459001903847
428,User_942,Unknown,65,0.016097077761267953,0.3182534678436318,9.760938196745041e-06,3.3199750737183276e-06,0.0003265502422901718,1.1271326002074862e-07,1.127132600207745e-07,0.08520862407868643
429,User_943,Unknown,12,0.0029717682020802376,0.3152224824355972,9.539527007278351e-07,1.9960368450710184e-06,0.00012056395880675284,7.377863562440991e-08,7.377863562461935e-08,0.07252570035043782
430,User_944,Unknown,37,0.009162951956414065,0.31583887368009383,4.367457165796801e-06,2.6063301495132155e-06,0.00026483457411335465,9.383533920812888e-08,9.383533920818763e-08,0.07898384584074616
431,User_945,Unknown,4,0.0009905894006934125,0.31502574504602904,0.0,1.8297204473370596e-06,5.7820340635686784e-05,6.773952487757057e-08,6.773952487748985e-08,0.070146747169423
432,User_946,Unknown,166,0.04110946012877662,0.31953786499960435,8.511510425286508e-05,7.591569986280896e-05,0.00048084628682902646,1.3569164025325854e-06,1.3569164025320683e-06,0.10278086945895921
433,User_947,Unknown,115,0.02847944526993561,0.31777760289604157,1.8965795714310416e-05,5.692930292528651e-05,0.00034684924961995186,9.713060895441404e-07,9.713060895439337e-07,0.09231492682515954
434,User_948,Unknown,38,0.009410599306587419,0.31797779352704936,5.429056360642779e-06,3.1085293930244184e-06,0.0002459328892462344,1.1547698249392551e-07,1.1547698249366786e-07,0.0798518848738631
435,User_949,Unknown,23,0.005695889053987122,0.315962441314554,1.977913194561162e-06,2.285212391346917e-06,0.00018054254687440148,8.46068478006261e-08,8.460684780073638e-08,0.07553916281094482
436,User_950,Unknown,10,0.0024764735017335313,0.31517327505463627,4.966015039732895e-07,2.271599750628609e-06,0.00011590279992571787,9.1703752426367e-08,9.170375242619271e-08,0.07214023715300345
437,User_951,Unknown,20,0.004952947003467063,0.3334434351775392,0.00010849262149715748,3.223365550855008e-05,0.000168308745006867,1.976337821457258e-06,1.9763378214569733e-06,0.08393582763614979
438,User_952,Unknown,84,0.020802377414561663,0.31700423928403204,2.289767508943939e-06,4.567989667788874e-05,0.00024796630060156097,7.757187959932705e-07,7.757187959928495e-07,0.08578420139679828
439,User_953,Unknown,109,0.02699356116889549,0.3187307601231352,4.24689739011527e-05,4.861643694741948e-05,0.00033500805821908523,8.729100182857517e-07,8.729100182858684e-07,0.09174429077365231
440,User_954,Unknown,55,0.013620604259534423,0.3180028350921405,1.2371488579204005e-05,3.165445724857108e-06,0.0002829209380519794,1.0788436343085544e-07,1.0788436343080255e-07,0.08289034538410818
441,User_955,Unknown,10,0.0024764735017335313,0.31517327505463627,2.095933729070159e-07,2.0780120110026685e-06,0.0001628119956943117,8.162959849667465e-08,8.162959849678184e-08,0.07302427993849119
442,User_956,Unknown,10,0.0024764735017335313,0.31517327505463627,4.498589467272536e-07,1.8987584069712751e-06,0.00015661298435125392,7.00932709354646e-08,7.009327093548547e-08,0.07290660686610777
443,User_957,Unknown,65,0.016097077761267953,0.31710381655410713,9.512786845131672e-06,3.3689610611664174e-06,0.0003075608094975924,1.1239808555598336e-07,1.1239808555646019e-07,0.08426684948904954
444,User_958,Unknown,24,0.005943536404160475,0.31551804969526487,1.300572724264079e-07,2.1444682155345824e-06,0.00020213598620212212,7.780431581460455e-08,7.780431581499386e-08,0.07585669054551303
445,User_959,Unknown,46,0.011391778107974244,0.3160613650594865,2.326973710418644e-06,1.8175459367354903e-05,0.00016440541264944856,3.3189186352194157e-07,3.3189186352156977e-07,0.07846764891578513
446,User_960,Unknown,103,0.025507677067855374,0.3174777891343659,1.9843623398338715e-05,4.541292057632076e-05,0.00031990292299102535,7.389740477595869e-07,7.389740477599427e-07,0.08998456375065762
447,User_961,Unknown,13,0.0032194155522535907,0.3158635794743429,5.9950177778320724e-06,3.1230061753191566e-06,0.00014349431841115696,1.267301099557685e-07,1.2673010995551748e-07,0.07342616217073919
448,User_962,Unknown,27,0.006686478454680535,0.33474260134294953,8.761137306347167e-05,6.38941244185539e-06,0.0001978233776093292,3.396060404628739e-07,3.396060404624553e-07,0.08598852790733445
449,User_963,Unknown,33,0.008172362555720653,0.3162098668754894,5.391926193479931e-06,2.3382423758819006e-06,0.00026453604976559253,8.481753419918798e-08,8.481753419971781e-08,0.07861866159261684
450,User_964,Unknown,26,0.0064388311045071814,0.3155673648015005,4.440550309107233e-06,2.3628864340339203e-06,0.00020904718385079114,8.354156464654834e-08,8.354156464536859e-08,0.07628764320629874
451,User_965,Unknown,16,0.00396235760277365,0.31532094330782445,2.9841437183344734e-07,2.143692569298025e-06,0.00013456111101210194,7.889195818897954e-08,7.889195818904628e-08,0.0733873283051456
452,User_966,Unknown,115,0.02847944526993561,0.31777760289604157,8.554714533926417e-06,5.542853382702715e-05,0.0003291738391295722,9.165468856065759e-07,9.165468856063013e-07,0.09197360040614642
453,User_967,Unknown,107,0.026498266468548786,0.31805293005671076,3.9492003367473686e-05,4.785073812553729e-05,0.00033710699185462403,9.595023261291298e-07,9.595023261290017e-07,0.09116816870387522
454,User_968,Unknown,40,0.009905894006934125,0.3180028350921405,3.436231984158095e-05,7.2277053849467485e-06,0.00024366939926893466,1.929560029977969e-07,1.9295600299748985e-07,0.08011395849030971
455,User_969,Unknown,32,0.0079247152055473,0.3157154026583268,8.499602722420717e-07,2.525185389550219e-06,0.00018109397933067884,8.788196700207647e-08,8.788196700222388e-08,0.07665587595120268
456,User_970,Unknown,15,0.003714710252600297,0.31529632232372923,4.83582806626165e-07,2.068525069324274e-06,0.00015735715657344215,7.742292809910915e-08,7.742292809913427e-08,0.073667890024871
457,User_971,Unknown,34,0.008420009905894007,0.3157647794807632,1.9341707173020147e-06,2.5403245403937595e-06,0.00019519211438773944,8.840221102749622e-08,8.840221102756576e-08,0.0772209261072558
458,User_972,Unknown,21,0.005200594353640416,0.3154441059292243,1.6082102662421082e-07,9.004500400005946e-06,9.666502013531492e-05,1.7579776489239721e-07,1.7579776489275363e-07,0.07343391711083318
459,User_973,Unknown,18,0.004457652303120356,0.3162346307463388,9.758118170592054e-06,4.823834946378506e-06,0.00014546819787539705,1.9656562928961525e-07,1.9656562928938705e-07,0.07434284606536991
460,User_974,Unknown,11,0.0027241208519068845,0.3151978768246039,2.3979556634592643e-07,1.957682292349496e-06,0.00011875104533676695,7.167600796238069e-08,7.167600796276692e-08,0.07234180807531003
461,User_975,Unknown,54,0.01337295690936107,0.31625939849624063,2.68277625006759e-06,3.120408266517829e-06,0.0002588514760796105,1.0477200015189955e-07,1.047720001518323e-07,0.08141143104369061
462,User_976,Unknown,24,0.005943536404160475,0.31805293005671076,1.5061705908648455e-06,2.7132864330776104e-06,0.0001683556155594235,1.074094323554381e-07,1.0740943235606828e-07,0.07650877249825036
463,User_977,Unknown,26,0.0064388311045071814,0.3155673648015005,2.675017106740555e-06,2.2522074492250592e-06,0.00020658063175113265,8.183384418192873e-08,8.183384418196844e-08,0.07624034413744944
464,User_978,Unknown,104,0.025755324418028726,0.31750275200503225,2.273877706318313e-05,5.117461423380894e-05,0.0003245913712764219,8.950668908834119e-07,8.950668908833146e-07,0.09023929154234281
465,User_979,Unknown,10,0.0024764735017335313,0.31517327505463627,7.887137377685614e-08,1.9069713675274897e-06,0.00016048437631275102,7.017517719487445e-08,7.017517719506519e-08,0.0729795420914767
466,User_980,Unknown,128,0.0316988608221892,0.31810304080668034,3.039545324452771e-05,5.8966020683962095e-05,0.0003909821735516073,1.0676855268821854e-06,1.0676855268821691e-06,0.09510245309435512
467,User_981,Unknown,47,0.011639425458147598,0.3160861056751468,1.1204229275598385e-06,2.9201920885596017e-06,0.00022893197713982156,9.920508092493431e-08,9.920508092540874e-08,0.0798001943208085
468,User_982,Unknown,68,0.016840019811788013,0.31660655480633526,1.3858026770673218e-05,3.113130924683695e-05,0.00023898943728226487,5.264481234189404e-07,5.264481234193111e-07,0.08319363555952088
469,User_983,Unknown,62,0.015354135710747894,0.3164576802507837,2.427792829734762e-06,2.6969584715977126e-05,0.00020002521718036549,4.3899464449263066e-07,4.3899464449271827e-07,0.08154832112148211
470,User_984,Unknown,42,0.010401188707280832,0.31767760207694123,2.4673786706846836e-06,2.886059601936287e-06,0.0002206451596786541,9.953759547812339e-08,9.953759547742123e-08,0.07976787538012434
471,User_985,Unknown,7,0.001733531451213472,0.3150994927818962,1.1090678361955452e-07,1.8655759028529696e-06,9.339608556313122e-05,6.897401182747909e-08,6.897401182763783e-08,0.07126592961695923
472,User_986,Unknown,11,0.0027241208519068845,0.3151978768246039,1.9070012787119148e-07,1.977829456559129e-06,0.00010797799474571789,7.328931792817999e-08,7.328931792846362e-08,0.07213867767926965
473,User_987,Unknown,6,0.0014858841010401188,0.3152470918885159,1.0562921762115252e-06,1.8773998918436664e-06,9.174409785108706e-05,6.916679247326596e-08,6.91667924728549e-08,0.07117315723101098
474,User_988,Unknown,41,0.010153541357107478,0.315937720053204,1.0139161333302953e-06,2.8051007631426238e-06,0.00020481298908473617,9.578024400775685e-08,9.578024400749694e-08,0.07844851681108876
475,User_989,Unknown,35,0.00866765725606736,0.3157894736842105,1.5012749259413049e-06,2.6262382742695027e-06,0.00018195322530312685,9.080051363671224e-08,9.080051363703935e-08,0.07712067225931983
476,User_990,Unknown,29,0.007181773155027241,0.34188468376936754,0.0011124903175892846,2.6988180627954025e-06,0.0002697420975206029,1.1555824704733574e-07,1.1555824704676599e-07,0.09153278140314527
477,User_991,Unknown,19,0.0047052996532937095,0.3161603507673035,1.1921293755390628e-05,5.112660224122265e-06,0.00016250795278429658,1.5752028353185746e-07,1.5752028353132833e-07,0.07476266650406801
478,User_992,Unknown,31,0.007677067855373947,0.3156907200375264,8.230330038372051e-07,2.277347993800456e-06,0.00025040283669742087,8.183769596005745e-08,8.183769596060897e-08,0.07781328226388462
479,User_993,Unknown,154,0.03813769192669638,0.3192852059777022,4.2643985408785296e-05,7.214575783308174e-05,0.00044112930118303994,1.2860745104403184e-06,1.286074510439796e-06,0.10023979158089125
480,User_994,Unknown,27,0.006686478454680535,0.31559202813599063,6.9748018455431314e-06,3.3040042372527153e-06,0.00016554609345636337,9.897552560347064e-08,9.897552560323906e-08,0.07561928326641656
481,User_995,Unknown,66,0.016344725111441305,0.3167804189220993,3.713563303371158e-05,2.5260428007531664e-05,0.00026013356693971,5.733493087946458e-07,5.733493087940859e-07,0.08340739376763733
482,User_996,Unknown,4,0.0009905894006934125,0.31564136637223483,4.230900198509661e-07,1.8490226750511504e-06,7.139614376553612e-05,6.830279898600245e-08,6.830279898573287e-08,0.07071550019920284
483,User_997,Unknown,96,0.0237741456166419,0.3173031588873173,7.563967412986708e-06,4.1620769407745386e-05,0.0002915289479907279,7.486855477248839e-07,7.486855477257476e-07,0.08839395171176263
484,User_998,Unknown,9,0.002228826151560178,0.3151486771247951,3.1071595525586775e-07,4.087990482695044e-06,7.863581356936468e-05,1.2786072814615848e-07,1.2786072814621655e-07,0.07129226930961625
485,User_999,Unknown,77,0.01906884596334819,0.3168301294625343,4.86100212527863e-06,4.022157564673992e-05,0.00023575298969261466,7.030036764242465e-07,7.030036764244281e-07,0.08449677651516412
486,User_1000,Unknown,16,0.00396235760277365,0.31532094330782445,1.606295229066173e-06,2.014016785983911e-06,0.00017731053369057719,7.365238169141032e-08,7.365238169136414e-08,0.07419369737295786
487,User_1001,Unknown,39,0.009658246656760773,0.3182534678436318,2.2134310758342573e-05,5.17641761671686e-06,0.0002390860665205226,1.6029521470972309e-07,1.6029521470937832e-07,0.08000964785094632
488,User_1002,Unknown,4,0.0009905894006934125,0.31502574504602904,4.089626788429578e-08,1.8127839795411167e-06,0.00011513049041295972,6.730053088093357e-08,6.730053088074608e-08,0.07122780410897427
489,User_1003,Unknown,95,0.02352649826646855,0.3172782273905869,1.8702533788041903e-05,4.200190753342684e-05,0.0003012121193890412,7.434986177362089e-07,7.434986177360759e-07,0.08843076242076932
490,User_1004,Unknown,120,0.029717682020802376,0.31790269248937175,1.0828508875460327e-05,5.69988507331319e-05,0.00034562439198682564,9.380426724587073e-07,9.380426724587303e-07,0.09303562790307036
491,User_1005,Unknown,14,0.003467062902426944,0.31527170518425984,7.54111406392854e-08,2.014770268253527e-06,0.00012847592804797364,7.365460753161362e-08,7.365460753127653e-08,0.07297336910273697
492,User_1006,Unknown,142,0.03516592372461615,0.31845425867507887,2.6672589094604587e-05,6.425128608531763e-05,0.0004130819766090036,1.0898912547524395e-06,1.0898912547524695e-06,0.09762116653243472
493,User_1007,Unknown,16,0.00396235760277365,0.31532094330782445,2.105881954349188e-06,2.321342683801149e-06,0.00011539995399573625,8.078952916456958e-08,8.078952916434457e-08,0.07302676690919976
494,User_1008,Unknown,8,0.001981178801386825,0.3157400891391039,3.3207437836941155e-06,2.209949111940491e-06,9.461006037678735e-05,8.570983216979129e-08,8.57098321696507e-08,0.0717530747291477
495,User_1009,Unknown,57,0.014115898959881128,0.3163337250293772,6.401884516538274e-06,3.140689243934089e-06,0.00027659778183641035,1.0584428389936927e-07,1.0584428390029186e-07,0.08219561705012793
496,User_1010,Unknown,36,0.008915304606240713,0.3162841701261064,1.6637256315781777e-05,2.5094642785397185e-06,0.0002741979685878878,9.062247116464054e-08,9.062247116448423e-08,0.07925301762353319
497,User_1011,Unknown,32,0.0079247152055473,0.3163585083046067,7.145456451301828e-06,2.4830267051083736e-06,0.00023721880004596275,9.161235164018454e-08,9.16123516398538e-08,0.0780430200655096
498,User_1012,Unknown,32,0.0079247152055473,0.31805293005671076,1.402649722484481e-05,4.518533198209477e-06,0.0001975604351127832,1.6121534657453955e-07,1.612153465743841e-07,0.07816331728465466
499,User_1013,Unknown,12,0.0029717682020802376,0.3376536499707333,0.00011282645380287448,4.7337191161680667e-05,0.00012296680328076828,2.9803802052088033e-06,2.9803802052087495e-06,0.08419365206035898
500,User_1014,Unknown,99,0.02451708766716196,0.319108582266477,5.157161869564153e-05,4.164425756850446e-06,0.0004743674927784543,1.3715999644613848e-07,1.3715999644655906e-07,0.09309834319789881
501,User_1015,Unknown,36,0.008915304606240713,0.3158141717503519,8.592516328112042e-07,2.6616370347398214e-06,0.0001851530079026346,9.158227769531271e-08,9.158227769552083e-08,0.07733030386034777
502,User_1016,Unknown,9,0.002228826151560178,0.3151486771247951,0.0,1.8821231427161524e-06,0.0001489139795661473,6.956005367468832e-08,6.956005367451154e-08,0.07261186848459097
503,User_1017,Unknown,149,0.03689945517582962,0.31863015860490806,3.154655010472019e-05,6.937955719400948e-05,0.0004299842159136467,1.1926397208229068e-06,1.1926397208222023e-06,0.09900107331735132
504,User_1018,Unknown,51,0.01263001485884101,0.31805293005671076,7.0014749838267755e-06,3.0922301553793094e-06,0.00025867787177658735,1.058944720916282e-07,1.0589447209159948e-07,0.08190931057493478
505,User_1019,Unknown,58,0.014363546310054482,0.3167804189220993,9.670228643695542e-06,3.1779787939003638e-06,0.000279142762759635,1.0663004745229226e-07,1.0663004745287503e-07,0.08260826076511796
506,User_1020,Unknown,58,0.014363546310054482,0.3180779834580543,9.657270033471187e-06,3.838376372306958e-06,0.0002914742753049878,1.1712806834426968e-07,1.171280683442347e-07,0.0835009799491691
507,User_1021,Unknown,61,0.01510648836057454,0.31643288143562415,9.05017982226266e-06,3.7053648946315415e-06,0.00029018051059001126,1.2396085114298067e-07,1.239608511432256e-07,0.08305199439756743
508,User_1022,Unknown,4,0.0009905894006934125,0.3154441059292243,1.533610045661092e-08,2.4016979488522003e-06,5.929621713005173e-05,7.536207748056204e-08,7.536207748072407e-08,0.0703881585196311
509,User_1023,Unknown,9,0.002228826151560178,0.31517327505463627,1.1280553891418254e-06,2.2681360153210355e-06,0.00011033650985866405,7.797508025445777e-08,7.79750802547599e-08,0.07189794042444217
510,User_1024,Unknown,85,0.021050024764735015,0.3170291277380859,1.2455745442429626e-05,3.9071848526265215e-05,0.0002793090379268577,6.63612392439982e-07,6.636123924407092e-07,0.0865128075039279
511,User_1025,Unknown,29,0.007181773155027241,0.3213433073372593,6.430988135582704e-05,4.0197567705683436e-06,0.00019714568978127566,1.3028406587323957e-07,1.3028406587288844e-07,0.07942788746263138
512,User_1026,Unknown,80,0.01981178801386825,0.31690472453304036,1.1689770827692485e-05,3.861147511288046e-05,0.0002614433672466492,7.599351381237248e-07,7.599351381239297e-07,0.08543204689844043
513,User_1027,Unknown,3,0.0007429420505200594,0.31500117013807627,0.0,1.800242427044542e-06,8.96247609969939e-05,6.688609211012838e-08,6.68860921101495e-08,0.07059730711294096
514,User_1028,Unknown,67,0.01659237246161466,0.3344653358734366,0.00024093259542618542,6.212965653059242e-05,0.0002121132796540789,2.404469782709243e-06,2.4044697827090867e-06,0.09181629472522748
515,User_1029,Unknown,79,0.0195641406636949,0.3375125376128385,0.000631349986433999,7.296698194360545e-05,0.0003106720407140234,3.4041798369159425e-06,3.40417983691543e-06,0.09704323267247708
516,User_1030,Unknown,11,0.0027241208519068845,0.3151978768246039,1.0939751659049122e-06,2.1537854450638863e-06,0.00017676587132200148,8.422920835827129e-08,8.422920835796595e-08,0.07343732552344871
517,User_1031,Unknown,4,0.0009905894006934125,0.31537019681349576,1.0063913754184394e-07,2.2884333983125965e-06,6.688827520224711e-05,9.694326146737533e-08,9.694326146733808e-08,0.07049472263757554
518,User_1032,Unknown,79,0.0195641406636949,0.31893215385830503,3.2477238483193176e-05,4.256074889834402e-06,0.00039400519142419193,1.308038620972642e-07,1.3080386209719286e-07,0.08875028438789569
519,User_1033,Unknown,17,0.004210004952947003,0.3153455681374463,1.091123968807035e-06,2.6995493813518164e-06,0.00017462454126285202,1.1630938772053283e-07,1.1630938772044804e-07,0.07429523037754246
520,User_1034,Unknown,3,0.0007429420505200594,0.31500117013807627,0.0,1.8615853952424771e-06,5.677538772513419e-05,6.855528396564336e-08,6.85552839658556e-08,0.06997781094587595
521,User_1035,Unknown,26,0.0064388311045071814,0.3155673648015005,4.532213053442586e-06,2.6919242031013867e-06,0.00019562229513839192,1.0738701933371544e-07,1.073870193335347e-07,0.07603603164515561
522,User_1036,Unknown,58,0.014363546310054482,0.3163585083046067,2.3773032216934843e-06,3.1882181618019945e-06,0.0002754977116266897,1.0700742011833965e-07,1.0700742011889818e-07,0.08232321042750283
523,User_1037,Unknown,37,0.009162951956414065,0.31630894563684786,9.860593248990277e-06,2.6662335085896607e-06,0.0002638014398606697,9.771616923836934e-08,9.771616923824868e-08,0.07920486234193572
524,User_1038,Unknown,5,0.0012382367508667657,0.3150503237887181,2.044813394214789e-07,2.158893053014235e-06,6.99884994973975e-05,7.362317805446235e-08,7.36231780548232e-08,0.07052642623238305
525,User_1039,Unknown,27,0.006686478454680535,0.31559202813599063,3.579393691135588e-07,1.1980722015598615e-05,0.00010909218439714515,2.1322769780602826e-07,2.132276978060093e-07,0.07457070575120724
526,User_1040,Unknown,67,0.01659237246161466,0.31658173265386125,4.339789622231878e-06,2.8127348619333387e-05,0.00021645783617882492,4.581354473063664e-07,4.581354473061921e-07,0.08260864856677515
527,User_1041,Unknown,48,0.01188707280832095,0.31658173265386125,1.6828802125073284e-05,2.7449898341279818e-06,0.0003456830798263086,1.000139376660309e-07,1.0001393766568569e-07,0.08239542532496606
528,User_1042,Unknown,15,0.003714710252600297,0.31529632232372923,6.388128278913747e-07,2.1344833850821e-06,0.00012790959069088086,7.842874961434828e-08,7.842874961478914e-08,0.07311258715327494
529,User_1043,Unknown,12,0.0029717682020802376,0.3152224824355972,1.0438772377466498e-06,2.1087380714678467e-06,0.00018311848029952906,8.264002453299274e-08,8.264002453286063e-08,0.07370632945634843
530,User_1044,Unknown,28,0.006934125804853888,0.315616695325934,3.9996518142789277e-07,2.4509353416982053e-06,0.00015293472807241615,8.553504609664549e-08,8.553504609696243e-08,0.07552688149079365
531,User_1045,Unknown,12,0.0029717682020802376,0.3152224824355972,1.3700249741239084e-06,2.1591125593777146e-06,0.0001673837799748126,8.462057474951078e-08,8.462057474972517e-08,0.07340977716631245
532,User_1046,Unknown,3,0.0007429420505200594,0.31500117013807627,0.0,1.7996600987863176e-06,9.037747858720843e-05,6.687803047726428e-08,6.687803047750952e-08,0.07061150502374315
533,User_1047,Unknown,65,0.016097077761267953,0.3165321000235165,7.001934046267107e-06,3.167193036393549e-05,0.0002209184348102648,6.26411559639793e-07,6.264115596399381e-07,0.08240788564324202
534,User_1048,Unknown,106,0.02625061911837543,0.31775259678942397,3.595481678589465e-05,4.752746472483702e-05,0.00033078498296233754,9.094843909528921e-07,9.094843909523312e-07,0.0907557584986626
535,User_1049,Unknown,82,0.020307082714214955,0.317827626918536,4.390394508075172e-05,3.521850421845128e-05,0.0002681144175942107,6.259760135022707e-07,6.25976013501734e-07,0.08629825257352652
536,User_1050,Unknown,11,0.0027241208519068845,0.3151978768246039,5.63253144042801e-07,2.011818110908466e-06,0.00012948770298626584,7.280526395597283e-08,7.280526395556032e-08,0.07254457284896688
537,User_1051,Unknown,46,0.011391778107974244,0.3160613650594865,1.019252875256709e-05,3.5193786086083908e-06,0.00030692653941130133,1.1038571282136174e-07,1.1038571282123641e-07,0.08112619503756906
538,User_1052,Unknown,63,0.015601783060921248,0.31695447409733124,3.9103970351247855e-05,3.837574294420769e-06,0.00040820274026069544,1.2645368615867969e-07,1.2645368615908814e-07,0.08582602370891976
539,User_1053,Unknown,8,0.001981178801386825,0.3151978768246039,1.3925179214602715e-06,2.165857261437266e-06,0.00011669655467539639,8.705577500265968e-08,8.70557750027764e-08,0.07189391615959924
540,User_1054,Unknown,54,0.01337295690936107,0.3167804189220993,7.707404586048064e-06,2.2097161091703875e-05,0.00019135840287250213,3.869937172405578e-07,3.8699371724058217e-07,0.08044580318395086
541,User_1055,Unknown,14,0.003467062902426944,0.315616695325934,1.3515857498795497e-06,3.3347063283789504e-06,0.00014323645770169808,1.1466575700386068e-07,1.146657570036532e-07,0.07343119266846689
542,User_1056,Unknown,65,0.016097077761267953,0.3165321000235165,7.522919966630431e-06,2.6042439434049426e-05,0.00022192229993578315,4.782272141112654e-07,4.782272141111397e-07,0.0824116269104164
543,User_1057,Unknown,5,0.0012382367508667657,0.3150503237887181,2.3924316712313034e-07,1.8520344833121607e-06,9.05872985844376e-05,6.838126375478961e-08,6.838126375474971e-08,0.07091430512794193
544,User_1058,Unknown,7,0.001733531451213472,0.31549339792171266,1.1295585278590182e-06,3.024691826616879e-06,8.572291853641752e-05,1.2507303229950458e-07,1.2507303229977304e-07,0.07132578290455614
545,User_1059,Unknown,165,0.04086181277860327,0.319032946195781,3.169628100030295e-05,7.536884232410192e-05,0.00046994632312193443,1.2614642153425588e-06,1.2614642153406597e-06,0.10216097030534341
546,User_1060,Unknown,51,0.01263001485884101,0.3167804189220993,8.689169415847654e-06,3.6665167412376482e-06,0.00024940034230481025,1.1294429314800195e-07,1.129442931482198e-07,0.08109008425821683
547,User_1061,Unknown,10,0.0024764735017335313,0.31517327505463627,1.7882822593042068e-07,1.9691072986991337e-06,0.00012366629639768984,7.423605213484813e-08,7.42360521346796e-08,0.07228532340807194
548,User_1062,Unknown,22,0.005448241703813769,0.31546875,5.4607092923721925e-06,2.7161539947325998e-06,0.0001801628207582124,9.700049835815467e-08,9.70004983576519e-08,0.07514683274912935
549,User_1063,Unknown,22,0.005448241703813769,0.31546875,1.6265420202444933e-07,9.627120877293875e-06,9.902932052662493e-05,1.8479345905599068e-07,1.8479345905614436e-07,0.07362921521610333
550,User_1064,Unknown,27,0.006686478454680535,0.31559202813599063,6.825157447134473e-06,2.326518316715115e-06,0.00023917365218617913,8.305480865751776e-08,8.305480865761231e-08,0.07700593151363609
551,User_1065,Unknown,2,0.0004952947003467063,0.3149765990639626,0.0,1.7887240715418562e-06,5.136771075973267e-05,6.65066096360686e-08,6.650660963593723e-08,0.06972628825467571
552,User_1066,Unknown,68,0.016840019811788013,0.3183287347260544,1.832501951844091e-05,3.4506939813630594e-06,0.00033946979660282777,1.1621873616798067e-07,1.1621873616827932e-07,0.08590395563838026
553,User_1067,Unknown,76,0.018821198613174838,0.3173779768922424,1.295504130848632e-05,3.6313404426183665e-06,0.0003533149214765422,1.1990689541773416e-07,1.1990689541757296e-07,0.0867760749915254
554,User_1068,Unknown,49,0.012134720158494303,0.3161355985281453,7.242818008243763e-06,2.050564713804267e-05,0.00017631223959639367,3.2923963231150885e-07,3.2923963231107046e-07,0.0791452731307805
555,User_1069,Unknown,21,0.005200594353640416,0.3154441059292243,1.6981202296650796e-07,9.15824233278993e-06,9.769484641406273e-05,1.8575190435489246e-07,1.8575190435488534e-07,0.07345404140564461
556,User_1070,Unknown,78,0.019316493313521546,0.33616383616383616,0.0005331521110735926,7.470299921189499e-06,0.0005164560385210361,3.680520487388876e-07,3.6805204873822165e-07,0.09983462595843948
557,User_1071,Unknown,3,0.0007429420505200594,0.31500117013807627,0.0,1.8036062939953777e-06,8.120245909884618e-05,6.71048643976437e-08,6.710486439774685e-08,0.07043844524352955
558,User_1072,Unknown,26,0.0064388311045071814,0.3155673648015005,1.6586730911205817e-06,2.2433092906362355e-06,0.00020258467353462172,8.18802492584356e-08,8.188024925846176e-08,0.07616465162747905
559,User_1073,Unknown,10,0.0024764735017335313,0.31517327505463627,1.2355784934542863e-06,2.4171613421256447e-06,0.00011274450552647332,7.843448557845301e-08,7.843448557853404e-08,0.07208047742719767
560,User_1074,Unknown,63,0.015601783060921248,0.33661220406802267,0.0007083636642156447,0.00010851332688810417,0.0002234170281657869,5.7696913090138445e-06,5.769691309013996e-06,0.09293749407499649
561,User_1075,Unknown,80,0.01981178801386825,0.3182785528493734,3.9927811149748016e-05,3.234218373296446e-05,0.0002624928619172973,5.784230033226466e-07,5.784230033225548e-07,0.08613970881015318
562,User_1076,Unknown,142,0.03516592372461615,0.31845425867507887,2.1847289858434106e-05,6.788992095331251e-05,0.00040192931295272193,1.1601506388890327e-06,1.1601506388889793e-06,0.09741807952200154
563,User_1077,Unknown,15,0.003714710252600297,0.33504812479256557,0.00015545295228196613,8.571764229420757e-05,0.0001415031327049096,5.426944739214891e-06,5.4269447392147655e-06,0.08381571388219962
564,User_1078,Unknown,183,0.045319465081723624,0.3200190204469805,4.875552861399018e-05,8.419672380017727e-05,0.0005069434233941203,1.437902881649549e-06,1.4379028816495286e-06,0.10584897966422448
565,User_1079,Unknown,123,0.030460624071322436,0.31797779352704936,9.61791013090757e-06,5.970069738837294e-05,0.0003510529120511579,9.737583083550358e-07,9.737583083547298e-07,0.09359201374037651
566,User_1080,Unknown,60,0.014858841010401188,0.3190833662583959,3.935121892981726e-05,4.930461812505262e-06,0.0003574695660993902,1.5418754747003727e-07,1.541875474699091e-07,0.08554208961030092
567,User_1081,Unknown,30,0.007429420505200594,0.3156660412757974,7.621831877994106e-07,2.5164353615304586e-06,0.00016890888425411367,8.74654281643961e-08,8.746542816468807e-08,0.07612723159885147
568,User_1082,Unknown,57,0.014115898959881128,0.3163337250293772,2.500971594510239e-06,3.1429056115375963e-06,0.0002716018295391538,1.0576008570251603e-07,1.0576008570319102e-07,0.0821002137570517
569,User_1083,Unknown,106,0.02625061911837543,0.31755268952500787,1.2312168367330479e-05,4.727992639455816e-05,0.00031546189887062453,7.635074917355116e-07,7.635074917349092e-07,0.0903510185428655
570,User_1084,Unknown,15,0.003714710252600297,0.31529632232372923,2.690810573961561e-07,6.621537083804212e-06,8.582263920070495e-05,2.0336966558015566e-07,2.0336966558029756e-07,0.07233110903132148
571,User_1085,Unknown,66,0.016344725111441305,0.35785182559376105,0.1490150921166531,3.1640820692205983e-06,0.0005978437664765088,1.1008665015799068e-07,1.1008665015735766e-07,0.15486128064543367
572,User_1086,Unknown,205,0.050767706785537395,0.322240842710079,0.0006036875550108642,7.799643740541659e-05,0.000658630841076691,1.3137586576944096e-06,1.3137586576941629e-06,0.11299845052138713
573,User_1087,Unknown,7,0.001733531451213472,0.3157154026583268,7.259056907903145e-07,1.9207130876801342e-06,0.00010573081169900841,7.096815010453519e-08,7.096815010436777e-08,0.07181159514914162
574,User_1088,Unknown,14,0.003467062902426944,0.33493696084936964,0.00012931245007332285,2.525173138511834e-06,0.0001555138373625758,9.955716465218154e-08,9.955716465218868e-08,0.08350558793599926
575,User_1089,Unknown,14,0.003467062902426944,0.31527170518425984,7.147224228484868e-07,1.999009785037188e-06,0.00013947770969390861,7.318140085446534e-08,7.318140085394947e-08,0.07318104953753972
576,User_1090,Unknown,13,0.0032194155522535907,0.3152470918885159,7.569629539660836e-07,1.977657465167768e-06,0.0001320982227128091,7.242923506432311e-08,7.242923506434377e-08,0.07289245970665824
577,User_1091,Unknown,20,0.004952947003467063,0.31541946570848306,2.1756314842576296e-06,9.515787359271571e-06,0.00011221249703153785,1.725509883595291e-07,1.7255098835948695e-07,0.07357907212393942
578,User_1092,Unknown,50,0.012382367508667657,0.3161603507673035,4.109845650682249e-06,2.477323999358559e-05,0.00017753139725215858,5.185440306137114e-07,5.185440306137849e-07,0.07933197164070015
579,User_1093,Unknown,9,0.002228826151560178,0.3151486771247951,4.7301556156875613e-07,2.003405581014737e-06,9.383914808496174e-05,7.198165760775234e-08,7.198165760799737e-08,0.07157337990333057
580,User_1094,Unknown,11,0.0027241208519068845,0.3151978768246039,7.689516342941697e-07,1.997071167717654e-06,0.00011307257381740893,7.380171452101437e-08,7.3801714521003e-08,0.07223500576246808
581,User_1095,Unknown,24,0.005943536404160475,0.31880625296068216,8.31654099674785e-06,3.3565827942550516e-06,0.00016596844719041857,1.1408954387605605e-07,1.1408954387602859e-07,0.07684941644051264
582,User_1096,Unknown,1,0.00024764735017335313,0.31495203182279075,0.0,1.774621069210282e-06,4.2799006860415876e-05,6.605066102067359e-08,6.605066102089506e-08,0.06941530071070744
583,User_1097,Unknown,36,0.008915304606240713,0.3158141717503519,1.2881430261543578e-06,2.3269560826105118e-06,0.0002904310791910597,8.362121630809781e-08,8.362121630853814e-08,0.07931550920917899
584,User_1098,Unknown,23,0.005695889053987122,0.3363318340829585,0.0005340982830428799,2.9681667150703553e-06,0.00023334606869933525,1.2785916904254237e-07,1.278591690424352e-07,0.08703567497719697
585,User_1099,Unknown,56,0.013868251609707775,0.31802788060171694,3.6485606379227987e-06,3.1490351817901143e-06,0.0002849635613729612,1.0745677215192796e-07,1.0745677215202178e-07,0.0830757883527319
586,User_1100,Unknown,64,0.0158494304110946,0.31650728954381563,4.099775852208917e-06,3.300271104642252e-06,0.0003024684130348269,1.1032633628853226e-07,1.103263362891505e-07,0.08372935399512024
587,User_1101,Unknown,123,0.030460624071322436,0.31797779352704936,1.711490780109454e-05,5.7844183565822574e-05,0.00035796091761789854,9.603221971275264e-07,9.603221971273672e-07,0.09372114684507052
588,User_1102,Unknown,51,0.01263001485884101,0.31790269248937175,3.617658510806374e-06,3.0482394821868107e-06,0.00026159966691585815,1.0451615975139528e-07,1.045161597516231e-07,0.08188703236718341
589,User_1103,Unknown,8,0.001981178801386825,0.31554270532155976,1.147333652249826e-06,1.92209269181012e-06,8.11128150768462e-05,7.044676209101634e-08,7.044676209100797e-08,0.07139648552231496
590,User_1104,Unknown,109,0.02699356116889549,0.3195125811046052,7.110164092205119e-05,4.431953858783862e-06,0.0005021739497868152,1.4451690079840868e-07,1.4451690079922432e-07,0.09520285782356856
591,User_1105,Unknown,4,0.0009905894006934125,0.31502574504602904,4.089626788429578e-08,1.8127839795411167e-06,0.00011513049041295972,6.730053088093273e-08,6.730053088088158e-08,0.07122780410897427
592,User_1106,Unknown,27,0.006686478454680535,0.31559202813599063,8.44707665938762e-06,2.3214642113253598e-06,0.00021626333932468815,8.347317556975301e-08,8.347317556978663e-08,0.0765742487443464
593,User_1107,Unknown,141,0.034918276374442794,0.3184291459664064,2.008204477715435e-05,6.575015843306964e-05,0.0003995770421380194,1.1168583857276201e-06,1.1168583857276445e-06,0.09721837266732283
594,User_1108,Unknown,43,0.010648836057454186,0.3177025963808025,1.7616637480043372e-06,2.8812212525245536e-06,0.000225601794746501,9.961275765719756e-08,9.961275765720582e-08,0.08001068617917086
595,User_1109,Unknown,38,0.009410599306587419,0.33493696084936964,0.0002056360236049561,6.510981074874693e-06,0.0002760997883614408,3.469190603369813e-07,3.469190603368727e-07,0.08910458896772414
596,User_1110,Unknown,70,0.01733531451213472,0.31760264275601696,3.601318837217043e-05,2.6330663540041882e-05,0.0002655634383940185,5.254358405141931e-07,5.254358405141992e-07,0.08447354670481126
597,User_1111,Unknown,9,0.002228826151560178,0.3151486771247951,1.533610045661092e-08,2.0641675628226307e-06,0.00014662440811827505,8.113974694371076e-08,8.113974694366474e-08,0.07256949631338752
598,User_1112,Unknown,54,0.01337295690936107,0.31625939849624063,2.173670331217794e-06,2.3725811007387763e-05,0.00018257635741549447,3.951005503072361e-07,3.951005503076936e-07,0.08001685001465654
599,User_1113,Unknown,47,0.011639425458147598,0.3184291459664064,7.871990809364089e-06,3.4323517065865647e-06,0.00029506574662185945,1.2932871293530563e-07,1.2932871293508143e-07,0.08224120503207115
600,User_1114,Unknown,38,0.009410599306587419,0.33546564758660796,8.548727086231952e-05,7.725284942515914e-06,0.0002540393272859224,3.745672051497297e-07,3.7456720514995964e-07,0.08892418639593536
601,User_1115,Unknown,36,0.008915304606240713,0.3158141717503519,5.392383327512177e-07,2.6524344593058326e-06,0.00018463799677206268,9.141944767526675e-08,9.141944767541082e-08,0.07732047223851822
602,User_1116,Unknown,29,0.007181773155027241,0.31564136637223483,5.880956662615954e-07,1.4446563907726619e-05,0.000117457398085862,3.116776895042817e-07,3.116776895042826e-07,0.07503558084332915
603,User_1117,Unknown,122,0.03021297672114908,0.3179527559055118,1.8195394500928226e-05,5.822652221258008e-05,0.00035712958028679705,1.0037663956810524e-06,1.003766395680737e-06,0.09355884238130595
604,User_1118,Unknown,35,0.00866765725606736,0.3157894736842105,8.830794230225379e-07,2.311568878353045e-06,0.00028123892468551176,8.317858818734102e-08,8.317858818796979e-08,0.07899257285006085
605,User_1119,Unknown,1,0.00024764735017335313,0.31495203182279075,0.0,1.774621069210282e-06,4.2799006860415876e-05,6.605066102067359e-08,6.605066102011466e-08,0.06941530071070741
606,User_1120,Unknown,51,0.01263001485884101,0.3161851068827813,7.065562470206915e-06,3.018949394828279e-06,0.00025178487994159443,1.0207434536206336e-07,1.0207434536220063e-07,0.0808309345219416
607,User_1121,Unknown,24,0.005943536404160475,0.31598716644494873,3.459162782032002e-06,2.2971457131970628e-06,0.00018449576003386355,8.413901015729527e-08,8.41390101576316e-08,0.07576355850335466
608,User_1122,Unknown,49,0.012134720158494303,0.31943675342140654,1.6532222263368037e-05,4.2426867479740095e-06,0.00030562575019144186,1.5535799705278614e-07,1.5535799705296396e-07,0.08323053005443991
609,User_1123,Unknown,71,0.017582961862308073,0.3166810446239511,1.4258391390404127e-05,2.949336012214898e-05,0.0002487850135169598,6.022360001489789e-07,6.022360001488454e-07,0.08382794306701083
610,User_1124,Unknown,130,0.032194155522535906,0.3181531673495115,4.15931160222028e-05,5.6313230716844116e-05,0.0004049619092802452,1.1046975458548812e-06,1.1046975458545737e-06,0.09566636661474966
611,User_1125,Unknown,117,0.028974739970282316,0.317827626918536,1.0377806603524662e-05,5.5206288189309655e-05,0.000336923357914986,8.821728004875338e-07,8.821728004875163e-07,0.09241745410803524
612,User_1126,Unknown,198,0.04903417533432392,0.33813431585998993,0.0009168876828291216,0.00011678128538959602,0.0005661927301412862,3.327870658128224e-06,3.327870658126971e-06,0.11860940011068656
613,User_1127,Unknown,21,0.005200594353640416,0.3154441059292243,3.267136268090281e-06,2.1320874503396033e-06,0.00020111991283796994,7.721343628288308e-08,7.721343628289005e-08,0.07539036823389843
614,User_1128,Unknown,98,0.024269440316988605,0.3191842542091534,0.00010052596424715297,4.55862217266502e-05,0.00032036789863787256,7.750364507311622e-07,7.750364507313569e-07,0.09020125941844655
615,User_1129,Unknown,60,0.014858841010401188,0.3168301294625343,9.864392292431269e-06,3.1997973425819457e-06,0.0002867572499868536,1.0752598461561002e-07,1.0752598461631567e-07,0.0830509366253047
616,User_1130,Unknown,66,0.016344725111441305,0.3165569143932267,5.75543903741783e-06,3.0316050763652965e-05,0.00021695552083006827,5.083080656406382e-07,5.083080656401297e-07,0.08247464458239742
617,User_1131,Unknown,32,0.0079247152055473,0.3157154026583268,4.876577008908968e-06,2.38019691972038e-06,0.00024333868463900798,8.567668109233415e-08,8.567668109241001e-08,0.07783092836854977
618,User_1132,Unknown,142,0.03516592372461615,0.31845425867507887,1.7528348421074126e-05,6.607531923442547e-05,0.00040114290630736027,1.0880377593053093e-06,1.0880377593051073e-06,0.09739587565285265
619,User_1133,Unknown,6,0.0014858841010401188,0.3150749063670412,1.8875200561982667e-07,3.126771894744033e-06,8.394215523392198e-05,9.491763108748264e-08,9.491763108736956e-08,0.07094139927801543
620,User_1134,Unknown,11,0.0027241208519068845,0.3151978768246039,6.38558521234408e-07,1.9463148186794234e-06,0.0001276419364177477,7.143350141095498e-08,7.143350141071434e-08,0.07250961480428557
621,User_1135,Unknown,68,0.016840019811788013,0.31660655480633526,1.0469016410213416e-05,3.328979625000087e-05,0.00023500580315860903,6.496499575175886e-07,6.496499575174852e-07,0.08312646756419409
622,User_1136,Unknown,33,0.008172362555720653,0.3563045971940351,0.0005212834619740982,6.289643126417371e-06,0.00031336056677107684,3.3925736495132494e-07,3.3925736495093345e-07,0.10006232744179537
623,User_1137,Unknown,29,0.007181773155027241,0.31564136637223483,5.943830846381267e-07,2.2173629766050777e-06,0.00023956500905618922,8.016331999599974e-08,8.016331999655543e-08,0.07730987914676334
624,User_1138,Unknown,14,0.003467062902426944,0.31527170518425984,2.1952532367891626e-06,1.9684600369716143e-06,0.0002117188392864834,7.217182976784212e-08,7.21718297677899e-08,0.07454414335820679
625,User_1139,Unknown,24,0.005943536404160475,0.31551804969526487,1.4271331533078043e-06,2.2619557469988893e-06,0.000186923561370095,8.301479219728068e-08,8.301479219661082e-08,0.07557053039082857
626,User_1140,Unknown,9,0.002228826151560178,0.3162346307463388,8.090506284198164e-07,3.093207781757669e-06,0.00010099772150916483,1.2955345793151727e-07,1.2955345793138476e-07,0.07226405236990384
627,User_1141,Unknown,18,0.004457652303120356,0.31537019681349576,6.209944280437584e-07,2.092429473613344e-06,0.00015430446220093445,7.593819930291867e-08,7.593819930301969e-08,0.07405831831926625
628,User_1142,Unknown,33,0.008172362555720653,0.317827626918536,3.172400885748905e-06,2.9398203294270615e-06,0.00021818452352682225,1.1226107498026597e-07,1.1226107497993601e-07,0.07856696587272574
629,User_1143,Unknown,14,0.003467062902426944,0.31583887368009383,2.3860734147726324e-06,3.063741922149749e-06,0.00010090857312492862,8.809561920510685e-08,8.8095619204812e-08,0.07274416055647816
630,User_1144,Unknown,21,0.005200594353640416,0.3154441059292243,8.855325711745293e-07,2.3979083104172427e-06,0.00021626528983864364,9.611867593770956e-08,9.611867593738087e-08,0.07567664147371277
631,User_1145,Unknown,1,0.00024764735017335313,0.31495203182279075,0.0,1.774621069210282e-06,4.2799006860415876e-05,6.605066102067359e-08,6.605066102079594e-08,0.06941530071070742
632,User_1146,Unknown,147,0.03640416047548291,0.31878108470829714,5.906065876789691e-05,6.725453753858843e-05,0.00043113625144722674,1.164197377895892e-06,1.1641973778959357e-06,0.09882940983008268
633,User_1147,Unknown,5,0.0012382367508667657,0.3150503237887181,2.044813394214789e-07,1.954514486101411e-06,6.364481680603008e-05,6.998935445241972e-08,6.998935445249881e-08,0.07040628414322737
634,User_1148,Unknown,65,0.016097077761267953,0.3186804514245127,3.0843233321344764e-05,3.424531228858704e-06,0.00031220857365334,1.1547406369938807e-07,1.1547406369985676e-07,0.08516136842520712
635,User_1149,Unknown,102,0.02526002971768202,0.31745283018867926,1.050481140935451e-05,5.184100952592898e-05,0.00030618883039145627,9.767821644859487e-07,9.767821644857205e-07,0.08959431363120655
636,User_1150,Unknown,14,0.003467062902426944,0.31551804969526487,2.004940406030883e-06,3.6339031388322054e-06,0.0001286129935081485,1.593777202587156e-07,1.593777202585543e-07,0.07310799723072108
637,User_1151,Unknown,6,0.0014858841010401188,0.3151486771247951,6.165534429665786e-07,2.972899883988564e-06,6.713085128501086e-05,1.0576557887094028e-07,1.0576557887098996e-07,0.07066212155298408
638,User_1152,Unknown,17,0.004210004952947003,0.3153455681374463,9.669103479037792e-07,2.8892116177808025e-06,0.00012598739478708024,8.917055010900151e-08,8.917055010879783e-08,0.07337672556752828
639,User_1153,Unknown,139,0.03442298167409608,0.318378932429236,1.5313414313249155e-05,6.339212575678749e-05,0.00039359982098898785,1.0581037968459166e-06,1.0581037968460249e-06,0.09679876620490975
640,User_1154,Unknown,9,0.002228826151560178,0.3151486771247951,8.325311676445927e-07,1.9119297463947923e-06,0.00010740516425180536,7.04985814775214e-08,7.049858147757878e-08,0.0718291879775221
641,User_1155,Unknown,45,0.01114413075780089,0.31923472211241993,3.805487436611337e-05,5.724255151468868e-06,0.00027186370965624355,1.7662799621252117e-07,1.7662799621233893e-07,0.08195336476560636
642,User_1156,Unknown,99,0.02451708766716196,0.3173779768922424,1.0439605862947644e-05,4.5625869006459766e-05,0.00029547663291752907,7.436361478913447e-07,7.436361478920554e-07,0.08892352189658007
643,User_1157,Unknown,5,0.0012382367508667657,0.3150503237887181,7.156846879751761e-08,2.1427316657650434e-06,7.412594043384107e-05,8.20135604381841e-08,8.201356043811117e-08,0.07060480250663745
644,User_1158,Unknown,66,0.016344725111441305,0.3182785528493734,2.1332228817707002e-05,3.4522557657072817e-06,0.00031382579002015585,1.1596126638265255e-07,1.1596126638290915e-07,0.08512195079631024
645,User_1159,Unknown,61,0.01510648836057454,0.31643288143562415,2.061720139636753e-05,3.9546865956371375e-06,0.00038580093370412514,1.226037367951574e-07,1.2260373679490778e-07,0.08485951346613976
646,User_1160,Unknown,88,0.021792966815255076,0.3182033096926714,2.840148331004146e-05,3.7545969689258164e-05,0.00027696029052403547,6.952280645520727e-07,6.95228064552408e-07,0.08747893943823595
647,User_1161,Unknown,19,0.0047052996532937095,0.31564136637223483,4.634527973405591e-06,5.0139716229792035e-06,0.0001525580506030002,2.2982896395736511e-07,2.2982896395709483e-07,0.07431260752535017
648,User_1162,Unknown,8,0.001981178801386825,0.3151240830341814,2.944531287669296e-07,2.2901033333159573e-06,9.761967100577938e-05,7.490712684892918e-08,7.490712684907075e-08,0.07149588806622564
649,User_1163,Unknown,100,0.024764735017335313,0.3174029240685427,5.933095225249974e-06,4.7678078538491215e-05,0.0002935732698957274,7.774555132751598e-07,7.774555132749815e-07,0.08904042892902526
650,User_1164,Unknown,27,0.006686478454680535,0.31559202813599063,2.686436519919416e-07,1.4173098213317395e-05,0.00011112372692117541,2.843651697270966e-07,2.843651697267038e-07,0.07461560722982938
651,User_1165,Unknown,26,0.0064388311045071814,0.3564933345104617,0.003161131536865922,3.23480985982432e-05,0.00023774380825693667,1.9551639864546504e-06,1.9551639864542904e-06,0.09867316232857908
652,User_1166,Unknown,57,0.014115898959881128,0.31805293005671076,2.2929350246987676e-05,3.2469362254715824e-06,0.0003063685641960824,1.119977480592221e-07,1.1199774805930188e-07,0.08363521122080542
653,User_1167,Unknown,28,0.006934125804853888,0.315616695325934,2.0355945405732873e-06,2.4028026130520516e-06,0.00020435432719955496,8.688172465716306e-08,8.6881724657945e-08,0.07649733070861299
654,User_1168,Unknown,6,0.0014858841010401188,0.3150749063670412,2.3632200513139494e-07,1.8580112620441832e-06,8.156913349540819e-05,6.86942299107087e-08,6.869422991070023e-08,0.07089352450722565
655,User_1169,Unknown,19,0.0047052996532937095,0.3160366283165062,3.4481246356931954e-06,2.1417513915982042e-06,0.00015855357339013957,7.864130644562915e-08,7.864130644575838e-08,0.07461462036091777
656,User_1170,Unknown,36,0.008915304606240713,0.3158141717503519,1.4228335069785157e-05,2.6237892006853356e-06,0.00022649904507924358,9.396390773513862e-08,9.396390773457858e-08,0.07811427888824454
657,User_1171,Unknown,24,0.005943536404160475,0.3624450228884301,0.0025120390408827123,4.341129768009963e-05,0.0002420063334560017,2.6706819866629936e-06,2.6706819866627366e-06,0.1013578938846722
658,User_1172,Unknown,113,0.027984150569588903,0.3177275946179873,1.307883415944092e-05,5.579099668341453e-05,0.0003298120395816698,9.63022973644101e-07,9.630229736439565e-07,0.09169064166208976
659,User_1173,Unknown,115,0.02847944526993561,0.33892899110290414,0.0009424796942841418,8.957206751498499e-05,0.00039229935063743383,3.6673212244947015e-06,3.667321224494758e-06,0.1043577694831438
660,User_1174,Unknown,18,0.004457652303120356,0.31537019681349576,6.306094698823808e-07,2.1029545843757057e-06,0.0001929100749668788,7.897956890051668e-08,7.897956890088692e-08,0.07478672986398324
661,User_1175,Unknown,132,0.03268945022288261,0.3186804514245127,5.3229825324182655e-05,5.847916224879353e-05,0.00039526302956205005,1.093271289631852e-06,1.0932712896321052e-06,0.09603089138218432
662,User_1176,Unknown,2,0.0004952947003467063,0.3149765990639626,0.0,1.8028245188304107e-06,4.7072572529653175e-05,6.685485851860705e-08,6.68548585189964e-08,0.06964530274678497
663,User_1177,Unknown,15,0.003714710252600297,0.31529632232372923,3.2001329619461452e-06,2.0096807352026316e-06,0.0002073870043338006,7.324116396670049e-08,7.32411639666519e-08,0.07461217027262601
664,User_1178,Unknown,13,0.0032194155522535907,0.3352428393524284,0.0002925739718058592,2.4994139345408298e-06,0.0001398405751772247,9.981893069261703e-08,9.981893069292183e-08,0.08327686363205529
665,User_1179,Unknown,45,0.01114413075780089,0.33680874134623406,5.7538247767647094e-05,7.564937095002641e-06,0.00028247422457984133,3.9074748222274023e-07,3.9074748222300694e-07,0.09109237303680469
666,User_1180,Unknown,45,0.01114413075780089,0.3160366283165062,2.0125358893644866e-06,2.2815538967173023e-05,0.0001577124976568239,4.3311850620823313e-07,4.3311850620807013e-07,0.07820358457991594
667,User_1181,Unknown,89,0.022040614165428428,0.3171287206471374,4.165131909985946e-06,4.482245693290444e-05,0.0002619018048182089,7.257276683487424e-07,7.257276683487657e-07,0.08679138412823433
668,User_1182,Unknown,66,0.016344725111441305,0.33504812479256557,0.00021076849810410027,6.041584317515162e-05,0.0002299579951934586,2.4395350055039947e-06,2.4395350055039625e-06,0.09230199721115583
669,User_1183,Unknown,34,0.008420009905894007,0.3162346307463388,7.415636176101579e-06,3.1488483956229493e-06,0.0002355660057936211,1.1332819453156876e-07,1.1332819453168001e-07,0.07822472786588605
670,User_1184,Unknown,158,0.0391282813273898,0.3188566013897663,2.662765175385573e-05,7.272420626494266e-05,0.00044594950293191303,1.2202870124402906e-06,1.2202870124383752e-06,0.10065354326030143
671,User_1185,Unknown,156,0.03863298662704309,0.31880625296068216,1.8782148890772803e-05,7.478913269970613e-05,0.0004361552550076923,1.282136436842372e-06,1.2821364368418887e-06,0.10017320535148201
672,User_1186,Unknown,17,0.004210004952947003,0.3153455681374463,4.4784669117567125e-08,2.0299986725911632e-06,0.00015350879264521212,7.419497431777292e-08,7.419497431836945e-08,0.07389362523081909
673,User_1187,Unknown,20,0.004952947003467063,0.33510373443983404,4.900636954572068e-05,2.9149787914754945e-06,0.00019058115635701932,1.0146365168912736e-07,1.0146365168890998e-07,0.08504956059176876
674,User_1188,Unknown,32,0.0079247152055473,0.3157154026583268,1.825136249749988e-06,2.5146814457394388e-06,0.0002325225308625334,9.194118723508017e-08,9.194118723508304e-08,0.07762648072966803
675,User_1189,Unknown,38,0.009410599306587419,0.31690472453304036,1.9993353173706297e-05,2.657329471637413e-06,0.00027641719393737993,9.547897351244462e-08,9.547897351215634e-08,0.0798849834036898
676,User_1190,Unknown,39,0.009658246656760773,0.31588828913400613,2.3743281621022358e-06,2.7743625165183766e-06,0.00019737923445210028,9.58591745117605e-08,9.585917451167942e-08,0.07800988654556618
677,User_1191,Unknown,110,0.027241208519068846,0.31817823654558347,2.054344666285917e-05,5.2172331423866034e-05,0.00032834742248486035,9.554384686950297e-07,9.554384686955023e-07,0.09147768984350846
678,User_1192,Unknown,97,0.024021792966815253,0.3192094861660079,4.87305666857659e-05,4.727071822277399e-06,0.00044396521442319745,1.4555822344387838e-07,1.455582234445359e-07,0.09230277354874647
679,User_1193,Unknown,9,0.002228826151560178,0.3358004158004158,0.0005376780561990561,1.952465605699305e-06,0.00012864605304467908,7.272879550928519e-08,7.27287955092128e-08,0.08287214840124253
680,User_1194,Unknown,4,0.0009905894006934125,0.31502574504602904,1.2268880365288735e-07,1.8184489786452558e-06,0.00010204552009721263,6.74652099575977e-08,6.746520995743007e-08,0.07098101155097694
681,User_1195,Unknown,49,0.012134720158494303,0.3161355985281453,2.850855451855368e-06,2.4265784596957095e-05,0.00017495491738975068,5.168812479951264e-07,5.168812479947422e-07,0.07913275728950327
682,User_1196,Unknown,26,0.0064388311045071814,0.3333333333333333,5.553564720935824e-05,3.9621012364035325e-05,0.00012488939910990538,2.0918460651174366e-06,2.091846065117227e-06,0.0838826155613049
683,User_1197,Unknown,15,0.003714710252600297,0.33303092783505156,0.0001622931198521635,3.0230435124052383e-05,0.00018676741484247302,1.870667975042028e-06,1.8706679750419109e-06,0.08339852511218038
684,User_1198,Unknown,83,0.02055473006438831,0.3169793547374205,2.311529202203818e-06,4.323407986456423e-05,0.0002453512738695082,7.148042846811558e-07,7.148042846812028e-07,0.0855789037021651
685,User_1199,Unknown,217,0.05373947498761763,0.3203490678302261,6.814670861894296e-05,9.502319493290466e-05,0.0006046332762404054,1.62845184625365e-06,1.6284518462529132e-06,0.11254262578536998
686,User_1200,Unknown,4,0.0009905894006934125,0.31502574504602904,8.588216255702114e-08,1.8829263526106893e-06,7.322702920804281e-05,7.12630044225879e-08,7.126300442334324e-08,0.0704376465543446
687,User_1201,Unknown,58,0.014363546310054482,0.3163585083046067,1.926901414841571e-06,2.727226712733869e-05,0.0001907954385917116,5.123279229828763e-07,5.123279229833112e-07,0.08078025774124376
688,User_1202,Unknown,9,0.002228826151560178,0.3151486771247951,1.50293784474787e-06,2.4401847592974926e-06,0.00016099416138802572,1.0407029394440978e-07,1.0407029394439401e-07,0.07284264161141675
689,User_1203,Unknown,8,0.001981178801386825,0.3151240830341814,3.928520278582353e-07,2.132549913388867e-06,0.00010792918829662194,8.539422812415213e-08,8.539422812411833e-08,0.07169064851032515
690,User_1204,Unknown,107,0.026498266468548786,0.3194620253164557,6.200922565639917e-05,4.423135219573973e-06,0.0004934679054649538,1.4445868385434265e-07,1.4445868385475617e-07,0.09473657510634051
691,User_1205,Unknown,102,0.02526002971768202,0.31745283018867926,8.796316505575177e-06,4.493128682772783e-05,0.0003059932800993079,8.146425144504932e-07,8.146425144514856e-07,0.08957219772772748
692,User_1206,Unknown,1,0.00024764735017335313,0.31495203182279075,0.0,1.774621069210282e-06,4.2799006860415876e-05,6.605066102067359e-08,6.605066102061558e-08,0.06941530071070742
693,User_1207,Unknown,72,0.017830609212481426,0.31670588235294117,5.107837518386534e-06,3.220877588937879e-05,0.0002276490619968033,5.0771072089978e-07,5.077107208998539e-07,0.083575611602794
694,User_1208,Unknown,3,0.0007429420505200594,0.31500117013807627,0.0,1.79971225796678e-06,9.225307863420155e-05,6.687961830178338e-08,6.687961830168794e-08,0.07064688623279161
695,User_1209,Unknown,76,0.018821198613174838,0.31732809430255404,8.5338615888316e-06,3.394763496334783e-05,0.00024008401100627163,5.876391854935182e-07,5.876391854938412e-07,0.08468070876417114
696,User_1210,Unknown,40,0.009905894006934125,0.3351593625498008,8.177672980307953e-05,6.9430537333581715e-06,0.0002662527959361038,3.653454902035294e-07,3.653454902038127e-07,0.08927008152193039
697,User_1211,Unknown,173,0.042842991579990095,0.31923472211241993,3.71436471962392e-05,8.051403281797975e-05,0.0004891572250914299,1.3973539533366665e-06,1.3973539533371476e-06,0.10373614168274355
698,User_1212,Unknown,26,0.0064388311045071814,0.3155673648015005,3.5390165720749754e-06,2.5861876342180324e-06,0.0002213733001645049,9.016117142313481e-08,9.016117142312933e-08,0.0765205368494859
699,User_1213,Unknown,20,0.004952947003467063,0.31541946570848306,1.6812888917152271e-06,2.1417179740818703e-06,0.0001728584352313365,7.848348893888703e-08,7.848348893835488e-08,0.07470750660192106
700,User_1214,Unknown,114,0.028231797919762255,0.31775259678942397,3.016157908602511e-05,5.053819546413543e-05,0.00036440238006022076,9.737209777105087e-07,9.737209777105095e-07,0.09249038914197151
701,User_1215,Unknown,43,0.010648836057454186,0.3164080865068171,1.0433621952595447e-05,2.7945205176827025e-06,0.00023687811026260264,9.571547304871087e-08,9.571547304858899e-08,0.07956859388039474
702,User_1216,Unknown,36,0.008915304606240713,0.3158141717503519,1.3238757111351486e-06,2.3520082588996335e-06,0.0002863962818504734,8.423998249402902e-08,8.423998249451466e-08,0.07923947439195868
703,User_1217,Unknown,47,0.011639425458147598,0.335493519441675,0.00024294854582797198,9.677738325440154e-06,0.0002883833181781798,4.0325525555133143e-07,4.032552555511577e-07,0.09086879740446761
704,User_1218,Unknown,11,0.0027241208519068845,0.3151978768246039,6.309709902148491e-07,1.9251113380466464e-06,0.00016913175950077764,7.08210552947721e-08,7.082105529440483e-08,0.07329221041061348
705,User_1219,Unknown,54,0.01337295690936107,0.31625939849624063,3.343289699981679e-06,2.813524413396064e-05,0.00018235170165888673,5.623939377052711e-07,5.62393937705239e-07,0.08002737591767213
706,User_1220,Unknown,9,0.002228826151560178,0.3151486771247951,2.678487902908467e-07,4.749003560939759e-06,7.578039155776186e-05,1.3473867971918195e-07,1.3473867971938648e-07,0.07123970329053858
707,User_1221,Unknown,71,0.017582961862308073,0.3166810446239511,5.1588836003854774e-05,3.491920392162972e-06,0.00037320248436072763,1.1760806825859664e-07,1.1760806825914282e-07,0.08612446692507587
708,User_1222,Unknown,142,0.03516592372461615,0.31845425867507887,4.5186889944792966e-05,6.393279202453908e-05,0.00043236382762140767,1.2199525659189305e-06,1.2199525659188333e-06,0.09799599869035984
709,User_1223,Unknown,22,0.005448241703813769,0.31720345640219955,9.285853134559498e-06,3.2933785572740056e-06,0.00015866069021574174,1.0676323676822709e-07,1.067632367686854e-07,0.07562418754172855
710,User_1224,Unknown,2,0.0004952947003467063,0.3149765990639626,0.0,1.7872398509401108e-06,6.734632185892268e-05,6.647296673257935e-08,6.64729667326309e-08,0.07002770274445055
711,User_1225,Unknown,30,0.007429420505200594,0.3156660412757974,2.516374077070158e-06,2.4613568043166373e-06,0.00022335581309615833,8.927105094062218e-08,8.927105094071514e-08,0.07715483422400664
712,User_1226,Unknown,35,0.00866765725606736,0.3348814065350804,0.0001935458268053748,6.385492772709483e-06,0.0002499054175572694,3.3380061999211514e-07,3.3380061999248836e-07,0.08816735946721657
713,User_1227,Unknown,84,0.020802377414561663,0.31700423928403204,1.8002356976169725e-05,3.7705263245056456e-06,0.0003891347451495122,1.2408557655876976e-07,1.2408557655962237e-07,0.08835866651523407
714,User_1228,Unknown,23,0.005695889053987122,0.31549339792171266,2.3138484264837815e-06,2.235577593344703e-06,0.0001888362887461774,8.206468333446271e-08,8.206468333447617e-08,0.07545744235059226
715,User_1229,Unknown,47,0.011639425458147598,0.31650728954381563,8.110881570609749e-06,2.878653861210282e-06,0.00023570249884920412,9.8201580231491e-08,9.820158023199182e-08,0.08014366817938433
716,User_1230,Unknown,125,0.03095591877166914,0.31802788060171694,1.445397773095992e-05,6.0918932606534454e-05,0.00036253498633886304,1.0994556008458184e-06,1.0994556008460537e-06,0.09411683879796408
717,User_1231,Unknown,74,0.01832590391282813,0.3169793547374205,1.2859581787970434e-05,3.566940811674718e-06,0.0003486721484579703,1.1907237249669482e-07,1.1907237249717554e-07,0.08621232337873097
718,User_1232,Unknown,29,0.007181773155027241,0.31564136637223483,9.81331766414874e-07,2.225915079119364e-06,0.00023801476055604286,8.047937544433964e-08,8.047937544476418e-08,0.07728077808229641
719,User_1233,Unknown,2,0.0004952947003467063,0.3153948293368742,0.0,1.799607578523384e-06,4.955616292020415e-05,6.676317009885245e-08,6.676317009896202e-08,0.06990443104962309
720,User_1234,Unknown,15,0.003714710252600297,0.31529632232372923,5.701236625734793e-07,2.0685627184170736e-06,0.00014279907402729594,7.576523030352193e-08,7.57652303035084e-08,0.0733932167535308
721,User_1235,Unknown,107,0.026498266468548786,0.3182033096926714,5.244736068096802e-05,4.9156221101845684e-06,0.0004955499598163682,1.5017119388729617e-07,1.501711938880827e-07,0.09413510736346944
722,User_1236,Unknown,43,0.010648836057454186,0.31598716644494873,1.0213526281529763e-05,2.640747674392223e-06,0.0003212316683325721,9.528984538434141e-08,9.528984538405699e-08,0.08094585943333991
723,User_1237,Unknown,60,0.014858841010401188,0.3369211514392991,0.0001850496168623415,1.1435901440871248e-05,0.00035303117726375095,4.4226682099363954e-07,4.4226682099413987e-07,0.09457906364918676
724,User_1238,Unknown,152,0.037642397226349676,0.3198162521780453,8.270580129473509e-05,6.324743886469266e-05,0.0004491835163622033,1.0823683950929454e-06,1.0823683950929028e-06,0.10037667557150899
725,User_1239,Unknown,9,0.002228826151560178,0.3151486771247951,7.115117103325421e-08,4.90995769797839e-06,6.44480228483939e-05,1.1289977422097377e-07,1.1289977422125459e-07,0.0710250935907981
726,User_1240,Unknown,7,0.001733531451213472,0.3154441059292243,2.9330825797093794e-06,1.860947006748842e-06,0.00014347449691356012,6.913192935448163e-08,6.913192935444608e-08,0.07238636160397482
727,User_1241,Unknown,20,0.004952947003467063,0.31541946570848306,1.96580313854746e-06,2.25807548992659e-06,0.00014088092768627905,8.204125492077534e-08,8.204125492079139e-08,0.07410471235701992
728,User_1242,Unknown,93,0.02303120356612184,0.31775259678942397,1.150637463900528e-05,4.273408671029638e-05,0.0002795811863436992,6.89344300662345e-07,6.893443006630178e-07,0.08798625709047059
729,User_1243,Unknown,112,0.02773650321941555,0.3177025963808025,1.6977310635668962e-05,5.283374850800818e-05,0.0003367498702431142,9.530191925886771e-07,9.530191925880068e-07,0.09166825461356874
730,User_1244,Unknown,12,0.0029717682020802376,0.3152224824355972,1.0597095520910727e-06,2.002121877368265e-06,0.00011457203132793153,7.305361704284364e-08,7.305361704286895e-08,0.07241267615905125
731,User_1245,Unknown,40,0.009905894006934125,0.3176276252654763,6.338606774049768e-06,3.614477994695289e-06,0.0002113316461861325,1.0868714288599899e-07,1.0868714288611176e-07,0.07929581535288885
732,User_1246,Unknown,35,0.00866765725606736,0.3157894736842105,1.3313581765310948e-05,2.6087023810981154e-06,0.00023667927009575406,9.321653493624013e-08,9.321653493632881e-08,0.07815661507172685
733,User_1247,Unknown,24,0.005943536404160475,0.31551804969526487,5.618422534423522e-06,2.9146963710694193e-06,0.0001604877207163838,9.217377799355662e-08,9.217377799320386e-08,0.07507449961297276
734,User_1248,Unknown,8,0.001981178801386825,0.3151240830341814,6.747884200908804e-07,1.9572337423840438e-06,9.474074923005756e-05,7.174677036855486e-08,7.174677036861429e-08,0.07144104753342351
735,User_1249,Unknown,15,0.003714710252600297,0.31529632232372923,2.5146414251457955e-07,2.060262890250863e-06,0.00013424615483533076,7.565369633078015e-08,7.565369633061151e-08,0.07323176330901006
736,User_1250,Unknown,137,0.03392768697374938,0.3188566013897663,2.837695482180395e-05,6.135386337287988e-05,0.00039254981484498143,9.819751900375836e-07,9.819751900371018e-07,0.09674501993921432
737,User_1251,Unknown,12,0.0029717682020802376,0.3152224824355972,1.406433955871716e-07,2.019769286418889e-06,0.00013531497117895866,7.619931167453001e-08,7.61993116744226e-08,0.07280386818379833
738,User_1252,Unknown,3,0.0007429420505200594,0.31500117013807627,0.0,1.8033470803462273e-06,7.279132131268566e-05,6.706226537887493e-08,6.706226537882011e-08,0.07027977633974754
739,User_1253,Unknown,3,0.0007429420505200594,0.31500117013807627,0.0,1.8036062939953777e-06,8.120245909884618e-05,6.710486439764347e-08,6.710486439778351e-08,0.07043844524352955
740,User_1254,Unknown,6,0.0014858841010401188,0.3150749063670412,3.2717014307436624e-07,2.0329745159479826e-06,0.00011321001359308966,8.002897936742467e-08,8.00289793670988e-08,0.07149121203153642
741,User_1255,Unknown,124,0.03070827142149579,0.31847937534505877,3.979613738309245e-05,6.006986741463749e-05,0.0003708890523081733,1.1199818765034435e-06,1.1199818765031706e-06,0.09437398575805785
742,User_1256,Unknown,135,0.033432392273402674,0.3182785528493734,2.2171189621886388e-05,5.986478442291184e-05,0.00039308571542632945,1.0495048309521832e-06,1.0495048309530366e-06,0.09618712720591435
743,User_1257,Unknown,55,0.013620604259534423,0.3162841701261064,2.529728072748183e-06,3.085208518557305e-06,0.0002637911813139037,1.0421449748716447e-07,1.0421449748757248e-07,0.081653898750865
744,User_1258,Unknown,42,0.010401188707280832,0.315962441314554,1.0211562852841594e-05,4.034354650289818e-06,0.00027827596088419613,1.2568832108698756e-07,1.2568832108670598e-07,0.07998966845627001
745,User_1259,Unknown,47,0.011639425458147598,0.3165569143932267,1.510858589854355e-05,2.7888298004932904e-06,0.00034423021078475115,1.0291984535457029e-07,1.0291984535447799e-07,0.08221827484264874
746,User_1260,Unknown,38,0.009410599306587419,0.3158635794743429,2.6504566539663973e-06,2.610387304789611e-06,0.0002667070414268487,9.311947523297804e-08,9.311947523311955e-08,0.07916800660844779
747,User_1261,Unknown,68,0.016840019811788013,0.3183287347260544,1.532446738193746e-05,3.4180102775187137e-06,0.0003406571492549434,1.1552006903152108e-07,1.1552006903175678e-07,0.08592538006324335
748,User_1262,Unknown,2,0.0004952947003467063,0.3149765990639626,0.0,2.545567127864149e-06,4.5332699947320955e-05,8.611923721955186e-08,8.611923721915255e-08,0.06961449393842963
749,User_1263,Unknown,6,0.0014858841010401188,0.3150749063670412,4.498589467272536e-07,2.3390376228848312e-06,6.66089588936348e-05,7.686381535738018e-08,7.686381535740268e-08,0.07061248318273695
750,User_1264,Unknown,5,0.0012382367508667657,0.3150503237887181,1.2268880365288733e-07,1.833513814374577e-06,8.396784003692024e-05,6.795166291497681e-08,6.795166291498228e-08,0.07078935414014852
751,User_1265,Unknown,31,0.007677067855373947,0.3162098668754894,3.6741027125095773e-06,1.2773253856990558e-05,0.0001276292348067236,2.9054537131515624e-07,2.905453713153881e-07,0.07578712074522118
752,User_1266,Unknown,13,0.0032194155522535907,0.31559202813599063,1.748601490008855e-06,3.0034965870715338e-06,0.00014395085086708938,1.0065046159112437e-07,1.0065046159054725e-07,0.07329427934649171
753,User_1267,Unknown,120,0.029717682020802376,0.31790269248937175,7.852366624046758e-06,6.102403417586448e-05,0.0003395246622273768,1.0476670673427614e-06,1.0476670673422149e-06,0.09293082586124209
754,User_1268,Unknown,11,0.0027241208519068845,0.3166810446239511,4.548095617784213e-06,2.0425347335817774e-06,0.00012612690807695833,7.64521829004345e-08,7.64521829003696e-08,0.07323540962544403
755,User_1269,Unknown,126,0.031203566121842496,0.31805293005671076,1.4917563247620366e-05,6.091589037959505e-05,0.00036560615935305,1.0930862857425454e-06,1.0930862857427779e-06,0.09432415982295474
756,User_1270,Unknown,2,0.0004952947003467063,0.3149765990639626,0.0,1.7911790600316148e-06,5.623163310997624e-05,6.657441197705064e-08,6.657441197707e-08,0.06981804744790408
757,User_1271,Unknown,96,0.0237741456166419,0.3173031588873173,5.8868118494388234e-06,4.4174194396933895e-05,0.0002871067131643854,7.211076409008504e-07,7.211076409011641e-07,0.0883125679815366
758,User_1272,Unknown,84,0.020802377414561663,0.3174777891343659,2.532112057723758e-05,4.015585991830045e-05,0.0002754507237652246,7.628932962493198e-07,7.628932962480866e-07,0.08654100714388745
759,User_1273,Unknown,64,0.0158494304110946,0.3182785528493734,2.8696639199378683e-05,3.872413617094453e-06,0.0003376530679826453,1.2072671024786357e-07,1.2072671024783104e-07,0.08530079366750264
760,User_1274,Unknown,25,0.006191183754333828,0.33552139592854174,0.00023407897164604482,3.2606190648079367e-06,0.0002292680588774566,1.1982997843487948e-07,1.1982997843586837e-07,0.08673192232537029
761,User_1275,Unknown,57,0.014115898959881128,0.31680527224227206,2.1284669511936835e-05,3.0468963046269523e-06,0.0003811725880908733,1.0832247955199487e-07,1.0832247955113433e-07,0.08441205165571423
762,User_1276,Unknown,2,0.0004952947003467063,0.3149765990639626,0.0,2.232492966702432e-06,4.535448414876846e-05,7.270117396701327e-08,7.27011739669815e-08,0.06961380938810824
763,User_1277,Unknown,124,0.03070827142149579,0.31989226016002537,8.854793741052352e-05,4.7482333782520095e-06,0.0005717524252620442,1.5437334946446178e-07,1.543733494657913e-07,0.09876676158133897
764,User_1278,Unknown,36,0.008915304606240713,0.3163337250293772,4.6282586808337805e-06,1.4875525588771616e-05,0.000141941638837076,2.7031978771391857e-07,2.7031978771398215e-07,0.07680664499655175
765,User_1279,Unknown,44,0.010896483407627538,0.3160118954452966,1.036687705074035e-06,2.82372386611247e-06,0.0002170315102479609,9.657795014361012e-08,9.657795014395887e-08,0.07912723652475251
766,User_1280,Unknown,76,0.018821198613174838,0.31680527224227206,8.55368643929096e-06,3.2922341102808265e-05,0.00024930813613243676,6.147017095245241e-07,6.147017095245592e-07,0.0845890695328771
767,User_1281,Unknown,41,0.010153541357107478,0.31765261170547515,4.02440283187646e-06,2.847835342279342e-06,0.00021776277516093463,9.840407346136196e-08,9.840407346096842e-08,0.0795643341304858
768,User_1282,Unknown,68,0.016840019811788013,0.3183287347260544,1.2762331860801215e-05,3.4508605622899925e-06,0.00033803374354758603,1.1635413262348432e-07,1.1635413262334207e-07,0.0858752189309567
769,User_1283,Unknown,32,0.0079247152055473,0.3163337250293772,2.4959013715160897e-05,7.241372248673047e-06,0.00024953625406754084,2.4916521810734524e-07,2.491652181077101e-07,0.07828257467342145
770,User_1284,Unknown,60,0.014858841010401188,0.3181281021035216,1.84652962200761e-05,3.281002038831496e-06,0.00028988072723084614,1.1120606643433484e-07,1.1120606643474958e-07,0.08377153906310982
771,User_1285,Unknown,55,0.013620604259534423,0.3162841701261064,1.6055545041972082e-06,2.3853644977388894e-05,0.00018338746485295422,3.796974858495732e-07,3.7969748584954697e-07,0.08018086377250956
772,User_1286,Unknown,23,0.005695889053987122,0.31549339792171266,9.669787304861854e-07,2.3531594137161158e-06,0.0001357280502794731,8.268584134725358e-08,8.268584134708802e-08,0.0744554206234015
773,User_1287,Unknown,66,0.016344725111441305,0.3165569143932267,1.4514998713654514e-06,3.602640904273494e-05,0.00020261266507830478,6.006928593799204e-07,6.006928593801492e-07,0.08221566870890921
774,User_1288,Unknown,92,0.022783556215948488,0.31720345640219955,5.891533447053897e-06,4.2169817080855845e-05,0.00027570619890992897,6.85923947515167e-07,6.859239475153651e-07,0.08749491431095313
775,User_1289,Unknown,85,0.021050024764735015,0.336359850062474,0.0005941285594746535,8.754647081922006e-05,0.0002518163566987363,3.539607888810758e-06,3.53960788881061e-06,0.09618600871833552
776,User_1290,Unknown,87,0.021545319465081723,0.31760264275601696,1.366044222525689e-05,3.888708668789362e-05,0.0002700079331546176,6.994272955224126e-07,6.994272955230811e-07,0.08690388719248396
777,User_1291,Unknown,113,0.027984150569588903,0.3177275946179873,8.631256125339732e-06,5.704455123643054e-05,0.0003267347125145855,9.623353344236382e-07,9.623353344220693e-07,0.09163311402502383
778,User_1292,Unknown,55,0.013620604259534423,0.3162841701261064,2.5887165347347324e-06,3.113274042891495e-06,0.0002645430794098729,1.0497933014563877e-07,1.0497933014605008e-07,0.08166817773454474
779,User_1293,Unknown,48,0.01188707280832095,0.31611085016439644,9.447139540685118e-07,2.6363826614599684e-05,0.00015915390320103966,4.7625663120078404e-07,4.762566312007396e-07,0.07868596832010562
780,User_1294,Unknown,22,0.005448241703813769,0.31725329981143935,3.4096342118972574e-06,3.1316708805995916e-06,0.0001591934740141047,1.119877685424956e-07,1.119877685421496e-07,0.07565779255002594
781,User_1295,Unknown,5,0.0012382367508667657,0.3150503237887181,1.8812283226776058e-07,1.83194126683495e-06,8.264573816377628e-05,6.791004388924098e-08,6.791004388920387e-08,0.0707644293503591
782,User_1296,Unknown,25,0.006191183754333828,0.3160118954452966,5.918566819728002e-06,2.3979937778360215e-06,0.00018627975122996346,8.860776574661465e-08,8.860776574632383e-08,0.07594769076879122
783,User_1297,Unknown,6,0.0014858841010401188,0.3153948293368742,9.201660273966552e-08,2.161185841712047e-06,0.00010038155887818817,8.805347486098087e-08,8.805347486079277e-08,0.07141210272995005
784,User_1298,Unknown,71,0.017582961862308073,0.3166810446239511,5.466704532349363e-06,4.017962928292898e-06,0.00032904917824218727,1.2232834793930392e-07,1.223283479400446e-07,0.0852788612455814
785,User_1299,Unknown,31,0.007677067855373947,0.3156907200375264,2.136862854137486e-06,2.429235190152376e-06,0.00022624671911042433,8.68280311594522e-08,8.682803115975365e-08,0.07735845574795648
786,User_1300,Unknown,31,0.007677067855373947,0.3363318340829585,3.5586691762078366e-05,6.851974457746504e-06,0.00020509501661231122,3.635768852248538e-07,3.6357688522426177e-07,0.0874660600911119
787,User_1301,Unknown,6,0.0014858841010401188,0.3150749063670412,1.7789876529668665e-07,2.191105585786098e-06,8.090201814611159e-05,8.363725525533388e-08,8.363725525526343e-08,0.07088211945397857
788,User_1302,Unknown,107,0.026498266468548786,0.3175776641761699,7.2928782526338995e-06,5.503361159021567e-05,0.0003084481374135309,8.955575274015389e-07,8.955575274009512e-07,0.0903845102724675
789,User_1303,Unknown,48,0.01188707280832095,0.317827626918536,8.733990961395752e-06,3.0376177371094597e-06,0.00025044547978628646,1.0500996391898306e-07,1.0500996391886215e-07,0.08122953840893435
790,User_1304,Unknown,38,0.009410599306587419,0.3158635794743429,9.713518916487525e-06,2.4839257496583116e-06,0.00030379143007376174,8.88293823292274e-08,8.882938232934678e-08,0.07986927143141997
791,User_1305,Unknown,104,0.025755324418028726,0.31775259678942397,4.4554851776690305e-05,4.808432607699319e-05,0.0003349638948766877,9.372702953287152e-07,9.372702953282763e-07,0.09056560457805303
792,User_1306,Unknown,26,0.0064388311045071814,0.3155673648015005,2.851191334095046e-06,2.343599147541215e-06,0.00019510498374976333,8.485075434954674e-08,8.485075434947874e-08,0.07602419924868861
793,User_1307,Unknown,31,0.007677067855373947,0.3354099177672564,0.00014372457497043926,2.6541820786414135e-06,0.00029500086652980073,1.0457279146332279e-07,1.0457279146324515e-07,0.08870784741490091
794,User_1308,Unknown,20,0.004952947003467063,0.31541946570848306,1.6032099195475897e-06,2.12114621715575e-06,0.00017357913313269227,7.687703877932885e-08,7.687703877952615e-08,0.07472097269961187
795,User_1309,Unknown,43,0.010648836057454186,0.3177025963808025,3.950247509070172e-06,2.8800167657085643e-06,0.0002230748574785905,9.95636186022086e-08,9.95636186022523e-08,0.07996366495151916
796,User_1310,Unknown,27,0.006686478454680535,0.31559202813599063,8.426877633892649e-07,2.4026703283900687e-06,0.0002000401430300272,8.754247208278653e-08,8.754247208264867e-08,0.07626626752333952
797,User_1311,Unknown,24,0.005943536404160475,0.3165569143932267,1.3474909699304442e-05,2.3413047543146677e-06,0.00018486775764211784,8.717006028348603e-08,8.717006028348567e-08,0.07606295652604125
798,User_1312,Unknown,80,0.01981178801386825,0.33535420646125735,0.0002746179397656809,6.633562338994089e-05,0.00026810581271515026,2.5779551752911293e-06,2.5779551752910798e-06,0.09512699482707124
799,User_1313,Unknown,34,0.008420009905894007,0.336528044003667,4.4278345481735896e-05,7.043632604371485e-06,0.00022037259327006462,3.7083928988964883e-07,3.7083928988938334e-07,0.08826756653916792
800,User_1314,Unknown,26,0.0064388311045071814,0.3160366283165062,4.111654093683345e-06,2.250436756333978e-06,0.00021453958274717753,8.181985383701703e-08,8.181985383743372e-08,0.07662909547494622
801,User_1315,Unknown,44,0.010896483407627538,0.3160118954452966,1.301804965624592e-06,2.8299061047472617e-06,0.00021872815746181942,9.652457947764776e-08,9.652457947799703e-08,0.07915932742342864
802,User_1316,Unknown,32,0.0079247152055473,0.3157154026583268,8.336145044750325e-07,2.5614670664430623e-06,0.0001763394397781185,8.868527207098418e-08,8.868527207113639e-08,0.07656627396831363
803,User_1317,Unknown,21,0.005200594353640416,0.33616383616383616,0.0006864787328488343,3.1886360030773054e-06,0.00022005486872525278,1.2593715599205915e-07,1.2593715599184353e-07,0.08647154855207408
804,User_1318,Unknown,41,0.010153541357107478,0.3181531673495115,4.940688130790902e-06,3.7961937103811174e-06,0.0002573860175794772,1.2972828133389512e-07,1.297282813337142e-07,0.08056901129083267
805,User_1319,Unknown,27,0.006686478454680535,0.31559202813599063,1.6517240733321184e-07,2.1914893488576725e-06,0.0002226264977644153,7.930574587228371e-08,7.930574587354958e-08,0.07669143101836971
806,User_1320,Unknown,64,0.0158494304110946,0.3372025052192067,0.00011521510532439409,8.10265782847613e-06,0.0003858384632846439,4.104578728187497e-07,4.104578728186181e-07,0.0958608536012555
807,User_1321,Unknown,25,0.006191183754333828,0.31554270532155976,2.949161941029394e-06,8.00518353149436e-06,0.00016583499657631256,2.888435417123903e-07,2.8884354171204334e-07,0.0753407353520554
808,User_1322,Unknown,90,0.02228826151560178,0.3175776641761699,2.898799732956209e-05,3.857473121591864e-06,0.00042002355528996174,1.2692307549348122e-07,1.2692307549433056e-07,0.0900569572170774
809,User_1323,Unknown,77,0.01906884596334819,0.3168301294625343,4.474479570755664e-06,3.683615676669891e-05,0.00024124164352257914,7.252030850990242e-07,7.252030850991006e-07,0.08459616650629179
810,User_1324,Unknown,40,0.009905894006934125,0.31777760289604157,6.374425031004622e-06,2.8359570153055287e-06,0.00021702679851464597,9.847601164840048e-08,9.847601164824271e-08,0.07947774227742131
811,User_1325,Unknown,18,0.004457652303120356,0.31537019681349576,1.1442160880068264e-06,2.555259273227072e-06,0.00018561767839729118,1.0689009629450387e-07,1.068900962943877e-07,0.07465130065599127
812,User_1326,Unknown,2,0.0004952947003467063,0.3149765990639626,0.0,1.7911283089735107e-06,5.808584539162728e-05,6.6691590793317e-08,6.669159079329754e-08,0.06985303044584408
813,User_1327,Unknown,49,0.012134720158494303,0.3342438539855972,0.00018274586355308852,4.482550900717592e-05,0.00025782251719548896,2.29195844747972e-06,2.2919584474795456e-06,0.09005460832760671
814,User_1328,Unknown,20,0.004952947003467063,0.33510373443983404,0.00010305615718420479,2.149111270871158e-06,0.00020916076689625208,8.042120113310074e-08,8.042120113271773e-08,0.08541398309016678
815,User_1329,Unknown,136,0.033680039623576026,0.3193104538984659,6.31453366830348e-05,6.077408425596003e-05,0.00040482018787485886,1.1246338613390973e-06,1.1246338613387864e-06,0.09708615026475965
816,User_1330,Unknown,122,0.03021297672114908,0.3179527559055118,2.2959602654439985e-05,5.7071514286161525e-05,0.0003641707482981692,9.851008176806458e-07,9.851008176806852e-07,0.09369048113919563
817,User_1331,Unknown,146,0.036156513125309556,0.3185547491322184,2.619020760205347e-05,6.703876441629185e-05,0.0004196207118178462,1.161180965323645e-06,1.161180965323165e-06,0.09835022517967122
818,User_1332,Unknown,42,0.010401188707280832,0.31888178156834873,1.5913428164500787e-05,3.244996336201815e-06,0.0002721328258739908,1.2118380182069708e-07,1.211838018203918e-07,0.08135590057875053
819,User_1333,Unknown,33,0.008172362555720653,0.3157400891391039,5.903743309190127e-07,2.283135341388402e-06,0.00026585679804314537,8.225804843686981e-08,8.22580484374675e-08,0.07840349444711703
820,User_1334,Unknown,100,0.024764735017335313,0.33644392601233125,0.0005349134458434096,6.85236679868997e-05,0.00035880941598434823,2.5664722466826897e-06,2.566472246682535e-06,0.10020799209665263
821,User_1335,Unknown,128,0.0316988608221892,0.31810304080668034,1.3360592990216347e-05,6.37796514847998e-05,0.0003643631139242206,1.0599903500950118e-06,1.0599903500951315e-06,0.0946020987015197
822,User_1336,Unknown,55,0.013620604259534423,0.3162841701261064,1.0309179718307657e-06,2.6313578420433533e-05,0.00017740643269040075,4.2572291718763857e-07,4.257229171879306e-07,0.08007370061463212
823,User_1337,Unknown,36,0.008915304606240713,0.3158141717503519,1.9173270941456426e-05,8.052882270046309e-06,0.0002758327095285599,3.346353040875546e-07,3.346353040876375e-07,0.0790657423802755
824,User_1338,Unknown,68,0.016840019811788013,0.3352428393524284,0.00043617240714322996,7.135682546712058e-06,0.0004437230667678358,3.5679026725721894e-07,3.5679026725661707e-07,0.09659689508380273
825,User_1339,Unknown,100,0.024764735017335313,0.3174029240685427,1.250538852893423e-05,4.733151002011752e-05,0.00029958115539285027,7.59467119878075e-07,7.594671198779609e-07,0.08915435567193397
826,User_1340,Unknown,63,0.015601783060921248,0.3164824829532095,1.8827266537927799e-06,2.8173259653024196e-05,0.00019998190396897398,4.5300609573819427e-07,4.5300609573864113e-07,0.08169922457264134
827,User_1341,Unknown,123,0.030460624071322436,0.31797779352704936,1.3049740061982123e-05,6.054465304599006e-05,0.00035434216959185955,1.0519957897593478e-06,1.0519957897597648e-06,0.0936599999656239
828,User_1342,Unknown,10,0.0024764735017335313,0.31517327505463627,8.801992201460934e-07,2.307766580757662e-06,0.00010144083867098672,7.793512631323749e-08,7.793512631326429e-08,0.07186695385924034
829,User_1343,Unknown,37,0.009162951956414065,0.31845425867507887,4.059555180076397e-05,4.317577089389907e-06,0.00025988909158229927,1.3800211579074055e-07,1.380021157904212e-07,0.08023348016734823
830,User_1344,Unknown,91,0.022535908865775136,0.3177025963808025,1.2939703942315852e-05,4.063356686195721e-05,0.00027865162262452907,6.689281038112701e-07,6.689281038117334e-07,0.08766599716288556
831,User_1345,Unknown,97,0.024021792966815253,0.31775259678942397,2.7944151339637198e-05,4.026355828629224e-06,0.0004447062292058228,1.3190185551611717e-07,1.3190185551715656e-07,0.09156939033415469
832,User_1346,Unknown,5,0.0012382367508667657,0.3150503237887181,0.0,2.553679602030182e-06,6.392130505783008e-05,9.194357290500883e-08,9.194357290510465e-08,0.0704133615381931
833,User_1347,Unknown,74,0.01832590391282813,0.31675556950109823,1.5740206760257724e-05,3.5722304342602428e-06,0.0003609320327356507,1.1822054532799386e-07,1.1822054532942456e-07,0.08633082669038115
834,User_1348,Unknown,37,0.009162951956414065,0.31630894563684786,6.8584372603843805e-06,2.527014072643165e-06,0.00027085799061188744,9.24321775783165e-08,9.243217757824255e-08,0.07933662833846064
835,User_1349,Unknown,42,0.010401188707280832,0.3185296205726907,1.627648288317239e-05,3.406892489383399e-06,0.0002727764251503193,1.32881969292996e-07,1.3288196929339885e-07,0.08119018652598482
836,User_1350,Unknown,33,0.008172362555720653,0.3157400891391039,5.63537112819419e-06,2.972131717383011e-06,0.00017650106052978704,9.414204163992701e-08,9.414204164021115e-08,0.07672098690812694
837,User_1351,Unknown,67,0.01659237246161466,0.31658173265386125,1.9700291520238724e-06,3.672756792948646e-05,0.00020868136221245754,6.593898338833385e-07,6.593898338831924e-07,0.0824835270131505
838,User_1352,Unknown,234,0.05794947994056463,0.3391567277003192,0.0011108897670658814,0.00012709816165772675,0.0006690772431300504,3.5191377386170044e-06,3.5191377386170375e-06,0.12607732589025886
839,User_1353,Unknown,3,0.0007429420505200594,0.31500117013807627,6.134440182644368e-08,1.8128145580764815e-06,6.649636355641702e-05,6.727725343378624e-08,6.727725343357681e-08,0.07016107159253955
840,User_1354,Unknown,5,0.0012382367508667657,0.3150503237887181,1.9347080576032235e-07,1.8471590364096596e-06,7.136681466589654e-05,6.829194589293508e-08,6.829194589281623e-08,0.0705517075293542
841,User_1355,Unknown,37,0.009162951956414065,0.31583887368009383,2.631676907132107e-06,2.6104276280172874e-06,0.00026268521755598817,9.385024578652805e-08,9.385024578673722e-08,0.07894279146674184
842,User_1356,Unknown,20,0.004952947003467063,0.31541946570848306,1.914789001252586e-06,2.1955409721706055e-06,0.00018691590624782573,7.867167495327126e-08,7.86716749533222e-08,0.07497284356794058
843,User_1357,Unknown,31,0.007677067855373947,0.31893215385830503,2.6092321085324083e-05,3.6375897976930634e-06,0.00022677586857266114,1.300347164016662e-07,1.3003471640163644e-07,0.07902468911343256
844,User_1358,Unknown,77,0.01906884596334819,0.33776662484316183,0.00019149200350351345,9.087606512112778e-06,0.00045858392018887126,4.3203793709921427e-07,4.3203793709940766e-07,0.09932348440423584
845,User_1359,Unknown,84,0.020802377414561663,0.31700423928403204,8.61515606787029e-06,3.506009524844183e-05,0.0002640483529609664,6.556705961853204e-07,6.556705961855872e-07,0.08606794302667288
846,User_1360,Unknown,37,0.009162951956414065,0.3358004158004158,0.00027639215527264395,2.8362533813576025e-06,0.0003451784489409394,1.1049948036910649e-07,1.1049948036850402e-07,0.09071361047221083
847,User_1361,Unknown,137,0.03392768697374938,0.3383042895442359,0.0019978523087357245,0.00017046573886177947,0.0004212053215125313,8.15947553203011e-06,8.159475532030107e-06,0.10824105501431551
848,User_1362,Unknown,3,0.0007429420505200594,0.31500117013807627,0.0,1.814467828062193e-06,5.543259899733526e-05,6.734691926316842e-08,6.734691926314447e-08,0.06995235377807574
849,User_1363,Unknown,21,0.005200594353640416,0.3154441059292243,1.8082699728330094e-07,2.0971533857441356e-06,0.00018142968761421704,7.630026517101177e-08,7.630026517128021e-08,0.07501792206799549
850,User_1364,Unknown,12,0.0029717682020802376,0.3152224824355972,6.882257652528634e-07,2.5612742349966968e-06,0.00010078087628150593,9.148387331030483e-08,9.148387331017222e-08,0.07215410934698026
851,User_1365,Unknown,42,0.010401188707280832,0.315962441314554,9.18721322512993e-07,2.1617451916903465e-05,0.00014473248367116335,3.9101955345327373e-07,3.910195534526392e-07,0.07750648077854003
852,User_1366,Unknown,66,0.016344725111441305,0.3165569143932267,2.9948177534290097e-05,4.085947453680299e-06,0.00042972852360729564,1.2623323780895768e-07,1.2623323780898293e-07,0.08643843647272377
853,User_1367,Unknown,166,0.04110946012877662,0.319588444796201,4.879925192318115e-05,7.483570757117934e-05,0.0004739846772732844,1.2693179720949554e-06,1.2693179720938157e-06,0.10266060141720156
854,User_1368,Unknown,10,0.0024764735017335313,0.31517327505463627,2.095933729070159e-07,2.0780120110026685e-06,0.0001628119956943117,8.16295984966752e-08,8.162959849669319e-08,0.07302427993849119
855,User_1369,Unknown,53,0.013125309559187715,0.3354377803621864,0.0003021278906344193,4.603762761450439e-05,0.0002760220792685219,2.262416104312706e-06,2.262416104311877e-06,0.09158721370500573
856,User_1370,Unknown,112,0.02773650321941555,0.3177025963808025,9.161245788186617e-06,5.1249124253071153e-05,0.00032568698338519386,8.143249247158365e-07,8.143249247158402e-07,0.09144839157519061
857,User_1371,Unknown,37,0.009162951956414065,0.3164824829532095,1.913741547367247e-05,2.924169459396917e-06,0.00028807586460561003,9.753409389933551e-08,9.753409390049008e-08,0.07975399228237479
858,User_1372,Unknown,7,0.001733531451213472,0.3150994927818962,0.0,1.876787728765483e-06,8.762841615805366e-05,6.925042163736195e-08,6.92504216379966e-08,0.07115712583410745
859,User_1373,Unknown,73,0.018078256562654778,0.31845425867507887,3.6434479193578756e-05,3.5902905855586727e-06,0.00037970838357333795,1.2091958153947522e-07,1.2091958153943544e-07,0.08741671896118527
860,User_1374,Unknown,42,0.010401188707280832,0.33675256442331747,6.636010775141296e-05,7.353153206959651e-06,0.00026528685976761994,3.8339526700598904e-07,3.8339526700585823e-07,0.09033109162941026
861,User_1375,Unknown,74,0.01832590391282813,0.31675556950109823,3.6969063565672142e-06,3.386421588838089e-05,0.00023057585087804145,5.787684973459996e-07,5.787684973457949e-07,0.08393509338778406
862,User_1376,Unknown,182,0.04507181773155027,0.3382192813468465,0.0007910239758386794,0.00011047423824161647,0.0005180650615935587,3.264771021527706e-06,3.2647710215274875e-06,0.11550546218275057
863,User_1377,Unknown,190,0.0470529965329371,0.3201966537150107,7.45619948822765e-05,8.336276147869251e-05,0.000551755504577734,1.4901794758081433e-06,1.4901794758073214e-06,0.10775119195031702
864,User_1378,Unknown,32,0.0079247152055473,0.3157154026583268,5.348348418314837e-07,2.2682283831037644e-06,0.00025897305397414884,8.177808676591239e-08,8.177808676648534e-08,0.07812421238822469
865,User_1379,Unknown,51,0.01263001485884101,0.3161851068827813,1.2172916992587764e-06,3.0323783640958026e-06,0.0002451904025116176,1.02446999475948e-07,1.024469994762287e-07,0.0807048360554578
866,User_1380,Unknown,85,0.021050024764735015,0.3170291277380859,3.989599412762167e-06,4.109967350241558e-05,0.00025288152369569043,6.69363770858353e-07,6.693637708586361e-07,0.08601507058219572
867,User_1381,Unknown,27,0.006686478454680535,0.31559202813599063,3.0436269517348414e-07,2.4676877635458038e-06,0.00014735790637253581,8.602645648657636e-08,8.602645648663895e-08,0.07527234368758375
868,User_1382,Unknown,41,0.010153541357107478,0.31765261170547515,1.246140662731281e-06,2.8279239548915085e-06,0.00021661254764195493,9.801097314399416e-08,9.801097314411711e-08,0.07954176225293284
869,User_1383,Unknown,4,0.0009905894006934125,0.31502574504602904,0.0,2.096184691452049e-06,6.722183263956014e-05,8.105722382410175e-08,8.105722382391427e-08,0.07032511660450165
870,User_1384,Unknown,12,0.0029717682020802376,0.315962441314554,6.840888337761616e-06,2.6105089108381935e-06,0.00013888859663401264,1.0225133367962126e-07,1.0225133367916997e-07,0.07325096568074208
871,User_1385,Unknown,15,0.003714710252600297,0.3157647794807632,3.714113923254879e-06,2.700281349193614e-06,0.00013035111629458872,1.0398582501674524e-07,1.0398582501672158e-07,0.07339938059616391
872,User_1386,Unknown,1,0.00024764735017335313,0.31495203182279075,0.0,1.774621069210282e-06,4.2799006860415876e-05,6.605066102067359e-08,6.605066102064556e-08,0.06941530071070742
873,User_1387,Unknown,9,0.002228826151560178,0.3156660412757974,1.927396798661771e-06,2.23189759045711e-06,0.00012949883279103334,9.003067166373778e-08,9.00306716637781e-08,0.07251028286225583
874,User_1388,Unknown,84,0.020802377414561663,0.31700423928403204,5.166721348031939e-06,3.7548192603618533e-05,0.0002581357621361624,6.741483337799048e-07,6.741483337801303e-07,0.0859599720895051
875,User_1389,Unknown,46,0.011391778107974244,0.3160613650594865,8.609655674748559e-07,2.2643212998688636e-05,0.0001600235215287644,4.23407267780386e-07,4.234072677801684e-07,0.07839551778303462
876,User_1390,Unknown,193,0.047795938583457154,0.3197402803072294,4.9723836293144135e-05,8.652135477337972e-05,0.0005404067445837945,1.4938498580515634e-06,1.4938498580510975e-06,0.10771348798195982
877,User_1391,Unknown,175,0.0433382862803368,0.3192852059777022,4.075767919789526e-05,7.87673312109901e-05,0.0004950229194450298,1.3542106521113833e-06,1.3542106521103616e-06,0.10414253282468526
878,User_1392,Unknown,37,0.009162951956414065,0.31755268952500787,6.510512857691885e-06,2.765988083323416e-06,0.00018924342364817897,9.611553536464615e-08,9.611553536422918e-08,0.07842879440078558
879,User_1393,Unknown,53,0.013125309559187715,0.31675556950109823,1.7456768303120492e-05,2.281871962271314e-05,0.0002048759391786356,4.80750477414041e-07,4.807504774136172e-07,0.08055970446221523
880,User_1394,Unknown,2,0.0004952947003467063,0.3149765990639626,0.0,1.787498761402528e-06,6.026784250834164e-05,6.647641855516485e-08,6.647641855530945e-08,0.06989417584954769
881,User_1395,Unknown,2,0.0004952947003467063,0.3149765990639626,0.0,2.042783308370079e-06,4.816298486380282e-05,7.962051046912988e-08,7.962051046930217e-08,0.06966682766641716
882,User_1396,Unknown,54,0.01337295690936107,0.31797779352704936,3.2205921924584923e-06,3.0971053816398e-06,0.00027602909409162686,1.0599688869994312e-07,1.0599688870015992e-07,0.08260788051415453
883,User_1397,Unknown,16,0.00396235760277365,0.3175776641761699,2.379066323525453e-06,2.8610151037885073e-06,0.00011898391044628661,1.0018696040937891e-07,1.0018696040922086e-07,0.07424164648695168
884,User_1398,Unknown,44,0.010896483407627538,0.3160118954452966,2.286263120773745e-06,2.024619417140438e-05,0.00016007603401582468,4.0444519396141726e-07,4.044451939611833e-07,0.07809367459390607
885,User_1399,Unknown,178,0.044081228330856856,0.3193609617209744,4.6908498641589444e-05,8.25955641264536e-05,0.0005031124896682368,1.4201551007251853e-06,1.420155100724234e-06,0.1047547356510335
886,User_1400,Unknown,22,0.005448241703813769,0.3178776666929072,1.2862884993271184e-06,2.7151435477261463e-06,0.00015656873532507047,1.0581005769936058e-07,1.0581005769953022e-07,0.07592365545407011
887,User_1401,Unknown,12,0.0029717682020802376,0.3152224824355972,6.210376612178064e-07,7.111942050767887e-06,7.708679764062911e-05,1.4069677261933654e-07,1.4069677261934734e-07,0.07171624004760037
888,User_1402,Unknown,74,0.01832590391282813,0.31675556950109823,3.610791008760127e-06,3.607079478854801e-05,0.00022826102159848123,6.31967951767488e-07,6.319679517680163e-07,0.08389718991536808
889,User_1403,Unknown,9,0.002228826151560178,0.3151486771247951,0.0,1.8821231427161524e-06,0.0001489139795661473,6.956005367468791e-08,6.956005367457695e-08,0.07261186848459097
890,User_1404,Unknown,50,0.012382367508667657,0.3161603507673035,4.802881922255639e-06,3.5074604749975175e-06,0.00023990674625078994,1.1728230848017166e-07,1.1728230848048748e-07,0.08045823398283918
891,User_1405,Unknown,50,0.012382367508667657,0.3424936386768448,0.004097162971815614,1.2611154134500378e-05,0.00027545826309948395,3.3594516791361586e-07,3.3594516791355715e-07,0.09573574306877307
892,User_1406,Unknown,31,0.007677067855373947,0.3174029240685427,4.150290104144423e-06,2.5529506334458857e-06,0.00018330127673396487,9.014644701609879e-08,9.014644701582202e-08,0.07741836637884034
893,User_1407,Unknown,37,0.009162951956414065,0.3163585083046067,5.296649298324141e-06,1.5192763377043056e-05,0.00014757571069362783,3.1252269265989496e-07,3.1252269266019216e-07,0.07706498615103907
894,User_1408,Unknown,34,0.008420009905894007,0.3354099177672564,0.00011028999780352869,6.795472445884052e-06,0.00022553134768097882,3.527654037158019e-07,3.527654037156525e-07,0.08781574615776304
895,User_1409,Unknown,106,0.02625061911837543,0.31755268952500787,2.8590000512074672e-05,4.5809622721203156e-05,0.00033644334753068556,8.798624571945342e-07,8.798624571948582e-07,0.09075488194954322
896,User_1410,Unknown,21,0.005200594353640416,0.3351315461864055,5.0830254792246105e-05,2.1758518777487437e-06,0.00021314159307137228,8.147217756922157e-08,8.14721775700116e-08,0.0856245924615504
897,User_1411,Unknown,10,0.0024764735017335313,0.31537019681349576,1.5358298187227058e-06,5.027610825982925e-06,7.866073842666864e-05,1.5679627505385876e-07,1.5679627505374613e-07,0.07154513846833545
898,User_1412,Unknown,22,0.005448241703813769,0.31588828913400613,9.589950534692168e-06,2.292930810121327e-06,0.0001649064346165598,8.413237592528789e-08,8.41323759245183e-08,0.07507198296048438
899,User_1413,Unknown,60,0.014858841010401188,0.3164080865068171,4.990951736222679e-06,3.2095080848468687e-06,0.00028685014873298974,1.0773019504487997e-07,1.0773019504541876e-07,0.08283704170735771
900,User_1414,Unknown,8,0.001981178801386825,0.3151240830341814,3.1458667603304447e-09,1.962964298975618e-06,7.104493677087686e-05,7.143694252338831e-08,7.143694252321144e-08,0.07099384747523169
901,User_1415,Unknown,30,0.007429420505200594,0.3161355985281453,7.0568719534495055e-06,2.341932746722473e-06,0.00023524721783785505,8.503529391069679e-08,8.503529391051763e-08,0.0776184653377057
902,User_1416,Unknown,111,0.0274888558692422,0.3182033096926714,1.6463093997905767e-05,5.174070872787925e-05,0.00032463879667558507,8.26854130655776e-07,8.268541306549069e-07,0.09154942890284566
903,User_1417,Unknown,5,0.0012382367508667657,0.3150503237887181,1.8403320547933104e-07,2.6815687078492555e-06,5.7033717420365974e-05,8.876318606621509e-08,8.876318606591623e-08,0.07028353271257913
904,User_1418,Unknown,21,0.005200594353640416,0.3154441059292243,2.918299820622971e-06,3.101977123896816e-06,0.00015434259180580469,9.078152330330422e-08,9.078152330332408e-08,0.0745099496591514
905,User_1419,Unknown,24,0.005943536404160475,0.3417400135409614,0.0014287364963010384,4.478696126118867e-06,0.00019387051413615895,1.9335026865686702e-07,1.933502686563564e-07,0.08944425421140845
906,User_1420,Unknown,148,0.03665180782565626,0.33870156014091596,0.006056580020060359,6.860809333313012e-05,0.0004405224865045448,1.270175836974767e-06,1.2701758369741279e-06,0.11104466403366298
907,User_1421,Unknown,24,0.005943536404160475,0.33521500913166197,6.390037866664365e-05,2.682012003408075e-06,0.00023446195712175882,1.1085667491900169e-07,1.1085667491854629e-07,0.08648566642620066
908,User_1422,Unknown,14,0.003467062902426944,0.3163585083046067,2.6032346805504388e-06,3.8493719793967045e-06,0.00011706838911806561,1.0632561414453483e-07,1.0632561414461993e-07,0.07331484803636605
909,User_1423,Unknown,61,0.01510648836057454,0.31700423928403204,8.837339375597463e-06,3.826378345275081e-06,0.00028929030841250006,1.169038670924732e-07,1.1690386709297382e-07,0.08332500258621345
910,User_1424,Unknown,19,0.0047052996532937095,0.3153948293368742,3.6105562217849705e-06,2.396180358462083e-06,0.0001795848554481189,7.923202360316228e-08,7.923202360343438e-08,0.07468604100841716
911,User_1425,Unknown,34,0.008420009905894007,0.3359400998336107,0.00013714586599355722,6.644352464188846e-06,0.00024581246908353247,3.5362962008760086e-07,3.5362962008704865e-07,0.08847523700066948
912,User_1426,Unknown,64,0.0158494304110946,0.31650728954381563,5.345206682236507e-06,3.3286615727718706e-06,0.0003035548447277543,1.1107114010718959e-07,1.1107114010755735e-07,0.08375029585197745
913,User_1427,Unknown,66,0.016344725111441305,0.31953786499960435,5.065916270833906e-05,5.3256462704037855e-06,0.00038574622665970014,1.6781437535812061e-07,1.6781437535712305e-07,0.08713180127474425
914,User_1428,Unknown,29,0.007181773155027241,0.31675556950109823,1.1373416048168081e-05,2.3765757178156183e-06,0.0002238966589684424,8.778792417686462e-08,8.778792417676856e-08,0.07758366517709783
915,User_1429,Unknown,38,0.009410599306587419,0.3177275946179873,1.5250409051912673e-05,3.411510700013575e-06,0.00022266025103909076,1.0646869377715827e-07,1.0646869377740099e-07,0.0792888287342239
916,User_1430,Unknown,2,0.0004952947003467063,0.3149765990639626,0.0,1.7972067214583582e-06,4.9378157214813366e-05,6.667645114581241e-08,6.667645114550817e-08,0.06968877822912774
917,User_1431,Unknown,220,0.05448241703813769,0.3204253293128075,0.00015418331946305362,9.482296617386275e-05,0.0006584499181463515,1.6111708596792673e-06,1.6111708596783552e-06,0.1140315051704701
918,User_1432,Unknown,55,0.013620604259534423,0.3162841701261064,3.725178435266551e-06,3.0900560275087044e-06,0.0002651810762349895,1.0415464558967798e-07,1.0415464559020204e-07,0.08168047740228201
919,User_1433,Unknown,23,0.005695889053987122,0.31549339792171266,1.089736597105427e-06,2.4628207173437984e-06,0.00022691733397418623,9.879486848209721e-08,9.87948684820266e-08,0.0761765555937646
920,User_1434,Unknown,15,0.003714710252600297,0.31564136637223483,2.2790605620999806e-06,3.88175157030972e-06,0.0001391489457888145,1.3250523297789763e-07,1.325052329775275e-07,0.0735053734690068
921,User_1435,Unknown,56,0.013868251609707775,0.3188566013897663,9.29354014238371e-05,1.4939442826717512e-05,0.0002734926831444298,3.090178999803328e-07,3.090178999799113e-07,0.08333366257118927
922,User_1436,Unknown,30,0.007429420505200594,0.3164080865068171,1.3726487928510953e-05,4.054794412411941e-06,0.00020073952511839838,1.1124182139911427e-07,1.1124182139925792e-07,0.07711159940139813
923,User_1437,Unknown,56,0.013868251609707775,0.3164576802507837,2.1066116258501007e-05,2.477807409282091e-05,0.00021650941244445525,5.263513233426111e-07,5.263513233422309e-07,0.08104459838647156
924,User_1438,Unknown,34,0.008420009905894007,0.3157647794807632,4.5498322194211663e-07,2.6059861466970616e-06,0.00017593836133457028,8.99898955223462e-08,8.998989552256277e-08,0.07685745871710259
925,User_1439,Unknown,21,0.005200594353640416,0.3154441059292243,2.541975197216656e-08,1.3920048329426518e-05,9.15526272321288e-05,2.6373595057884943e-07,2.6373595057848076e-07,0.07334890490659625
926,User_1440,Unknown,28,0.006934125804853888,0.33355360978027426,9.599336201546555e-05,3.648287789998123e-05,0.0001661853277134118,2.108060474020178e-06,2.1080604740199906e-06,0.08505518427224823
927,User_1441,Unknown,16,0.00396235760277365,0.3156660412757974,2.9150195289095903e-06,3.6110851786269863e-06,0.00016001493669689392,1.203109466484481e-07,1.20310946648104e-07,0.07404756179102598
928,User_1442,Unknown,5,0.0012382367508667657,0.3150503237887181,8.179253576859156e-08,2.671508013792207e-06,7.935059728172506e-05,7.907475940735634e-08,7.907475940721144e-08,0.0707040172427364
929,User_1443,Unknown,9,0.002228826151560178,0.3151486771247951,1.0920277245770887e-07,1.921789244007819e-06,0.00010130450016953489,7.047043134730484e-08,7.047043134726537e-08,0.0717139043081765
930,User_1444,Unknown,32,0.0079247152055473,0.31665621079046424,8.896946333386815e-06,3.953927606642127e-06,0.00021377988965611138,1.2339113781250676e-07,1.2339113781258665e-07,0.0777561883982223
931,User_1445,Unknown,9,0.002228826151560178,0.3157647794807632,2.8631876307180758e-06,2.6226235052236787e-06,0.00010672681509065626,1.1273428477030778e-07,1.1273428477050849e-07,0.07213275636855658
932,User_1446,Unknown,36,0.008915304606240713,0.33538205980066443,6.608504907484536e-05,6.75098023363694e-06,0.0002329428370984378,3.566669922446471e-07,3.566669922443702e-07,0.08820206142321711
933,User_1447,Unknown,142,0.03516592372461615,0.31845425867507887,3.74032721118941e-05,6.209482083287349e-05,0.00042627966043836714,1.1023248514536745e-06,1.102324851453303e-06,0.09787066775675736
934,User_1448,Unknown,52,0.012877662209014363,0.31680527224227206,1.0423442596457583e-05,3.143821513912053e-06,0.000255980606484454,1.0760844335046937e-07,1.0760844335050664e-07,0.08136314867510985
935,User_1449,Unknown,90,0.02228826151560178,0.3171536286522149,1.603488517618072e-05,4.1429136048167584e-05,0.00028802647504774716,7.43559380437281e-07,7.435593804372198e-07,0.08743295624993706
936,User_1450,Unknown,23,0.005695889053987122,0.3417110941863417,0.0006681437081602247,3.303026454777669e-06,0.00020499969727930096,1.3626196074436937e-07,1.3626196074411508e-07,0.08927212860695513
937,User_1451,Unknown,31,0.007677067855373947,0.3156907200375264,3.5060789725913964e-06,3.388514775949693e-06,0.00016973926757076998,9.956057688120037e-08,9.956057688127454e-08,0.07629494521519416
938,User_1452,Unknown,34,0.008420009905894007,0.3157647794807632,1.6220083522389818e-06,2.29977680607292e-06,0.00027495959153848515,8.285792624099404e-08,8.285792624179038e-08,0.07872493669261967
939,User_1453,Unknown,28,0.006934125804853888,0.315616695325934,9.66661904068162e-06,3.685643678956254e-06,0.00021321654511526278,1.1309318547763304e-07,1.1309318547738409e-07,0.07666992012552783
940,User_1454,Unknown,52,0.012877662209014363,0.3179277222265963,4.911343540654496e-06,3.083211428848896e-06,0.00026498160540674564,1.056084157054775e-07,1.0560841570551408e-07,0.08210085782791675
941,User_1455,Unknown,5,0.0012382367508667657,0.31675556950109823,0.0,1.963206381726012e-06,7.020761699132413e-05,7.37719811863747e-08,7.3771981185937e-08,0.07139576946793644
942,User_1456,Unknown,132,0.03268945022288261,0.3182033096926714,1.6471979747154427e-05,5.933584103493308e-05,0.00037967590267153404,9.71892737693483e-07,9.718927376933634e-07,0.09547935373844128
943,User_1457,Unknown,62,0.015354135710747894,0.3164576802507837,1.832903015930472e-06,3.0210936303292596e-05,0.0001977568697814901,4.786328125817058e-07,4.786328125815815e-07,0.0815120592370389
944,User_1458,Unknown,33,0.008172362555720653,0.33352605930453455,0.00011557419901726228,4.009749949934949e-05,0.0001469291431392181,2.1053657904223476e-06,2.1053657904219384e-06,0.08537324364403764
945,User_1459,Unknown,102,0.02526002971768202,0.31767760207694123,3.003256711079441e-05,4.1786401774274845e-06,0.00046934895243430126,1.372034763383162e-07,1.3720347633917652e-07,0.09268145928600027
946,User_1460,Unknown,46,0.011391778107974244,0.3166810446239511,2.6635632201680266e-05,1.924830363076914e-05,0.00018115540090172177,4.637787932555015e-07,4.637787932554171e-07,0.07911315148683637
947,User_1461,Unknown,8,0.001981178801386825,0.3158635794743429,1.033951687394813e-06,2.567712703366238e-06,9.009626562441192e-05,9.919514709241585e-08,9.91951470922728e-08,0.07173109462717123
948,User_1462,Unknown,84,0.020802377414561663,0.31700423928403204,7.977478858785828e-06,3.7271324927367315e-06,0.00038616558269873914,1.2312067781171837e-07,1.2312067781257814e-07,0.08829956623032079
949,User_1463,Unknown,10,0.0024764735017335313,0.31517327505463627,2.774478871955666e-07,6.102990465540293e-06,6.789154841112184e-05,1.2859260073367355e-07,1.285926007336858e-07,0.07124195431531942
950,User_1464,Unknown,26,0.0064388311045071814,0.3174278751670466,3.1981004718767914e-06,2.619239655357792e-06,0.0001797833133859858,9.340029155086093e-08,9.340029155052755e-08,0.0766804552360119
951,User_1465,Unknown,108,0.02674591381872214,0.35461491174145954,0.02457183892415802,0.006147797869200812,0.00035714080659750747,0.0003940421357288956,0.0003940421357288959,0.14502769854084052
952,User_1466,Unknown,1,0.00024764735017335313,0.31495203182279075,0.0,1.774621069210282e-06,4.2799006860415876e-05,6.605066102067359e-08,6.605066102075042e-08,0.06941530071070742
953,User_1467,Unknown,124,0.03070827142149579,0.31847937534505877,5.166366181261396e-05,5.79236019094175e-05,0.00037847895085241966,1.048719385036355e-06,1.0487193850358097e-06,0.0945141466474119
954,User_1468,Unknown,31,0.007677067855373947,0.3156907200375264,5.810156947627685e-07,2.251696124271507e-06,0.00025284586166991795,8.124413426116397e-08,8.124413426178165e-08,0.07785922906114306
955,User_1469,Unknown,57,0.014115898959881128,0.31680527224227206,3.5397982282062466e-05,2.9572370784372484e-06,0.0004255371411186097,1.0755871576533468e-07,1.0755871576447409e-07,0.08525296431381056
956,User_1470,Unknown,71,0.017582961862308073,0.3166810446239511,9.064989552312526e-06,3.0701436821480554e-05,0.0002426304174577409,6.401133536765825e-07,6.401133536767041e-07,0.08371387764778669
957,User_1471,Unknown,169,0.04185240217929668,0.3191338022603335,5.392117361725396e-05,7.603115513818537e-05,0.0005024648137424786,1.289121962214737e-06,1.2891219622146357e-06,0.10338182384864499
958,User_1472,Unknown,90,0.02228826151560178,0.3176276252654763,7.853024667627917e-05,3.733257389197727e-06,0.0005953205894621009,1.2922942523136224e-07,1.292294252316679e-07,0.09340374596853296
959,User_1473,Unknown,54,0.01337295690936107,0.31863015860490806,6.5415543535679e-05,5.3171444665881175e-06,0.0003414903577136254,1.604954084662955e-07,1.6049540846628818e-07,0.08419822320074484
960,User_1474,Unknown,4,0.0009905894006934125,0.31502574504602904,2.044813394214789e-08,1.8153600707758763e-06,7.331853986341364e-05,6.737828142031179e-08,6.737828142023505e-08,0.07043907073511495
961,User_1475,Unknown,72,0.017830609212481426,0.31875592042942846,4.5507151778222026e-05,3.6922647382869265e-06,0.0003418349531226573,1.2531837507539765e-07,1.2531837507553283e-07,0.08672161785599851
962,User_1476,Unknown,5,0.0012382367508667657,0.3153948293368742,3.9606530604914426e-07,1.8706996387589054e-06,7.442828630617236e-05,6.929471708695311e-08,6.929471708685936e-08,0.07078446677273238
963,User_1477,Unknown,9,0.002228826151560178,0.315962441314554,3.65965094428863e-06,2.517734948982601e-06,0.00010535527075755696,1.0336153869906797e-07,1.0336153869846911e-07,0.0722068558459515
964,User_1478,Unknown,17,0.004210004952947003,0.3153455681374463,6.144735746587268e-07,2.113192296454321e-06,0.0001608060400591693,7.818807968445008e-08,7.818807968453007e-08,0.07403175992385855
965,User_1479,Unknown,84,0.020802377414561663,0.3175776641761699,1.589749181023586e-05,3.8044663331352596e-06,0.00038783638324085677,1.251124905257918e-07,1.251124905267216e-07,0.08862470912794972
966,User_1480,Unknown,93,0.02303120356612184,0.31775259678942397,7.323442147969648e-05,3.7318193434442926e-05,0.0003123949116971685,6.536671331852782e-07,6.536671331850065e-07,0.08861382644839273
967,User_1481,Unknown,17,0.004210004952947003,0.3153455681374463,1.157406935195379e-06,2.147600318105279e-06,0.00013212967759808038,7.703902331151637e-08,7.703902331141018e-08,0.07349097230170486
968,User_1482,Unknown,49,0.012134720158494303,0.3161355985281453,9.233606914023464e-06,2.8869452228223027e-06,0.00034025667375277876,1.0521075725137301e-07,1.0521075725119665e-07,0.08220164507517716
969,User_1483,Unknown,96,0.0237741456166419,0.33493696084936964,0.0006302996573637761,7.928543224265107e-05,0.0003013205649388051,3.1694589349245235e-06,3.169458934925062e-06,0.09788390790616427
970,User_1484,Unknown,22,0.005448241703813769,0.31546875,1.2103302225012229e-06,1.041355673491643e-05,0.00010418308630165754,2.0245891504446876e-07,2.0245891504485207e-07,0.07372874925362731
971,User_1485,Unknown,47,0.011639425458147598,0.33443763458671527,0.000135460924988223,4.965416418706962e-05,0.00017266304685740116,2.278344999935507e-06,2.2783449999352393e-06,0.08826539599197694
972,User_1486,Unknown,5,0.0012382367508667657,0.31537019681349576,0.0,2.1146267564881837e-06,9.278407722695115e-05,8.57065397851769e-08,8.570653978520719e-08,0.07111923877550738
973,User_1487,Unknown,63,0.015601783060921248,0.3198669201520912,7.742678026617276e-05,9.11779435420585e-06,0.0003546233358440138,2.516007175997791e-07,2.5160071759986144e-07,0.08631876720284734
974,User_1488,Unknown,135,0.033432392273402674,0.3182785528493734,2.2607483801743858e-05,6.0219581886552316e-05,0.00039136234844271476,1.0072298829427916e-06,1.0072298829432483e-06,0.09615330432123671
975,User_1489,Unknown,22,0.005448241703813769,0.31546875,3.609527481250367e-07,2.2849706113155206e-06,0.00013852369379891655,8.084478771158615e-08,8.0844787711515e-08,0.07435844173816707
976,User_1490,Unknown,9,0.002228826151560178,0.3171287206471374,2.333151371615494e-08,2.1672814784337384e-06,8.698874540610197e-05,8.23581093387268e-08,8.235810933869921e-08,0.07244979105594161
977,User_1491,Unknown,125,0.03095591877166914,0.31802788060171694,1.2316190268729051e-05,6.125807213482488e-05,0.00035578110149049103,9.962444918965115e-07,9.962444918954024e-07,0.09398448612738944
978,User_1492,Unknown,13,0.0032194155522535907,0.31695447409733124,4.282528510810266e-06,2.714397226007615e-06,0.00011775804481402484,9.592982656059572e-08,9.592982656025082e-08,0.0734918386539606
979,User_1493,Unknown,26,0.0064388311045071814,0.3155673648015005,1.3714078835795964e-07,2.1716014310184466e-06,0.00021588731163516716,7.872825720117342e-08,7.872825720219972e-08,0.07641488379364861
980,User_1494,Unknown,26,0.0064388311045071814,0.3352706741946197,9.769855680993426e-05,2.2521374992856002e-06,0.00025810681022216,8.416434902915873e-08,8.416434902903467e-08,0.08724178482277155
981,User_1495,Unknown,67,0.01659237246161466,0.31830364180986914,1.405836850577991e-05,3.4086302553864647e-06,0.000330725730055036,1.1507722408375614e-07,1.1507722408407924e-07,0.08558805089903217
982,User_1496,Unknown,48,0.01188707280832095,0.31658173265386125,1.501247835524619e-05,2.975304407096444e-06,0.00033142013215924207,1.1057066130420007e-07,1.1057066130427692e-07,0.08212666900960752
983,User_1497,Unknown,29,0.007181773155027241,0.31564136637223483,9.3910967333937e-06,7.022587874926662e-06,0.00019180587093010744,1.490027879840135e-07,1.4900278798417107e-07,0.07642198299379875
984,User_1498,Unknown,6,0.0014858841010401188,0.3150749063670412,8.17738900537507e-08,3.212965890581622e-06,6.548027196780813e-05,9.902503597086964e-08,9.902503597095862e-08,0.07059342599422526
985,User_1499,Unknown,12,0.0029717682020802376,0.3152224824355972,1.0194855351156593e-06,1.9328476227805444e-06,0.0001919889591215326,7.102994089462486e-08,7.102994089458485e-08,0.07387284804621928
986,User_1500,Unknown,29,0.007181773155027241,0.31564136637223483,3.1619653986409083e-06,2.401589861145902e-06,0.00021114165902444456,8.701217558440016e-08,8.701217558464672e-08,0.076775064121296
987,User_1501,Unknown,18,0.004457652303120356,0.31537019681349576,2.1975283140546253e-06,6.437979413595697e-06,0.00011053456613757114,1.562404828427197e-07,1.5624048284266414e-07,0.0732433752145877
988,User_1502,Unknown,70,0.01733531451213472,0.31665621079046424,1.808997879913928e-05,3.4395439823039675e-06,0.00035373195483173536,1.1429015169708377e-07,1.1429015169734604e-07,0.08559754342159305
989,User_1503,Unknown,28,0.006934125804853888,0.315616695325934,1.586004130458917e-06,2.4119765909525236e-06,0.00017166579640320398,8.446591777872956e-08,8.44659177788143e-08,0.07588046608005802
990,User_1504,Unknown,58,0.014363546310054482,0.3163585083046067,1.4044024525583031e-05,3.0136986681544157e-06,0.00038693639018717944,1.0673710042420289e-07,1.0673710042448438e-07,0.08442856861685892
991,User_1505,Unknown,59,0.014611193660227836,0.34275528393175453,0.0037819722655048024,3.908895414242599e-06,0.000532635013883581,1.5966052586210382e-07,1.5966052586190194e-07,0.10183645407479813
992,User_1506,Unknown,8,0.001981178801386825,0.31690472453304036,2.1101241018844212e-08,2.0786577717331277e-06,7.977906909736112e-05,7.742339836076964e-08,7.7423398360716e-08,0.07206289153596977
993,User_1507,Unknown,37,0.009162951956414065,0.31630894563684786,8.346053500870403e-06,2.55805966357792e-06,0.0002718353544271126,9.302516232237228e-08,9.302516232214649e-08,0.079355581640185
994,User_1508,Unknown,33,0.008172362555720653,0.31745283018867926,2.517819971568448e-06,2.9396948664731312e-06,0.00017925718238083455,9.629726800095775e-08,9.629726800083648e-08,0.07764146446057722
995,User_1509,Unknown,131,0.03244180287270926,0.3367806505421184,0.0005079453349450896,8.986731706167241e-05,0.0003924403695921726,2.929305087901946e-06,2.929305087901851e-06,0.10529613230178662
996,User_1510,Unknown,4,0.0009905894006934125,0.31502574504602904,3.067220091322184e-08,1.8587972396242666e-06,6.162951440367321e-05,6.951163951073119e-08,6.951163951068913e-08,0.07021873831548105
997,User_1511,Unknown,30,0.007429420505200594,0.33566084788029926,0.0001484778265841067,2.8391064949446735e-06,0.000280177041603946,1.1626844849422914e-07,1.1626844849397395e-07,0.08842098109265507
998,User_1512,Unknown,34,0.008420009905894007,0.33582834331337325,5.3506347637872284e-05,6.894699370444502e-06,0.0002254328599735213,3.6299861478156186e-07,3.6299861478171327e-07,0.08801001957228279
999,User_1513,Unknown,52,0.012877662209014363,0.3345761869251802,0.00021425205954388882,4.792678734140154e-05,0.00020478565874944665,2.2425287177901513e-06,2.242528717790115e-06,0.08964502636143992
1000,User_1514,Unknown,35,0.00866765725606736,0.31893215385830503,6.856042366171837e-06,3.2511571211828067e-06,0.00022583497311063413,1.288898111915126e-07,1.2888981119118676e-07,0.07954793456066037
1001,User_1515,Unknown,69,0.017087667161961365,0.3186804514245127,2.6401967232264693e-05,3.515762171803925e-06,0.00034197974151646977,1.1798566259295516e-07,1.1798566259287159e-07,0.08626924647483622
1002,User_1516,Unknown,159,0.03937592867756315,0.31888178156834873,1.6667350364547767e-05,7.818443695476023e-05,0.00043989313996829315,1.3146973831784315e-06,1.3146973831776362e-06,0.10069853849817054
1003,User_1517,Unknown,36,0.008915304606240713,0.3158141717503519,6.057581919549093e-07,1.7216811509368753e-05,0.0001337792551927398,3.335666831907712e-07,3.335666831907596e-07,0.07639421746446516
1004,User_1518,Unknown,14,0.003467062902426944,0.33493696084936964,0.00027542021623816286,3.4539251044731917e-06,0.00013203159542543954,1.1773604111190641e-07,1.1773604111169983e-07,0.08310829950651018
1005,User_1519,Unknown,33,0.008172362555720653,0.31660655480633526,1.978986468994807e-05,1.0588092049085196e-05,0.00015385268257684975,2.5923752488987005e-07,2.5923752489009923e-07,0.07675687859814581
1006,User_1520,Unknown,117,0.028974739970282316,0.317827626918536,1.946548463860089e-05,5.6445667773722914e-05,0.0003554824501987938,1.069450876895201e-06,1.0694508768932039e-06,0.09278085477088084
1007,User_1521,Unknown,6,0.0014858841010401188,0.3150749063670412,0.0,3.084434996619514e-06,6.89823996395412e-05,1.360681985138291e-07,1.360681985140884e-07,0.07066100301303696
1008,User_1522,Unknown,156,0.03863298662704309,0.33694926568758343,0.0006306175250255831,0.00010003306727550514,0.0004465716394287559,3.0367927463161657e-06,3.036792746315532e-06,0.10988046424077215
1009,User_1523,Unknown,69,0.017087667161961365,0.334520752216055,0.00026361548465183085,5.6556599166578154e-05,0.000259228827761233,2.4355663479529832e-06,2.435566347952784e-06,0.09300672819585751
1010,User_1524,Unknown,41,0.010153541357107478,0.315937720053204,1.0501365399305038e-06,2.0324903301648274e-05,0.0001436848041669419,3.4560479306079986e-07,3.4560479306031716e-07,0.07733331555575089
1011,User_1525,Unknown,57,0.014115898959881128,0.3163337250293772,1.5715461286111902e-05,3.7815935521251748e-06,0.00036311461038932155,1.3073108918295108e-07,1.3073108918279613e-07,0.08383254932343757
1012,User_1526,Unknown,22,0.005448241703813769,0.3163585083046067,2.967966412234618e-06,2.6636144159291957e-06,0.0001578848652924045,9.425412228801167e-08,9.425412228775846e-08,0.07517726421475776
1013,User_1527,Unknown,12,0.0029717682020802376,0.3155673648015005,3.1020005189879344e-06,3.90498430952375e-06,0.00010412011429160832,1.3227200835296576e-07,1.3227200835242646e-07,0.07239679194849467
1014,User_1528,Unknown,70,0.01733531451213472,0.3178026129387691,5.452292417628804e-05,2.916930490371329e-05,0.0002434016559180252,5.558284347187129e-07,5.55828434718522e-07,0.084168164606638
1015,User_1529,Unknown,42,0.010401188707280832,0.3176276252654763,3.570702999718954e-05,3.3557857523445443e-06,0.0002917728034028546,1.110019299844981e-07,1.1100192998413842e-07,0.08109537071323976
1016,User_1530,Unknown,105,0.026002971768202078,0.31752771880160413,5.115797437272772e-06,5.407318735866378e-05,0.00029941800233098076,8.736259357457733e-07,8.736259357460877e-07,0.08991203320501846
1017,User_1531,Unknown,22,0.005448241703813769,0.31546875,8.256065156923892e-06,2.708106534671159e-06,0.00018377224605434648,8.742745019480197e-08,8.742745019482168e-08,0.07521529232807513
1018,User_1532,Unknown,39,0.009658246656760773,0.31588828913400613,8.076758992391745e-07,1.8962128786703828e-05,0.00013963396220257191,3.393949632625427e-07,3.3939496326242206e-07,0.07695573530931683
1019,User_1533,Unknown,35,0.00866765725606736,0.315962441314554,5.768072077808473e-06,2.345295986260057e-06,0.00027975704615902506,8.408171133390561e-08,8.408171133448628e-08,0.07905395961081482
1020,User_1534,Unknown,33,0.008172362555720653,0.36460496613995486,0.005948477022332591,4.772868928912632e-05,0.00028565066829643184,2.9710948255849504e-06,2.9710948255843693e-06,0.10555121823634259
1021,User_1535,Unknown,64,0.0158494304110946,0.31650728954381563,5.180208724435038e-06,2.866128511591538e-05,0.00021595458742265067,5.659043911721647e-07,5.659043911723192e-07,0.08215694293671419
1022,User_1536,Unknown,82,0.020307082714214955,0.33779488037476996,0.000679911372128997,7.949826311772717e-06,0.000542753903692444,3.9163137768482125e-07,3.916313776850172e-07,0.10175139429067684
1023,User_1537,Unknown,19,0.0047052996532937095,0.33507592730893704,0.000457994687834057,4.473537134381267e-06,0.00016461822755475792,1.4584549272796572e-07,1.4584549272785123e-07,0.08453484679312159
1024,User_1538,Unknown,72,0.017830609212481426,0.31670588235294117,7.68083687455508e-06,3.3206602717879254e-05,0.00022930269179544604,5.462519035088507e-07,5.462519035083301e-07,0.08361086458838644
1025,User_1539,Unknown,79,0.0195641406636949,0.31687985560699994,3.592560292663256e-06,4.0027104159134735e-05,0.00024181614087968878,7.027464439732724e-07,7.027464439728733e-07,0.08490938355906176
1026,User_1540,Unknown,69,0.017087667161961365,0.33510373443983404,0.00042207105788746375,5.144081902302202e-05,0.0003102409173424734,2.2989771180053098e-06,2.298977118004995e-06,0.09429799491252826
1027,User_1541,Unknown,33,0.008172362555720653,0.3157400891391039,2.707646452915041e-06,2.447478998243187e-06,0.00024203068570939867,8.878331823514083e-08,8.878331823513212e-08,0.07795522230832672
1028,User_1542,Unknown,55,0.013620604259534423,0.3162841701261064,2.615508429640703e-06,2.6124544848338354e-05,0.000180707861887261,4.505608111600679e-07,4.5056081115954375e-07,0.0801373264395984
1029,User_1543,Unknown,33,0.008172362555720653,0.3182033096926714,1.2283842927863042e-05,3.1327744213731067e-06,0.0002231178656099778,1.1806844463387629e-07,1.1806844463388426e-07,0.07885398756019554
1030,User_1544,Unknown,15,0.003714710252600297,0.3157647794807632,5.0341186064287145e-06,3.9985606513333064e-06,0.00014401356261731945,1.1937717655564798e-07,1.1937717655535744e-07,0.07366016234739617
1031,User_1545,Unknown,43,0.010648836057454186,0.33694926568758343,0.00020512911184814744,6.934682927358989e-06,0.0003143039832511536,3.604820579606113e-07,3.6048205796032864e-07,0.09153198167957456
1032,User_1546,Unknown,3,0.0007429420505200594,0.31500117013807627,0.0,1.8017851319090885e-06,6.927202262023893e-05,6.69360947764479e-08,6.69360947763673e-08,0.07021338055005293
1033,User_1547,Unknown,122,0.03021297672114908,0.3179527559055118,8.878628935742613e-06,5.952338708960342e-05,0.0003450562122995889,9.838540975103831e-07,9.838540975105214e-07,0.09332933402994233
1034,User_1548,Unknown,38,0.009410599306587419,0.3163337250293772,9.373912513241837e-06,2.41093907797113e-06,0.00030890514637232653,8.711380601417648e-08,8.711380601463e-08,0.08020408418672713
1035,User_1549,Unknown,49,0.012134720158494303,0.33627581612258495,0.00024022687104327905,7.23932576244804e-06,0.0003466820224195163,3.8342803574032226e-07,3.8342803573966904e-07,0.09263390419534122
1036,User_1550,Unknown,38,0.009410599306587419,0.3158635794743429,7.86435165299526e-07,2.698485633848301e-06,0.00019330017094741365,9.280603266609927e-08,9.280603266635682e-08,0.07778283278114309
1037,User_1551,Unknown,171,0.04234769687964338,0.3191842542091534,3.334369795309623e-05,7.811699601554822e-05,0.0004835813931717491,1.3995483096246115e-06,1.3995483096246596e-06,0.10332705412570527
1038,User_1552,Unknown,7,0.001733531451213472,0.3160118954452966,2.4967429702200807e-06,1.9630218873552282e-06,9.570644825755664e-05,7.271002061750653e-08,7.271002061702404e-08,0.07177366334505135
1039,User_1553,Unknown,37,0.009162951956414065,0.3355771628022937,0.0007549495758214158,9.408540296584794e-06,0.00023872887590293824,2.5249027243145157e-07,2.52490272431678e-07,0.08875098786125239
1040,User_1554,Unknown,160,0.0396235760277365,0.3189069657242142,3.228550071230128e-05,7.531657835407577e-05,0.0004594350663254522,1.3742193702502848e-06,1.3742193702495406e-06,0.10121992320763414
1041,User_1555,Unknown,35,0.00866765725606736,0.3359400998336107,0.0002744287965171806,2.7684860086515317e-06,0.0003272882931408663,1.0811291186520505e-07,1.0811291186516408e-07,0.09017256523073632
1042,User_1556,Unknown,25,0.006191183754333828,0.31554270532155976,9.378616957344035e-07,1.2346545420509157e-05,0.00010619917152178413,2.1142027664966119e-07,2.114202766497981e-07,0.07421805992251171
1043,User_1557,Unknown,151,0.037394749876176324,0.3192094861660079,3.713451260765727e-05,6.780062220937877e-05,0.000435784986701601,1.1999422661689606e-06,1.1999422661693328e-06,0.09967786691073498
1044,User_1558,Unknown,2,0.0004952947003467063,0.3149765990639626,0.0,1.8090788800682438e-06,5.0756565791118173e-05,6.688244376983394e-08,6.688244376980479e-08,0.069714807733411
1045,User_1559,Unknown,186,0.04606240713224368,0.31956315289648624,5.323862515664463e-05,8.441802483481616e-05,0.0005279078213323425,1.449113636283976e-06,1.4491136362835461e-06,0.10642575454624466
1046,User_1560,Unknown,1,0.00024764735017335313,0.31495203182279075,0.0,1.774621069210282e-06,4.2799006860415876e-05,6.605066102067359e-08,6.60506610206952e-08,0.06941530071070742
1047,User_1561,Unknown,25,0.006191183754333828,0.3162841701261064,1.4778797969010864e-05,6.529765157550723e-06,0.00018447147082512478,2.3856197216094e-07,2.385619721605738e-07,0.07606760667379552
1048,User_1562,Unknown,10,0.0024764735017335313,0.31517327505463627,1.2166639695577998e-06,3.4969502795179826e-06,0.00012982184974030383,1.0049515451640654e-07,1.0049515451655017e-07,0.07240526361792983
1049,User_1563,Unknown,112,0.02773650321941555,0.3177025963808025,1.545166251432006e-05,5.5423475479891694e-05,0.0003369719814329472,1.0778734305530372e-06,1.077873430552389e-06,0.09168170007565013
1050,User_1564,Unknown,16,0.00396235760277365,0.3156660412757974,2.864289239574449e-06,3.4613280695317303e-06,0.00015970596633550622,1.0832821713808178e-07,1.0832821713764689e-07,0.07404093443161557
1051,User_1565,Unknown,44,0.010896483407627538,0.3183287347260544,6.712409345909979e-06,3.825606165180304e-06,0.00027805859946722686,1.3273403888081387e-07,1.3273403888075604e-07,0.08145931149017661
1052,User_1566,Unknown,20,0.004952947003467063,0.31541946570848306,4.220359001412857e-06,2.6378629258345797e-06,0.0001759718715489092,8.347545036161588e-08,8.347545036143676e-08,0.07476796894462893
1053,User_1567,Unknown,33,0.008172362555720653,0.33546564758660796,7.245038459500217e-05,2.7166468029546994e-06,0.0003037347833982801,1.0748847906391919e-07,1.0748847906360449e-07,0.08915360311862039
1054,User_1568,Unknown,29,0.007181773155027241,0.31564136637223483,1.7659097554481933e-07,2.2246140316456395e-06,0.0002361598767980163,8.036030720972934e-08,8.036030721029455e-08,0.07724554105740379
1055,User_1569,Unknown,48,0.01188707280832095,0.31611085016439644,2.264888776010368e-05,3.857887239475701e-06,0.0003019628852080535,1.3204354894482464e-07,1.320435489444715e-07,0.08133657359883284
1056,User_1570,Unknown,124,0.03070827142149579,0.3180028350921405,2.0419470483422246e-05,5.580061306040645e-05,0.0003721746523107684,1.0774066145383565e-06,1.0774066145382339e-06,0.09414221086479739
1057,User_1571,Unknown,60,0.014858841010401188,0.3164080865068171,9.232212134524723e-06,2.509678516034683e-05,0.00021428550525853088,4.4210140669157057e-07,4.4210140669122075e-07,0.08151784330405006
1058,User_1572,Unknown,43,0.010648836057454186,0.31598716644494873,8.66399329727291e-07,1.8295733558340194e-05,0.0001522005712866892,3.232110144486411e-07,3.232110144485867e-07,0.07778858779937367
1059,User_1573,Unknown,89,0.022040614165428428,0.3177275946179873,2.785117104087605e-05,3.932697203218239e-06,0.0004151426565948405,1.299476032084673e-07,1.2994760320841397e-07,0.08990406661014926
1060,User_1574,Unknown,67,0.01659237246161466,0.3375125376128385,0.00026589663408948123,1.2106904425619948e-05,0.0004214808175930352,6.658262701309541e-07,6.658262701312128e-07,0.09716380304853424
1061,User_1575,Unknown,20,0.004952947003467063,0.31541946570848306,3.4626321013014565e-06,3.0929110017394577e-06,0.00014119781769057605,9.265181838608327e-08,9.26518183860568e-08,0.07411288074429037
1062,User_1576,Unknown,66,0.016344725111441305,0.3169793547374205,1.0732156783186526e-05,3.334439003682312e-06,0.00031118602121374894,1.1139820323778719e-07,1.1139820323834258e-07,0.084409160525971
1063,User_1577,Unknown,170,0.04210004952947003,0.35718708536045995,0.039784705029370336,0.00716227449656823,0.0005301520358229054,0.0004590434178193815,0.00045904341781938165,0.16715853777612763
1064,User_1578,Unknown,36,0.008915304606240713,0.316383295463449,3.037330544447628e-06,2.6738696278653928e-06,0.00018666170016259828,9.219255285257491e-08,9.219255285274837e-08,0.07764833648561265
1065,User_1579,Unknown,5,0.0012382367508667657,0.3150503237887181,9.437600280991335e-09,1.9010002580445518e-06,7.300972807338989e-05,6.973944152998516e-08,6.973944152998137e-08,0.07058279273086028
1066,User_1580,Unknown,83,0.02055473006438831,0.3169793547374205,6.2374532363276884e-06,3.9031076558308134e-05,0.00025464724539187326,6.769548760059825e-07,6.769548760060724e-07,0.08574736763627165
1067,User_1581,Unknown,1,0.00024764735017335313,0.31495203182279075,0.0,1.774621069210282e-06,4.2799006860415876e-05,6.605066102067359e-08,6.605066102059697e-08,0.06941530071070742
1068,User_1582,Unknown,41,0.010153541357107478,0.31765261170547515,2.407808475144088e-06,2.8014772208404525e-06,0.00021824803313353882,9.734196178114791e-08,9.734196178179209e-08,0.07957288833731244
1069,User_1583,Unknown,97,0.024021792966815253,0.31732809430255404,2.2751714958793608e-05,4.0194128512636154e-06,0.00044501182119018273,1.3149790512592246e-07,1.31497905126825e-07,0.09135811103321498
1070,User_1584,Unknown,211,0.05225359088657751,0.3212921705919796,0.00026402558260508037,8.985238444397482e-05,0.0006345434577260155,1.5752369941102654e-06,1.5752369941097826e-06,0.11281254025003185
1071,User_1585,Unknown,20,0.004952947003467063,0.3157647794807632,5.752029824906248e-06,4.105108182747199e-06,0.0001861776580996726,1.290909366356803e-07,1.2909093663532872e-07,0.07514054832540133
1072,User_1586,Unknown,3,0.0007429420505200594,0.31500117013807627,0.0,1.7996600987863176e-06,9.037747858720843e-05,6.687803047726561e-08,6.687803047729445e-08,0.07061150502374315
1073,User_1587,Unknown,53,0.013125309559187715,0.3162346307463388,2.4912578167948647e-06,3.087603024500618e-06,0.00025422356180263895,1.040649515259808e-07,1.0406495152603661e-07,0.08117458355878757
1074,User_1588,Unknown,23,0.005695889053987122,0.3351871835311696,5.271747324338711e-05,2.4850712229050197e-06,0.00022441978110836693,9.87738242552434e-08,9.877382425502565e-08,0.08614108814217114
1075,User_1589,Unknown,205,0.050767706785537395,0.3200443845605136,4.930301749291871e-05,9.271249007486712e-05,0.0005697724164080938,1.5985450887034409e-06,1.5985450887036628e-06,0.11007786776107654
1076,User_1590,Unknown,88,0.021792966815255076,0.3355771628022937,0.0003255140738507727,6.670024522351918e-05,0.00031040552046066,2.5883124043001283e-06,2.5883124042998987e-06,0.09714895161514202
1077,User_1591,Unknown,95,0.02352649826646855,0.3172782273905869,5.921239678284538e-05,4.001886455725952e-06,0.0004785797693930438,1.3058071815497133e-07,1.305807181559122e-07,0.09170311835212545
1078,User_1592,Unknown,25,0.006191183754333828,0.31554270532155976,2.493587169946313e-07,2.3595038468148925e-06,0.00014007958555887725,8.301803362276919e-08,8.301803362328751e-08,0.07483601941472083
1079,User_1593,Unknown,32,0.0079247152055473,0.33627581612258495,0.0005534173767156923,2.6660696309795114e-06,0.000301115031210909,1.0551965144805642e-07,1.0551965144797116e-07,0.08952140023111685
1080,User_1594,Unknown,16,0.00396235760277365,0.31546875,3.7261017568791272e-06,5.385158845831583e-06,0.00012097622821603452,1.5127125101506466e-07,1.5127125101493127e-07,0.0732153425852026
1081,User_1595,Unknown,39,0.009658246656760773,0.31775259678942397,4.8429494109350805e-06,3.5086885918822778e-06,0.0002036272268073078,1.0795560727951372e-07,1.0795560727929904e-07,0.07907644033108065
1082,User_1596,Unknown,77,0.01906884596334819,0.3168301294625343,9.99682360287146e-06,3.6039194154142996e-06,0.00035827256603478445,1.1935949532893026e-07,1.1935949532980755e-07,0.08672740655980386
1083,User_1597,Unknown,112,0.02773650321941555,0.3177025963808025,1.3542739624407422e-05,5.411769623617348e-05,0.00032931561282799804,9.079651909008868e-07,9.079651909003e-07,0.09152681294995228
1084,User_1598,Unknown,136,0.033680039623576026,0.3194114855244423,7.173764179975422e-05,5.988309461650657e-05,0.00040289671070852206,9.700606229665863e-07,9.70060622966008e-07,0.0970951490274422
1085,User_1599,Unknown,11,0.0027241208519068845,0.3151978768246039,1.1121129262717786e-06,2.4100418977273638e-06,0.00011624170119823449,7.885903597761873e-08,7.885903597741973e-08,0.07229574432613459
1086,User_1600,Unknown,117,0.028974739970282316,0.3183538315988647,2.2637954536268058e-05,5.251496065523433e-05,0.0003478808526951376,8.955598338700414e-07,8.955598338698951e-07,0.09289148854572778
1087,User_1601,Unknown,32,0.0079247152055473,0.3157154026583268,5.728344646103298e-07,2.2710293703531225e-06,0.00025907316961384236,8.181019294263057e-08,8.181019294308859e-08,0.07812611794645465
1088,User_1602,Unknown,12,0.0029717682020802376,0.3152224824355972,2.9570321250192725e-07,2.0718114338801795e-06,0.00010328673715434203,7.72331338820438e-08,7.723313388191904e-08,0.07219986436944115
1089,User_1603,Unknown,145,0.0359088657751362,0.3185296205726907,1.4860760267954738e-05,7.163206058513348e-05,0.0004088053019908271,1.228273157362632e-06,1.2282731573619972e-06,0.09800325672055234
1090,User_1604,Unknown,148,0.03665180782565626,0.3197149643705463,9.650879358283614e-05,6.283300351640937e-05,0.00044651628284948926,1.1073336823817143e-06,1.1073336823817096e-06,0.09973225281324838
1091,User_1605,Unknown,90,0.02228826151560178,0.3171536286522149,8.033695555146498e-06,4.226692737739898e-05,0.0002727684100648596,7.454549661482587e-07,7.454549661484663e-07,0.08714409450653511
1092,User_1606,Unknown,31,0.007677067855373947,0.31802788060171694,1.3975680382977095e-06,2.9959439411732826e-06,0.00020239465678994096,1.1585174276100595e-07,1.1585174276105854e-07,0.0780968051485971
1093,User_1607,Unknown,5,0.0012382367508667657,0.3150503237887181,2.044813394214789e-07,1.82831836454569e-06,9.711491284132364e-05,6.786303262307564e-08,6.786303262307096e-08,0.07103737107935558
1094,User_1608,Unknown,117,0.028974739970282316,0.317827626918536,1.4018118617007108e-05,5.7247475059996965e-05,0.0003435584162970273,1.028674321329703e-06,1.0286743213297899e-06,0.09255359804361867
1095,User_1609,Unknown,92,0.022783556215948488,0.3177275946179873,1.4557013603703912e-05,4.1010177197929644e-05,0.0002839569488157375,7.767319278081428e-07,7.767319278087546e-07,0.08792168098780963
1096,User_1610,Unknown,179,0.04432887568103021,0.3193862216246144,3.7894706051827186e-05,7.899114866251325e-05,0.0005003641267370858,1.2996345806882605e-06,1.2996345806882086e-06,0.10483884293034497
1097,User_1611,Unknown,72,0.017830609212481426,0.3184291459664064,2.999852732125631e-05,3.771774876420771e-06,0.000338637189228026,1.225201638908875e-07,1.225201638913617e-07,0.08649080763272454
1098,User_1612,Unknown,190,0.0470529965329371,0.32014588123364784,8.542058878706568e-05,8.537410628516094e-05,0.0005331174083343785,1.5063177538216904e-06,1.5063177538205469e-06,0.10738082784705351
1099,User_1613,Unknown,182,0.04507181773155027,0.3194620253164557,4.1041947465083036e-05,8.274872001311623e-05,0.0005114431612646903,1.4296882239719186e-06,1.4296882239719326e-06,0.10550945845357594
1100,User_1614,Unknown,71,0.017582961862308073,0.3171536286522149,1.8076714777023903e-05,3.4379731370046066e-05,0.00022962268203824754,6.634109539406009e-07,6.634109539401472e-07,0.08371765296804896
1101,User_1615,Unknown,24,0.005943536404160475,0.31551804969526487,1.7460084430417434e-06,2.5365279419634265e-06,0.00023308951910103152,1.0043101433399304e-07,1.0043101433399309e-07,0.076442717929184
1102,User_1616,Unknown,50,0.012382367508667657,0.3196896524424036,1.057197427395552e-05,3.957271546394674e-06,0.0003123993479299715,1.537169247753774e-07,1.5371692477616442e-07,0.08362123429566357
1103,User_1617,Unknown,117,0.028974739970282316,0.33585627547201197,0.0004481197390596397,8.480546948650616e-05,0.0003416128046572596,2.8205203091162055e-06,2.820520309115385e-06,0.10192197446990565
1104,User_1618,Unknown,24,0.005943536404160475,0.3349647449191207,0.00016296465008238924,8.139319929934273e-05,0.000125916055795899,4.8630562104927295e-06,4.8630562104929124e-06,0.08468030722666824
1105,User_1619,Unknown,114,0.028231797919762255,0.31775259678942397,1.0596382533974954e-05,5.147821825473458e-05,0.00033229607414589677,8.566445063881174e-07,8.566445063883908e-07,0.09187486294548851
1106,User_1620,Unknown,128,0.0316988608221892,0.3196643445218493,0.00011738470254282394,4.9438191856756044e-05,0.00042609292737992935,8.825595676221662e-07,8.825595676229011e-07,0.09656022016593235
1107,User_1621,Unknown,189,0.046805349182763745,0.3378796753409756,0.0008622883580861532,0.0001136630756870451,0.0005402959111513511,3.2548378429097727e-06,3.254837842908499e-06,0.11673579502125735
1108,User_1622,Unknown,177,0.043833580980683504,0.3198162521780453,8.608098515414191e-05,7.835488621143647e-05,0.0005030088722789564,1.339186524810078e-06,1.3391865248093466e-06,0.10484855759741608
1109,User_1623,Unknown,100,0.024764735017335313,0.3174029240685427,6.644099895747333e-06,4.861674067077746e-05,0.0002927779634578222,7.87018901863491e-07,7.870189018638057e-07,0.08902748992904899
1110,User_1624,Unknown,35,0.00866765725606736,0.3157894736842105,4.756597072476507e-06,2.5027833466896258e-06,0.00026132701408991153,9.239674512156697e-08,9.239674512087707e-08,0.07861882580255063
1111,User_1625,Unknown,25,0.006191183754333828,0.3173031588873173,6.970071593363506e-07,2.615691034078577e-06,0.0001762873868477756,1.0033184650942134e-07,1.0033184650898694e-07,0.07641394300545369
1112,User_1626,Unknown,37,0.009162951956414065,0.3336362885235066,0.0001286546757982767,3.823752440628121e-05,0.0002163602236197065,2.123849304202706e-06,2.1238493042021508e-06,0.08728824494107326
1113,User_1627,Unknown,3,0.0007429420505200594,0.31500117013807627,0.0,1.800242427044542e-06,8.96247609969939e-05,6.68860921101281e-08,6.68860921101932e-08,0.07059730711294096
1114,User_1628,Unknown,82,0.020307082714214955,0.31752771880160413,1.906045718784137e-05,3.7047832272192442e-06,0.00038292989120884707,1.2257689441151903e-07,1.2257689441220515e-07,0.08823380220814496
1115,User_1629,Unknown,22,0.005448241703813769,0.31546875,8.605809633783684e-07,2.1462974692979245e-06,0.00018852416267779346,7.861155268207472e-08,7.861155268226691e-08,0.07530148017676717
1116,User_1630,Unknown,67,0.01659237246161466,0.31857988165680473,6.311381105239135e-05,4.512481819702393e-06,0.000424956252227021,1.5637719760351862e-07,1.5637719760369822e-07,0.08752398330699537
1117,User_1631,Unknown,9,0.002228826151560178,0.3170789163722026,1.363208929476526e-08,2.145287838049277e-06,8.724299911348016e-05,8.168629231261223e-08,8.168629231266298e-08,0.07242924017920525
1118,User_1632,Unknown,79,0.0195641406636949,0.31687985560699994,6.288987254064617e-06,3.9543034589942554e-05,0.00024293056507277558,7.061167830147508e-07,7.061167830149137e-07,0.08493064013981774
1119,User_1633,Unknown,23,0.005695889053987122,0.31549339792171266,1.8991953758816154e-06,2.287794489549466e-06,0.0001760240175888857,8.445949402440976e-08,8.445949402456354e-08,0.0752158202238292
1120,User_1634,Unknown,38,0.009410599306587419,0.3158635794743429,5.605238597516932e-06,2.572208827553671e-06,0.00028028837768165224,9.206648485042005e-08,9.206648485074424e-08,0.0794249751386842
1121,User_1635,Unknown,34,0.008420009905894007,0.3157647794807632,1.6298599667135157e-06,2.5936500207087533e-06,0.00018070885278193333,8.983845720030092e-08,8.98384572005902e-08,0.07694777234429295
1122,User_1636,Unknown,77,0.01906884596334819,0.3168301294625343,1.012834580494729e-05,3.6431249137766987e-06,0.00035617840297531145,1.211840627855745e-07,1.2118406278653811e-07,0.0866880855847003
1123,User_1637,Unknown,99,0.02451708766716196,0.317852644836272,3.917608168160055e-05,4.408609950570242e-05,0.0003161807112001863,8.779227002347956e-07,8.779227002347368e-07,0.08956752465869487
1124,User_1638,Unknown,34,0.008420009905894007,0.3174777891343659,2.507749958497135e-06,2.674347136284647e-06,0.00018316014383876965,9.367329821882298e-08,9.367329821870674e-08,0.07786407163663789
1125,User_1639,Unknown,78,0.019316493313521546,0.31732809430255404,2.3636323339615003e-05,3.555059508642061e-05,0.00026363199495502474,7.039172741603285e-07,7.039172741597565e-07,0.08541090833110707
1126,User_1640,Unknown,8,0.001981178801386825,0.3151240830341814,7.487162889586458e-08,1.8892041322259084e-06,0.00010312527395761638,6.962227118163894e-08,6.962227118146461e-08,0.07159883258955525
1127,User_1641,Unknown,14,0.003467062902426944,0.31527170518425984,2.551395995617923e-06,2.9065052182030445e-06,0.00014687577425313825,1.1412307759953925e-07,1.1412307759956352e-07,0.07332442268846097
1128,User_1642,Unknown,28,0.006934125804853888,0.3418557399254995,0.0016822538161000364,3.1951107218866613e-06,0.0002776814035738764,1.451032973204535e-07,1.4510329732018527e-07,0.09170253226009287
1129,User_1643,Unknown,100,0.024764735017335313,0.3174029240685427,5.535110771185494e-06,5.132994046928752e-05,0.0002926065860753457,9.143466517831577e-07,9.143466517825513e-07,0.08903393695906689
1130,User_1644,Unknown,69,0.017087667161961365,0.3171536286522149,1.2871420474488304e-05,2.8944255228714647e-05,0.0002273393764832945,5.233182805489257e-07,5.233182805489308e-07,0.08338467884442348
1131,User_1645,Unknown,56,0.013868251609707775,0.3197149643705463,1.529949193210582e-05,3.90418818694941e-06,0.0003441647982298427,1.539774006475173e-07,1.5397740064755015e-07,0.08505565747903707
1132,User_1646,Unknown,18,0.004457652303120356,0.31537019681349576,3.2320635095634997e-06,4.717816697399696e-06,0.00012365219581112778,1.1365655541149717e-07,1.1365655541179838e-07,0.07348656730715411
1133,User_1647,Unknown,50,0.012382367508667657,0.3167307239783512,4.747816808271851e-06,2.98623347016448e-06,0.0002447445788160331,1.0140134017341893e-07,1.0140134017371595e-07,0.08083746834782782
1134,User_1648,Unknown,25,0.006191183754333828,0.31554270532155976,1.5426668543536502e-07,2.1550932067900383e-06,0.00020910667079641933,7.820496697462906e-08,7.82049669757464e-08,0.07613757754680783
1135,User_1649,Unknown,35,0.00866765725606736,0.3157894736842105,2.7038380868247625e-06,2.5914090236378265e-06,0.00019713496304347555,8.989588541016072e-08,8.989588541012404e-08,0.07740732155212193
1136,User_1650,Unknown,21,0.005200594353640416,0.3158635794743429,9.952620790325587e-06,2.5085963671299103e-06,0.00017302960382143195,8.247983365305152e-08,8.247983365304096e-08,0.07507619226108009
1137,User_1651,Unknown,4,0.0009905894006934125,0.31502574504602904,0.0,3.325757716086285e-06,5.1108287609306325e-05,9.006388321524301e-08,9.006388321536526e-08,0.07002341470657787
1138,User_1652,Unknown,81,0.020059435364041603,0.3169295973628444,4.993381178881161e-06,3.629174713961948e-05,0.00024597674943933727,5.643071422811629e-07,5.643071422815805e-07,0.08527514693344544
1139,User_1653,Unknown,74,0.01832590391282813,0.31675556950109823,2.530122438115056e-06,3.512469605037111e-05,0.00022591343169829335,5.591832571246708e-07,5.591832571250564e-07,0.08384776790721557
1140,User_1654,Unknown,7,0.001733531451213472,0.31680527224227206,6.968862046309013e-07,1.9985349224967576e-06,9.065830178848193e-05,7.499931803719002e-08,7.499931803709722e-08,0.07208076676978423
1141,User_1655,Unknown,56,0.013868251609707775,0.31630894563684786,2.7631739437012794e-06,3.0818504824575306e-06,0.0002694576582980901,1.0410830037703603e-07,1.0410830037763591e-07,0.0819102618091773
1142,User_1656,Unknown,34,0.008420009905894007,0.3420294765373539,0.0015051675904993636,4.397082439771414e-06,0.00029065001460233734,1.8993445400010653e-07,1.8993445399971203e-07,0.09280762067898819
1143,User_1657,Unknown,5,0.0012382367508667657,0.3150503237887181,0.0,1.85440471172483e-06,9.826866799463643e-05,6.932893176203389e-08,6.932893176198864e-08,0.07105918208975232
1144,User_1658,Unknown,19,0.0047052996532937095,0.3163337250293772,3.995572484680517e-06,4.665023708800912e-06,0.00012780874167853942,1.2443217918121793e-07,1.2443217918094792e-07,0.074191535587722
1145,User_1659,Unknown,82,0.020307082714214955,0.31695447409733124,4.09299347521169e-06,3.866782252690152e-05,0.00025147773963316196,6.85459336904743e-07,6.854593369045802e-07,0.08553732889546903
1146,User_1660,Unknown,24,0.005943536404160475,0.3172283761489512,6.575426957918839e-06,3.1942951372292424e-06,0.00018567361653486957,1.0161200969381286e-07,1.0161200969350284e-07,0.07641888241350205
1147,User_1661,Unknown,80,0.01981178801386825,0.31863015860490806,2.532525792880334e-05,3.763530565998975e-06,0.00038845673563118197,1.251169009589861e-07,1.2511690095901888e-07,0.08862603786376874
1148,User_1662,Unknown,146,0.036156513125309556,0.3185547491322184,1.9495627233992575e-05,6.916567474822807e-05,0.0004115792917375864,1.148262316592766e-06,1.1482623165916754e-06,0.09819912401021123
1149,User_1663,Unknown,235,0.058197127290737984,0.3391852162956741,0.001100111178803195,0.0001285378034831958,0.0006645344956311117,3.568478513527219e-06,3.5684785135273916e-06,0.12614418455450432
1150,User_1664,Unknown,6,0.0014858841010401188,0.3150749063670412,3.067220091322183e-07,1.8582442596057336e-06,9.401529963756514e-05,6.873138132989623e-08,6.873138132964304e-08,0.07112833025729523
1151,User_1665,Unknown,127,0.03145121347201585,0.3180779834580543,1.3448161031818555e-05,5.7867524863128356e-05,0.0003631195589899171,9.417525269034997e-07,9.417525269035624e-07,0.09441473650545354
1152,User_1666,Unknown,36,0.008915304606240713,0.3647037572254335,0.006174767405889478,4.6931657967434926e-05,0.0003183871777442503,2.933130168034061e-06,2.933130168033928e-06,0.10669371815323703
1153,User_1667,Unknown,27,0.006686478454680535,0.31559202813599063,5.8073262979789256e-06,2.2537005223703784e-06,0.00022668347325922625,8.107558319288064e-08,8.107558319261452e-08,0.076769814451967
1154,User_1668,Unknown,122,0.03021297672114908,0.3179527559055118,9.962634771031608e-06,5.904997346395848e-05,0.000349849596320351,9.952662005235094e-07,9.9526620052346e-07,0.09341990217861214
1155,User_1669,Unknown,137,0.03392768697374938,0.3183287347260544,1.4945601043556868e-05,6.586226534271411e-05,0.0003926743394363122,1.1964714117367303e-06,1.1964714117364791e-06,0.09649220767769148
1156,User_1670,Unknown,11,0.0027241208519068845,0.31554270532155976,3.44164663457122e-06,3.189087796710026e-06,0.00010203391912455868,8.999714670855311e-08,8.999714670848345e-08,0.07220513967692
1157,User_1671,Unknown,32,0.0079247152055473,0.31717854057026157,1.5915203756822242e-05,2.8279506264440427e-06,0.00023367867920389418,1.062368599399715e-07,1.0623685993989176e-07,0.07839628233093807
1158,User_1672,Unknown,25,0.006191183754333828,0.31554270532155976,3.15852902248009e-06,2.2416148397047166e-06,0.0002083338443516852,8.157413429518414e-08,8.15741342943998e-08,0.07612417913174754
1159,User_1673,Unknown,40,0.009905894006934125,0.3192599620493359,9.449736450860097e-06,3.538829818987224e-06,0.00025750754382054266,1.4054186902176847e-07,1.405418690218739e-07,0.08099771972002277
1160,User_1674,Unknown,25,0.006191183754333828,0.317353033637221,4.1778314631815636e-05,7.388572624209237e-06,0.00018565184323034043,2.656580455962713e-07,2.6565804559603915e-07,0.07664299023917324
1161,User_1675,Unknown,117,0.028974739970282316,0.317827626918536,2.800995653317752e-05,5.230779437962945e-05,0.00036864584596380716,9.461428450688849e-07,9.4614284506854e-07,0.09301975242979467
1162,User_1676,Unknown,16,0.00396235760277365,0.31532094330782445,1.129580537711129e-06,2.07120777642806e-06,0.0001796781915193112,7.784098835708562e-08,7.784098835669095e-08,0.07423850008028635
1163,User_1677,Unknown,36,0.008915304606240713,0.318378932429236,6.349510376946008e-06,3.2660649296442284e-06,0.00023030374767802557,1.243660735979427e-07,1.243660735980872e-07,0.07948792293744887
1164,User_1678,Unknown,18,0.004457652303120356,0.315937720053204,1.1672291238410081e-05,4.998894839965803e-06,0.0001455618451861339,1.3538277100529306e-07,1.3538277100515177e-07,0.07419187887792089
1165,User_1679,Unknown,27,0.006686478454680535,0.31810304080668034,3.412606581962672e-06,3.3791565272970046e-06,0.00018437934215107392,1.1783868861940843e-07,1.1783868861981749e-07,0.07724903724314455
1166,User_1680,Unknown,61,0.01510648836057454,0.31847937534505877,3.402111034521506e-05,3.845180592143689e-06,0.00029928460951922386,1.1868770101812334e-07,1.1868770101852655e-07,0.08426988878239995
1167,User_1681,Unknown,25,0.006191183754333828,0.3160118954452966,3.1610605683035476e-06,2.307941007564607e-06,0.00019088092730746586,8.436218731637642e-08,8.436218731589489e-08,0.07603333377464908
1168,User_1682,Unknown,38,0.009410599306587419,0.3175776641761699,8.318900429052568e-06,2.760855289282655e-06,0.000193523858091769,9.593944903086201e-08,9.593944903107214e-08,0.07865957473283637
1169,User_1683,Unknown,123,0.030460624071322436,0.31797779352704936,3.551877278851393e-05,5.68745541121875e-05,0.0003800865567164391,9.999764924034297e-07,9.99976492402135e-07,0.09414439346435312
1170,User_1685,Unknown,93,0.02303120356612184,0.3172283761489512,1.2070048870133468e-05,4.491159208334708e-05,0.00028770871814732553,8.157995854521729e-07,8.157995854525774e-07,0.0878828216000868
1171,User_1686,Unknown,35,0.00866765725606736,0.3157894736842105,7.1277766028419755e-06,2.591523034717814e-06,0.00024169171225105164,9.304302561718294e-08,9.30430256174109e-08,0.07824929622316688
1172,User_1687,Unknown,43,0.010648836057454186,0.35725028753428295,0.0009065373748414386,7.397279566711534e-06,0.00039525648643362675,3.950767187426633e-07,3.9507671874223726e-07,0.10357438291820723
1173,User_1688,Unknown,95,0.02352649826646855,0.3368930418821959,0.0005501599322316148,3.825032274529115e-05,0.0003348865657478898,8.450848940856355e-07,8.450848940862175e-07,0.09917930138472698
1174,User_1689,Unknown,124,0.03070827142149579,0.3180028350921405,1.2024856558152142e-05,5.8528998124460225e-05,0.000356752424483545,1.0021317806710678e-06,1.00213178067067e-06,0.09384936195979607
1175,User_1690,Unknown,2,0.0004952947003467063,0.3149765990639626,0.0,1.8269149996764555e-06,4.8445795770073976e-05,6.8462571281961e-08,6.846257128194417e-08,0.0696713181994383
1176,User_1691,Unknown,60,0.014858841010401188,0.3164080865068171,3.7125137801163057e-06,3.219906551341281e-06,0.00028514806844934975,1.0796608546786597e-07,1.0796608546853704e-07,0.08280458041343992
1177,User_1692,Unknown,50,0.012382367508667657,0.33680874134623406,0.00010531849707868065,7.734224122892423e-06,0.0003142872686758325,3.918158274067188e-07,3.9181582740665456e-07,0.09239117992658855
1178,User_1693,Unknown,3,0.0007429420505200594,0.31500117013807627,6.134440182644368e-08,1.8001907428103613e-06,8.052317586850543e-05,6.68996968480684e-08,6.689969684832676e-08,0.07042563488050001
1179,User_1694,Unknown,34,0.008420009905894007,0.3183287347260544,3.3209584559523454e-05,3.001847521922271e-06,0.00024865029353778625,1.1802141501847431e-07,1.1802141501829353e-07,0.07954215082807181
1180,User_1695,Unknown,30,0.007429420505200594,0.31777760289604157,2.1341835609484185e-06,2.7593923287067307e-06,0.00020342623475751173,1.0369170800835861e-07,1.0369170800820179e-07,0.07785168805352473
1181,User_1696,Unknown,12,0.0029717682020802376,0.3152224824355972,1.732350859168509e-06,2.454167084249976e-06,0.00012028833479559961,8.023849881241116e-08,8.023849881246719e-08,0.0725217201275946
1182,User_1697,Unknown,8,0.001981178801386825,0.33283877349159247,2.2703172632786022e-05,3.1441152106815254e-05,8.167490455131924e-05,1.9165512450292163e-06,1.916551245029119e-06,0.08032314174052416
1183,User_1698,Unknown,19,0.0047052996532937095,0.3153948293368742,1.258891933630628e-06,3.042950210716953e-06,0.00018040236385602365,1.193218173829518e-07,1.193218173828414e-07,0.07470360409969239
1184,User_1699,Unknown,42,0.010401188707280832,0.31690472453304036,1.8471675579199706e-05,3.4073499843531454e-06,0.00027604951652992425,1.1991586466554275e-07,1.1991586466555623e-07,0.08042720496107299
1185,User_1700,Unknown,17,0.004210004952947003,0.3153455681374463,9.578104382207916e-07,8.410634634188692e-06,8.97278035339486e-05,1.7922345796227258e-07,1.792234579610665e-07,0.07270520049631983
1186,User_1701,Unknown,7,0.001733531451213472,0.315962441314554,1.0101194818744005e-06,2.181496287408518e-06,0.00010400246267477952,8.792401712613002e-08,8.792401712590215e-08,0.07190565178473311
1187,User_1702,Unknown,45,0.01114413075780089,0.33538205980066443,0.00041618676421087837,7.837873781386979e-05,0.0002626405283911095,4.6028360429105954e-06,4.602836042909806e-06,0.09040345935382853
1188,User_1703,Unknown,70,0.01733531451213472,0.31665621079046424,3.778770033177834e-05,3.958382459568411e-06,0.0004839035912362268,1.2485354869729085e-07,1.2485354869735565e-07,0.08806020930355832
1189,User_1704,Unknown,25,0.006191183754333828,0.31554270532155976,1.9708880133480264e-06,2.311630882986169e-06,0.00016244696901794836,8.173532180350756e-08,8.173532180367987e-08,0.07525833482065346
1190,User_1705,Unknown,27,0.006686478454680535,0.3352985136593872,5.661082886631419e-05,2.283443507440503e-06,0.000264164629660834,8.539458573943861e-08,8.539458573895024e-08,0.08749491494106412
1191,User_1706,Unknown,42,0.010401188707280832,0.31767760207694123,7.423371595278157e-06,2.856613753604569e-06,0.0002306553472899832,9.883305415586933e-08,9.883305415562726e-08,0.0799581025689309
1192,User_1707,Unknown,185,0.04581475978207033,0.31953786499960435,3.599617504221348e-05,8.364320560126584e-05,0.0005128931092303412,1.4110385202891587e-06,1.4110385202894831e-06,0.10598478236661317
1193,User_1708,Unknown,10,0.0024764735017335313,0.31517327505463627,4.336509236761399e-07,1.9677109415123804e-06,0.00011846182790367632,7.360929028152458e-08,7.360929028144456e-08,0.07218719143672828
1194,User_1709,Unknown,62,0.015354135710747894,0.31710381655410713,3.233497893460463e-05,3.217969749165634e-06,0.0004255269187998177,1.1474500721860525e-07,1.1474500721832232e-07,0.08608830515891161
1195,User_1710,Unknown,15,0.003714710252600297,0.3158141717503519,9.499345306384709e-07,6.3950648331281914e-06,8.448599410274949e-05,1.451756366507574e-07,1.4517563665085488e-07,0.07256589250478172
1196,User_1711,Unknown,5,0.0012382367508667657,0.3150503237887181,1.8403320547933104e-07,2.3791636251481313e-06,7.894585465006014e-05,8.504350758911516e-08,8.504350758900413e-08,0.07069625366641677
1197,User_1712,Unknown,105,0.026002971768202078,0.31752771880160413,8.643518734826822e-06,4.8912712257388365e-05,0.00030728485823263053,7.865575582551012e-07,7.86557558255289e-07,0.09004968762906651
1198,User_1713,Unknown,4,0.0009905894006934125,0.31502574504602904,1.8403320547933104e-07,2.1100356959240474e-06,6.683948717594335e-05,8.564501394216279e-08,8.564501394249544e-08,0.07031819382309482
1199,User_1714,Unknown,187,0.04631005448241703,0.319588444796201,3.487911609054845e-05,8.633283485801541e-05,0.0005151324228978032,1.4665953049616892e-06,1.466595304960658e-06,0.10633266072624259
1200,User_1715,Unknown,65,0.016097077761267953,0.3165321000235165,5.937830120195615e-06,3.887137975852586e-06,0.00030460192939664205,1.1855304761321044e-07,1.1855304761295866e-07,0.08392083954293027
1201,User_1716,Unknown,60,0.014858841010401188,0.3169793547374205,7.577428995255382e-06,3.2449698504787654e-06,0.00028785114409382047,1.0890090837612993e-07,1.0890090837640741e-07,0.0831467681077189
1202,User_1717,Unknown,139,0.03442298167409608,0.318378932429236,2.3546449039396694e-05,6.532051244898631e-05,0.0004016705368076058,1.1509343079506417e-06,1.150934307950552e-06,0.09696068192916556
1203,User_1718,Unknown,155,0.03838533927686973,0.3566507684154743,0.03734287067796221,0.004524614205430204,0.0005256521195978915,0.00028949064180912147,0.00028949064180912147,0.15215430384040607
1204,User_1719,Unknown,19,0.0047052996532937095,0.33507592730893704,1.3424718863241432e-05,2.574831981807036e-06,0.00019057857483503987,1.0721506490119514e-07,1.072150649011558e-07,0.08488774202456881
1205,User_1720,Unknown,49,0.012134720158494303,0.3182785528493734,2.406831966254186e-05,3.062154503127423e-06,0.00025122103643811016,1.0572782994035067e-07,1.0572782994019161e-07,0.08161451699856359
1206,User_1721,Unknown,115,0.02847944526993561,0.31777760289604157,1.0039687427127781e-05,5.596112691731671e-05,0.000332733117325173,8.993159149931789e-07,8.993159149929241e-07,0.09204117629709506
1207,User_1722,Unknown,56,0.013868251609707775,0.31630894563684786,9.248545951880445e-06,2.2683566834471968e-05,0.00021330146927019464,4.76531159292096e-07,4.7653115929231776e-07,0.08089961233249439
1208,User_1723,Unknown,49,0.012134720158494303,0.3161355985281453,1.3427302425272959e-06,2.6011115463699673e-05,0.00016418302606036194,4.806292441316352e-07,4.806292441314324e-07,0.07893002965174349
1209,User_1724,Unknown,59,0.014611193660227836,0.31690472453304036,1.0807656427778716e-05,2.3581781030280628e-05,0.0002040308445879179,4.256115796413174e-07,4.2561157964168614e-07,0.08143708007402665
1210,User_1725,Unknown,51,0.01263001485884101,0.3161851068827813,3.124173115812657e-05,2.806366040803485e-06,0.0003808607002334854,9.923431560413175e-08,9.923431560409211e-08,0.08327253930458835
1211,User_1726,Unknown,21,0.005200594353640416,0.34165327015821984,0.000867683228187556,3.1304494613629484e-06,0.0001957492678260234,1.1491086992584954e-07,1.1491086992567726e-07,0.08885267362036078
1212,User_1727,Unknown,32,0.0079247152055473,0.3161851068827813,1.1001969677188395e-05,3.5358419693249254e-06,0.00021370721878361524,1.0500543590390526e-07,1.0500543590408789e-07,0.07751483347285608
1213,User_1728,Unknown,32,0.0079247152055473,0.3157154026583268,1.4241458071287241e-06,2.5265753787535014e-06,0.00017034796110835702,8.775611369042477e-08,8.775611369092331e-08,0.07645333147490507
1214,User_1729,Unknown,80,0.01981178801386825,0.31863015860490806,2.8238061367566546e-05,3.7537151042205685e-06,0.00039957675528116705,1.239954296390438e-07,1.23995429638942e-07,0.08883660325266132
1215,User_1730,Unknown,226,0.055968301139177806,0.32111332007952287,0.00013668118280842057,9.479057866113331e-05,0.0006613437938392171,1.7001978947407727e-06,1.7001978947414994e-06,0.11525523275772524
1216,User_1731,Unknown,8,0.001981178801386825,0.3151240830341814,8.997178934545074e-08,2.3214301710716838e-06,9.636257657957018e-05,7.515780451205822e-08,7.515780451208397e-08,0.07147217223622222
1217,User_1732,Unknown,48,0.01188707280832095,0.317827626918536,5.625143195017916e-06,2.9430097253592064e-06,0.0002496189596326226,1.0169471008447929e-07,1.0169471008463184e-07,0.08121272629052767
1218,User_1733,Unknown,38,0.009410599306587419,0.3158635794743429,1.7720860487122447e-06,2.380303607507158e-06,0.0003019460069545604,8.515755647755575e-08,8.51575564780875e-08,0.0798317720000652
1219,User_1734,Unknown,49,0.012134720158494303,0.3161355985281453,2.722019314569003e-06,2.529433944876339e-05,0.00017278056714013177,4.705847431633074e-07,4.705847431634036e-07,0.07909108012377263
1220,User_1735,Unknown,109,0.02699356116889549,0.3176276252654763,9.386668061124009e-06,5.468193537521395e-05,0.0003210131537145271,9.901578859215124e-07,9.901578859209373e-07,0.0909250814609173
1221,User_1736,Unknown,156,0.03863298662704309,0.31880625296068216,2.5690699020729056e-05,7.334354366490891e-05,0.00043807852930130965,1.2447538544214097e-06,1.2447538544205885e-06,0.10020762909042168
1222,User_1737,Unknown,79,0.0195641406636949,0.31687985560699994,2.9163976561401587e-06,3.8483165024105096e-05,0.00023830457681602488,6.166620470822998e-07,6.166620470822422e-07,0.08483660841447098
1223,User_1738,Unknown,26,0.0064388311045071814,0.3160366283165062,2.8467473078287743e-06,2.63117220918862e-06,0.00018293080136277883,9.304740840074415e-08,9.304740840076483e-08,0.07603355027904223
1224,User_1739,Unknown,14,0.003467062902426944,0.31527170518425984,1.0879478510170286e-06,2.03207986847657e-06,0.00014067020599433988,7.403417418444669e-08,7.403417418416365e-08,0.07320374492706902
1225,User_1740,Unknown,37,0.009162951956414065,0.33560505319148937,5.1693130428206715e-05,7.022965709924788e-06,0.00023600311862220793,3.660469635999814e-07,3.6604696360028417e-07,0.08850638119589797
1226,User_1741,Unknown,104,0.025755324418028726,0.31750275200503225,1.3405928414664857e-05,4.936740452298325e-05,0.00031330150417822357,8.669079150671085e-07,8.669079150671607e-07,0.09001952522032826
1227,User_1742,Unknown,79,0.0195641406636949,0.31860501814738834,1.7501872558813466e-05,3.703435877484108e-06,0.000384813138218249,1.235987795154512e-07,1.2359877951550008e-07,0.08840522152999421
1228,User_1743,Unknown,26,0.0064388311045071814,0.3162098668754894,6.272943039960572e-06,2.4324758920146954e-06,0.00020683281687770207,8.955078454978426e-08,8.95507845499591e-08,0.07657292557322613
1229,User_1744,Unknown,37,0.009162951956414065,0.31817823654558347,1.2113088447370019e-05,3.293385699938045e-06,0.00024096154886850217,1.286838193506688e-07,1.2868381935086563e-07,0.0797258924596558
1230,User_1745,Unknown,19,0.0047052996532937095,0.3341332230037236,8.64923215906832e-05,6.14681193221784e-06,0.00014736273074456214,3.2191528983657767e-07,3.2191528983628153e-07,0.08363112122356361
1231,User_1746,Unknown,202,0.05002476473501733,0.31996830427892237,7.035702440811052e-05,8.855613042752986e-05,0.0005642596543666145,1.4289681236999161e-06,1.428968123699203e-06,0.10951686511603147
1232,User_1747,Unknown,22,0.005448241703813769,0.31546875,1.4202879610571553e-06,2.1133400605453183e-06,0.00018950759094972232,7.680614833167649e-08,7.68061483321558e-08,0.0753200641580423
1233,User_1748,Unknown,13,0.0032194155522535907,0.3152470918885159,1.8266045097154326e-07,1.98838533119622e-06,0.00012147341591981826,7.280643196103115e-08,7.280643196103728e-08,0.07269189777991299
1234,User_1749,Unknown,13,0.0032194155522535907,0.3152470918885159,1.4123202494915011e-06,1.97885252129452e-06,0.00013675828417238474,7.25200081982456e-08,7.252000819824734e-08,0.07298056731941846
1235,User_1750,Unknown,126,0.031203566121842496,0.31805293005671076,1.8122397264772555e-05,6.044293408644373e-05,0.000366089772083205,1.0206500678271838e-06,1.0206500678268673e-06,0.09433014403050206
1236,User_1751,Unknown,50,0.012382367508667657,0.3178776666929072,3.279008009370712e-06,2.999875300882036e-06,0.000258701926162497,1.0330665922651598e-07,1.033066592263441e-07,0.08168260114626273
1237,User_1752,Unknown,115,0.02847944526993561,0.31777760289604157,9.951411645795894e-06,5.4536599942747616e-05,0.00033207344117944584,9.020415540919598e-07,9.020415540920101e-07,0.09202670030971341
1238,User_1753,Unknown,82,0.020307082714214955,0.31695447409733124,5.223476121034096e-06,4.2028887482170853e-05,0.00025412760066634966,8.132964869408275e-07,8.132964869408189e-07,0.08559865503271058
1239,User_1754,Unknown,57,0.014115898959881128,0.3168549905838041,8.061128415019605e-06,2.4545195107594265e-05,0.00019419816333919327,4.5182600385486985e-07,4.51826003855136e-07,0.08095453126750188
1240,User_1755,Unknown,2,0.0004952947003467063,0.3149765990639626,0.0,1.7997496650126417e-06,4.693326704855132e-05,6.677873686602724e-08,6.677873686606476e-08,0.06964266674822893
1241,User_1756,Unknown,16,0.00396235760277365,0.31532094330782445,3.306018575318587e-07,2.0616272679454673e-06,0.000140835327293866,7.597364333211158e-08,7.597364333204788e-08,0.07350543462929761
1242,User_1757,Unknown,131,0.03244180287270926,0.31817823654558347,1.5992204919296347e-05,6.23684433229187e-05,0.00037398895511629103,1.028162890870782e-06,1.0281628908704166e-06,0.0952295392363988
1243,User_1758,Unknown,27,0.006686478454680535,0.341826800981969,0.001307399518984735,3.7128135546981988e-06,0.00024793156467541267,1.3482638475298623e-07,1.3482638475297132e-07,0.09087866184463024
1244,User_1759,Unknown,6,0.0014858841010401188,0.3150749063670412,6.183126215839957e-08,1.8486956967369522e-06,8.583293024958689e-05,6.843440134641775e-08,6.843440134644701e-08,0.07097387821250477
1245,User_1760,Unknown,3,0.0007429420505200594,0.31500117013807627,6.134440182644368e-08,1.8362160066311604e-06,7.138194750500268e-05,6.872936512386936e-08,6.872936512384824e-08,0.07025333542679317
1246,User_1761,Unknown,121,0.029965329370975728,0.3179277222265963,7.873056995334444e-05,5.465774878815076e-05,0.00041289183975085525,9.354730597357676e-07,9.354730597351308e-07,0.09447065438375628
1247,User_1762,Unknown,4,0.0009905894006934125,0.31502574504602904,0.0,1.8713530028673069e-06,6.543625068283597e-05,6.972105773514019e-08,6.97210577351616e-08,0.070290567518494
1248,User_1763,Unknown,32,0.0079247152055473,0.31797779352704936,2.0911484318292264e-06,2.933602739349821e-06,0.00021088759197986578,1.1287881727087043e-07,1.1287881727090146e-07,0.07836840159915845
1249,User_1764,Unknown,25,0.006191183754333828,0.31554270532155976,5.322622043291735e-07,2.3924946607038133e-06,0.00014129255831180914,8.381599958974907e-08,8.381599958995438e-08,0.07485907153810913
1250,User_1765,Unknown,66,0.016344725111441305,0.3170291277380859,1.705322410777566e-05,2.873630676968514e-05,0.00023526011616082564,6.055772352596743e-07,6.055772352590173e-07,0.08306516463569699
1251,User_1766,Unknown,40,0.009905894006934125,0.3178026129387691,3.287783602887872e-06,3.2109216664929254e-06,0.00025653938068342556,1.2206595411374193e-07,1.2206595411349902e-07,0.0802365424043696
1252,User_1767,Unknown,36,0.008915304606240713,0.3192852059777022,1.3727767333353791e-05,3.303402443649671e-06,0.00023696934504001846,1.3079380215672438e-07,1.3079380215669185e-07,0.08007622211156047
1253,User_1768,Unknown,209,0.051758296186230804,0.32067979669631513,0.00011200690654905106,8.842005358061339e-05,0.0006160685975883845,1.6255743523785815e-06,1.6255743523782928e-06,0.11183454023845112
1254,User_1769,Unknown,25,0.006191183754333828,0.3333058192323566,6.386308501905557e-05,3.834880495300089e-05,0.00011460393975512649,2.0432872908906825e-06,2.0432872908906817e-06,0.08353609282542318
1255,User_1770,Unknown,47,0.011639425458147598,0.3165569143932267,1.7593438292018848e-05,2.8506121511096836e-06,0.0003347796406758962,1.0481553898441302e-07,1.0481553898451392e-07,0.08204092040263618
1256,User_1771,Unknown,20,0.004952947003467063,0.31541946570848306,2.3536499687800339e-07,9.269661011856922e-06,9.47627045615977e-05,1.8155862385253924e-07,1.8155862385253633e-07,0.07324937701808112
1257,User_1772,Unknown,61,0.01510648836057454,0.31643288143562415,3.96079190246244e-06,2.919175667636321e-05,0.00020078884333538005,5.187834434009883e-07,5.187834434010015e-07,0.08142081194841241
1258,User_1773,Unknown,23,0.005695889053987122,0.31720345640219955,5.668352231363071e-07,2.544797734907837e-06,0.00016481216333487478,9.575327222739046e-08,9.575327222694231e-08,0.0758728371499501
1259,User_1774,Unknown,40,0.009905894006934125,0.3159130026599906,6.973474843431402e-06,1.7155445433752923e-05,0.00017337472880865203,4.207180809195614e-07,4.2071808091984564e-07,0.07774452309244524
1260,User_1775,Unknown,8,0.001981178801386825,0.3151240830341814,2.5560167427684862e-09,4.240363244341126e-06,6.188674804288174e-05,1.0379599847547812e-07,1.0379599847525318e-07,0.07082600992438656
1261,User_1776,Unknown,5,0.0012382367508667657,0.3150503237887181,0.0,1.85440471172483e-06,9.826866799463643e-05,6.932893176203392e-08,6.932893176198556e-08,0.07105918208975232
1262,User_1777,Unknown,5,0.0012382367508667657,0.33554927704836296,2.2661393984917622e-07,9.553528504512123e-06,6.998809450523341e-05,5.622412829551393e-07,5.622412829549649e-07,0.08096527457911504
1263,User_1778,Unknown,38,0.009410599306587419,0.33566084788029926,7.05166198809182e-05,7.1950241390994655e-06,0.0002557155406190694,3.746773491317284e-07,3.7467734913194236e-07,0.08904964735215234
1264,User_1779,Unknown,22,0.005448241703813769,0.315937720053204,8.870985866736256e-06,4.973059122732319e-06,0.0001742859682747983,1.5067439709163854e-07,1.5067439709121653e-07,0.07528091479385975
1265,User_1780,Unknown,20,0.004952947003467063,0.3333333333333333,6.432920385303656e-05,3.48552289009605e-05,0.0001320429518996401,2.0151813269885938e-06,2.0151813269879445e-06,0.08318843869828384
1266,User_1781,Unknown,26,0.0064388311045071814,0.3155673648015005,5.785761732421734e-06,2.381407268058961e-06,0.00018973876817241961,8.455294398931064e-08,8.455294398892574e-08,0.07592388685372335
1267,User_1782,Unknown,67,0.01659237246161466,0.3344653358734366,0.00021594761437111336,5.918786166371181e-05,0.00022652728799479164,2.399484781297414e-06,2.3994847812973312e-06,0.09207613286062007
1268,User_1783,Unknown,121,0.029965329370975728,0.3196643445218493,0.00018900088928529578,4.542820905720937e-06,0.0006557046711928997,1.4991942186511633e-07,1.4991942186489724e-07,0.09985357834958856
1269,User_1784,Unknown,17,0.004210004952947003,0.3153455681374463,4.428644317584994e-07,2.036214460658129e-06,0.00015461941770031205,7.441691748970903e-08,7.441691748993585e-08,0.07391471392806691
1270,User_1785,Unknown,30,0.007429420505200594,0.3156660412757974,9.325729919938888e-06,2.382215436528982e-06,0.0002423728596989137,8.53994493749451e-08,8.539944937494368e-08,0.07751529420953232
1271,User_1786,Unknown,97,0.024021792966815253,0.3190581542351454,4.067877943497103e-05,4.1291116159800835e-06,0.0004615961448783605,1.3597008859280566e-07,1.3597008859291496e-07,0.09255481021789783
1272,User_1787,Unknown,38,0.009410599306587419,0.3160366283165062,1.0463691574372967e-05,2.437805093425876e-06,0.0003003675265597524,8.777508754170048e-08,8.7775087542155e-08,0.07989262506922172
1273,User_1788,Unknown,10,0.0024764735017335313,0.31517327505463627,1.441593442921426e-07,2.0819592732955286e-06,0.00015705789745862518,8.176561990862398e-08,8.176561990858035e-08,0.07291572824470353
1274,User_1789,Unknown,103,0.025507677067855374,0.3174777891343659,9.586266524190697e-06,4.769077100735236e-05,0.0003028211436396217,7.420620889439856e-07,7.420620889449294e-07,0.08966284092050515
1275,User_1790,Unknown,38,0.009410599306587419,0.3181531673495115,2.8073712903152717e-05,3.0300510401798563e-06,0.00022323377725046924,1.1292825321317444e-07,1.1292825321287133e-07,0.07951920474116646
1276,User_1791,Unknown,131,0.03244180287270926,0.31870560378847673,3.468080074362373e-05,6.128569485419252e-05,0.0003959609469070504,1.079870005650927e-06,1.0798700056513738e-06,0.09591804924554057
1277,User_1792,Unknown,6,0.0014858841010401188,0.31549339792171266,8.38246939985216e-07,2.182411179621032e-06,8.248863005356103e-05,8.754440245190029e-08,8.754440245162764e-08,0.07112483479124024
1278,User_1793,Unknown,145,0.0359088657751362,0.3185296205726907,1.8169155877452837e-05,6.970998120931919e-05,0.00040861788143362775,1.233976941279916e-06,1.2339769412794297e-06,0.09799809321034329
1279,User_1794,Unknown,57,0.014115898959881128,0.31805293005671076,5.454871170122278e-05,4.1827579440786384e-06,0.0003418204548513913,1.3124497681918597e-07,1.3124497681894184e-07,0.0843156713121738
1280,User_1795,Unknown,89,0.022040614165428428,0.3171287206471374,5.144556270528824e-06,4.23112035411466e-05,0.00026579251535735314,7.362788437042887e-07,7.36278843704863e-07,0.08686180171897617
1281,User_1796,Unknown,71,0.017582961862308073,0.3166810446239511,3.064959011171818e-06,3.543224896458926e-05,0.0002171376497410209,6.006280967988763e-07,6.006280967998594e-07,0.08323644130615913
1282,User_1797,Unknown,5,0.0012382367508667657,0.3150503237887181,1.8799090882297254e-07,2.7793663242659805e-06,7.485236958668695e-05,8.13663236804729e-08,8.136632368073537e-08,0.07061946340859444
1283,User_1798,Unknown,34,0.008420009905894007,0.3157647794807632,9.573211960617033e-07,2.298522545645869e-06,0.00027504785784079444,8.270067655762497e-08,8.270067655829967e-08,0.07872639490295316
1284,User_1799,Unknown,152,0.037642397226349676,0.31870560378847673,2.2007124830607857e-05,7.138475463021925e-05,0.0004290542051400393,1.208266129777264e-06,1.2082661297766538e-06,0.09943322984498901
1285,User_1800,Unknown,245,0.06067360079247152,0.32159923542529467,0.00015282194124476646,0.00010193102506311919,0.0006984646532952213,1.7429965200011744e-06,1.7429965200007307e-06,0.1188194984799577
1286,User_1801,Unknown,23,0.005695889053987122,0.3174278751670466,1.1018620351783926e-06,2.512589498677004e-06,0.0001653319822708798,9.488588221363488e-08,9.488588221304889e-08,0.07599662480330034
1287,User_1802,Unknown,12,0.0029717682020802376,0.3152224824355972,4.370529602611962e-08,1.9510865884923505e-06,0.00011898740832474059,7.169343015514746e-08,7.16934301552956e-08,0.07249552521020437
1288,User_1803,Unknown,25,0.006191183754333828,0.3352428393524284,4.5667898833574615e-05,2.294784193395928e-06,0.00024307448023712909,8.548022213477162e-08,8.548022213428295e-08,0.08679190886605682
1289,User_1804,Unknown,195,0.04829123328380386,0.31979092421002614,4.42080019654482e-05,8.702127956672256e-05,0.0005445079243357052,1.4574821066861159e-06,1.457482106686974e-06,0.10808764094145563
1290,User_1805,Unknown,22,0.005448241703813769,0.31546875,2.1099031117589355e-06,8.0906700140953e-06,0.0001228679800216149,2.6710239833985706e-07,2.671023983399536e-07,0.07408102699227527
1291,User_1806,Unknown,32,0.0079247152055473,0.3357166611240439,0.0003077737124932224,3.55006662942045e-06,0.00029542301809402525,1.5678411065420194e-07,1.5678411065398563e-07,0.08906089694989956
1292,User_1807,Unknown,51,0.01263001485884101,0.3161851068827813,1.8974505248577698e-05,5.14748648416046e-06,0.00031378655879212437,1.5391744688792253e-07,1.5391744688730824e-07,0.08200967456088022
1293,User_1808,Unknown,14,0.003467062902426944,0.33416087388282023,7.814382468708352e-05,6.200922141735111e-06,0.00016037722879952478,3.195241225495221e-07,3.1952412254957326e-07,0.08320396568572293
1294,User_1809,Unknown,113,0.027984150569588903,0.3177275946179873,1.1654000037236768e-05,5.0036280324243907e-05,0.0003323774480424883,8.129254767797982e-07,8.129254767796411e-07,0.09172298431409556
1295,User_1810,Unknown,102,0.02526002971768202,0.31745283018867926,9.801513355556892e-06,4.79369860485305e-05,0.0002984790030558392,7.474786471362516e-07,7.474786471351802e-07,0.08943211191203805
1296,User_1811,Unknown,63,0.015601783060921248,0.3164824829532095,3.969736283495258e-06,3.057306108320433e-05,0.0002080258171419647,5.93050323053479e-07,5.93050323053829e-07,0.08186171852910441
1297,User_1812,Unknown,44,0.010896483407627538,0.3177275946179873,3.5864007036252583e-06,2.9347178662022734e-06,0.00022562171135876463,1.0116302510195274e-07,1.011630251019138e-07,0.08016128195125556
1298,User_1813,Unknown,156,0.03863298662704309,0.3199176041831722,0.00010104677450332539,6.765360555081423e-05,0.00048062132421869874,1.2880943871489684e-06,1.2880943871494891e-06,0.10159016301718882
1299,User_1814,Unknown,10,0.0024764735017335313,0.31517327505463627,6.941212012725476e-07,2.3872180700351878e-06,0.00011205170597454608,7.680683239279843e-08,7.680683239277208e-08,0.07206712672253034
1300,User_1815,Unknown,24,0.005943536404160475,0.31551804969526487,1.1460405128297828e-06,2.265479236116382e-06,0.0001865740148439347,8.302198228862117e-08,8.302198228856962e-08,0.07556385863745332
1301,User_1816,Unknown,131,0.03244180287270926,0.31817823654558347,1.2662565479489445e-05,6.18120120189884e-05,0.00036878728577764306,9.842017745069396e-07,9.84201774506768e-07,0.09512753935962877
1302,User_1817,Unknown,15,0.003714710252600297,0.33303092783505156,2.669818964168146e-05,3.240464694555924e-05,0.00011444442327738241,1.9887196601831623e-06,1.988719660182984e-06,0.08200269146766026
1303,User_1818,Unknown,30,0.007429420505200594,0.3156660412757974,6.296280266655226e-06,5.726643933113184e-06,0.00018333001958078046,1.508735715052591e-07,1.5087357150506662e-07,0.0764086834865434
1304,User_1819,Unknown,88,0.021792966815255076,0.31710381655410713,9.329677447269056e-06,4.131628592745638e-05,0.0002773666528954714,7.724224625101576e-07,7.724224625097695e-07,0.08693209996717786
1305,User_1820,Unknown,67,0.01659237246161466,0.31830364180986914,1.1469781998186047e-05,3.364728967382474e-06,0.0003360816947001801,1.1401928029799591e-07,1.140192802981139e-07,0.08568820033676135
1306,User_1821,Unknown,27,0.006686478454680535,0.31559202813599063,2.0552442952608377e-07,1.4812763850313457e-05,0.00010746596533456982,2.6666141120794094e-07,2.666614112078868e-07,0.07454671988994674
1307,User_1822,Unknown,12,0.0029717682020802376,0.3155673648015005,6.694958717718558e-07,2.3134539926814265e-06,0.0001363853147982752,9.10775426143753e-08,9.107754261414846e-08,0.07300040789620087
1308,User_1823,Unknown,127,0.03145121347201585,0.3180779834580543,1.675238188408242e-05,6.306137449316937e-05,0.0003664982266996298,1.0550453913490867e-06,1.0550453913480688e-06,0.09449252200353883
1309,User_1824,Unknown,58,0.014363546310054482,0.3180779834580543,7.399874825049213e-06,3.2283246338554833e-06,0.0002907763462914162,1.0961277085010908e-07,1.096127708501638e-07,0.08348587872685055
1310,User_1825,Unknown,29,0.007181773155027241,0.33574457470690944,0.00019626072386556262,2.8817214075378843e-06,0.0002767597758966532,1.2017577692455656e-07,1.2017577692402193e-07,0.08827663245831938
1311,User_1826,Unknown,102,0.02526002971768202,0.31745283018867926,7.129292163206397e-06,4.957539232573728e-05,0.0002965128743345722,8.450656500354539e-07,8.450656500350987e-07,0.08940123984911019
1312,User_1827,Unknown,201,0.04977711738484398,0.3199429522224863,8.406833502583755e-05,8.586535642076946e-05,0.0005855646489119565,1.4620347426541713e-06,1.4620347426533177e-06,0.10977064663155801
1313,User_1828,Unknown,56,0.013868251609707775,0.3183538315988647,3.149920811655708e-05,3.1895917584534645e-06,0.0003048581793048017,1.1035535417372193e-07,1.1035535417371583e-07,0.0836250014450729
1314,User_1829,Unknown,16,0.00396235760277365,0.31532094330782445,1.549978766667928e-06,2.436676494977353e-06,0.0001460135141942174,7.96902977793694e-08,7.969029777933446e-08,0.07360421290905549
1315,User_1830,Unknown,16,0.00396235760277365,0.3159130026599906,3.4380169662037494e-06,2.7567165081471554e-06,0.00011944678901266108,8.756686152106118e-08,8.756686152084913e-08,0.07340499061398723
1316,User_1831,Unknown,42,0.010401188707280832,0.315962441314554,2.8072623038195507e-05,2.862445140140626e-06,0.00033610500456611616,9.891835059659221e-08,9.891835059646472e-08,0.08108285243141151
1317,User_1832,Unknown,46,0.011391778107974244,0.3160613650594865,1.589437358359932e-06,1.931733071196991e-05,0.00015989943102750684,3.206483746367408e-07,3.2064837463649516e-07,0.07838361407764646
1318,User_1833,Unknown,191,0.04730064388311045,0.3196896524424036,3.957118094084549e-05,8.754981274704107e-05,0.0005311171738532418,1.4663612491959503e-06,1.466361249195327e-06,0.10723611790821695
1319,User_1834,Unknown,1,0.00024764735017335313,0.31495203182279075,0.0,1.774621069210282e-06,4.2799006860415876e-05,6.605066102067359e-08,6.605066102067297e-08,0.06941530071070742
1320,User_1835,Unknown,182,0.04507181773155027,0.3384177003017097,0.0008210014088706811,0.00010829196811811897,0.0005452217677097289,3.258613834475215e-06,3.2586138344750186e-06,0.11612381396473606
1321,User_1836,Unknown,25,0.006191183754333828,0.3333058192323566,5.1452071069350784e-05,3.925407918311878e-05,0.00011778726031945257,2.086419876526378e-06,2.086419876526005e-06,0.0835958228268849
1322,User_1837,Unknown,38,0.009410599306587419,0.3160366283165062,6.581248147742471e-06,2.367926711761571e-06,0.00030496328557956927,8.494426782865962e-08,8.494426782925273e-08,0.07997792773248129
1323,User_1838,Unknown,6,0.0014858841010401188,0.3150749063670412,2.0857096620990845e-07,1.8509914954051584e-06,0.00010451714346715758,6.86762800365531e-08,6.867628003636784e-08,0.07132639295593504
1324,User_1839,Unknown,165,0.04086181277860327,0.319032946195781,3.0758887011726886e-05,7.518973118928093e-05,0.0004679126768172423,1.2726437867246965e-06,1.2726437867244441e-06,0.10212258316272568
1325,User_1840,Unknown,10,0.0024764735017335313,0.31517327505463627,5.541975418684213e-07,1.915747339561316e-06,0.0001305785029762298,7.048507511207378e-08,7.048507511239032e-08,0.07241557081068328
1326,User_1841,Unknown,49,0.012134720158494303,0.3161355985281453,2.2595237882092375e-06,2.9522106256738285e-06,0.0002397252850976854,1.0022173529202964e-07,1.0022173529258206e-07,0.08030302635476992
1327,User_1842,Unknown,119,0.029470034670629024,0.3178776666929072,1.2628921755953869e-05,5.762098337547623e-05,0.0003472402104498461,1.093448292342187e-06,1.0934482923416002e-06,0.09292529460598208
1328,User_1843,Unknown,40,0.009905894006934125,0.3160613650594865,9.653158149169462e-06,1.9289374733923214e-05,0.00015230170681747806,3.9081385188424934e-07,3.908138518845236e-07,0.0774249062292754
1329,User_1844,Unknown,70,0.01733531451213472,0.31963904060793163,4.6986370834928514e-05,5.81117058584918e-06,0.00041618293154536143,1.8755454852068686e-07,1.8755454852039027e-07,0.088305212652989
1330,User_1845,Unknown,101,0.025012382367508666,0.3174278751670466,2.9613427986564533e-05,4.222447797701076e-05,0.00032858287078637915,7.966416189382279e-07,7.966416189375385e-07,0.0898501165851394
1331,User_1846,Unknown,38,0.009410599306587419,0.3341885293387404,0.00013846111183028393,4.134766673199971e-05,0.00017212130050338817,2.1248633302304115e-06,2.1248633302302595e-06,0.08687849318905812
1332,User_1847,Unknown,26,0.0064388311045071814,0.3352706741946197,0.0005425254386900769,2.348615939558533e-06,0.0002232836879723983,8.570533122380946e-08,8.570533122384931e-08,0.08671734896857478
1333,User_1848,Unknown,36,0.008915304606240713,0.31752771880160413,9.428545580840714e-07,2.721422756483827e-06,0.00019439399947711084,9.480127216168237e-08,9.480127216161486e-08,0.07837465967244357
1334,User_1849,Unknown,119,0.029470034670629024,0.3178776666929072,8.066848646725405e-06,6.0014427895727116e-05,0.000337814731246394,1.013091740545621e-06,1.0130917405459392e-06,0.09274596806668142
1335,User_1850,Unknown,29,0.007181773155027241,0.3173779768922424,8.149305337128636e-06,2.4544796630465817e-06,0.00018363762480909054,8.743498575659308e-08,8.743498575639378e-08,0.07713929052190885
1336,User_1851,Unknown,42,0.010401188707280832,0.31643288143562415,1.09410851198423e-05,1.7146457741964434e-05,0.00017967718020911724,4.133754379326668e-07,4.133754379332867e-07,0.07840179002946426
1337,User_1852,Unknown,22,0.005448241703813769,0.33349851337958375,7.508182798665547e-05,3.380220125046538e-05,0.0001459484151740429,2.0088408032336045e-06,2.008840803233428e-06,0.08380958881716859
1338,User_1853,Unknown,12,0.0029717682020802376,0.3161355985281453,9.698497521771315e-08,2.231000728533973e-06,0.00010185962052182011,8.072505210410545e-08,8.072505210384929e-08,0.07263676960358374
1339,User_1854,Unknown,2,0.0004952947003467063,0.3149765990639626,0.0,1.79447179712317e-06,5.5526080507962056e-05,6.655176558529977e-08,6.655176558550502e-08,0.06980474187500586
1340,User_1855,Unknown,6,0.0014858841010401188,0.3161851068827813,1.3322454807089026e-06,1.912076200283535e-06,7.441029160759654e-05,7.146437488217068e-08,7.146437488237069e-08,0.07132253809827492
1341,User_1856,Unknown,4,0.0009905894006934125,0.31502574504602904,0.0,2.5247134234496773e-06,5.649527896122792e-05,9.115612680185321e-08,9.11561268018078e-08,0.07012388573214387
1342,User_1857,Unknown,73,0.018078256562654778,0.3167307239783512,8.017865304000351e-06,3.490706503020319e-06,0.00034131698525283953,1.1617672877933708e-07,1.1617672878050711e-07,0.0858088502622276
1343,User_1858,Unknown,29,0.007181773155027241,0.315937720053204,1.3126104746465434e-05,8.023133011944238e-06,0.00020852714361578925,3.1478162919620226e-07,3.1478162919594704e-07,0.0768981867880201
1344,User_1859,Unknown,46,0.011391778107974244,0.3164824829532095,6.086918518687139e-06,2.9232221301776053e-06,0.000227728215850316,9.903581830211544e-08,9.903581830238642e-08,0.0798433186081009
1345,User_1860,Unknown,17,0.004210004952947003,0.3158141717503519,8.893211756168177e-06,4.802660960576741e-06,0.00015850982505676727,1.3505984414810023e-07,1.3505984414794043e-07,0.07423544505457644
1346,User_1861,Unknown,99,0.02451708766716196,0.31790269248937175,3.6523536789409745e-05,4.098852170368066e-05,0.00033186495143578396,7.552843291555129e-07,7.552843291557401e-07,0.08987763870555411
1347,User_1862,Unknown,54,0.01337295690936107,0.31625939849624063,4.244580404276404e-06,3.0553190148538943e-06,0.0002657066144415949,1.033123658209251e-07,1.0331236582162226e-07,0.08154104410106273
1348,User_1863,Unknown,49,0.012134720158494303,0.33396741377884376,0.0001746737824742776,4.579534140843713e-05,0.00022651787084259544,2.2695010294921108e-06,2.269501029491596e-06,0.08932176849419994
1349,User_1864,Unknown,107,0.026498266468548786,0.31810304080668034,2.2909522363045292e-05,4.78269427766423e-05,0.0003229715908281987,8.56038014242739e-07,8.560380142428565e-07,0.09091715795101082
1350,User_1865,Unknown,8,0.001981178801386825,0.3151240830341814,3.983402716002836e-08,3.126670079083928e-06,8.307998718994013e-05,1.3852354042882152e-07,1.3852354042870148e-07,0.07122576170672658
1351,User_1866,Unknown,31,0.007677067855373947,0.3354099177672564,0.00012580688416677482,3.31548626854554e-06,0.00028849561482605047,1.4790603390614324e-07,1.479060339057782e-07,0.0885828204846841
1352,User_1867,Unknown,123,0.030460624071322436,0.31797779352704936,2.261210184462905e-05,5.5956984710015755e-05,0.00036831005728318455,9.763829378531285e-07,9.76382937852622e-07,0.0939159302184723
1353,User_1868,Unknown,121,0.029965329370975728,0.3179277222265963,1.441655177689162e-05,5.42657319017074e-05,0.00035418188547614273,9.242764927207811e-07,9.24276492720138e-07,0.09334292765180127
1354,User_1869,Unknown,15,0.003714710252600297,0.31529632232372923,4.0290965909139394e-07,2.0906480187325673e-06,0.00013067949886687676,7.75513884926266e-08,7.75513884925084e-08,0.07316466156514582
1355,User_1870,Unknown,23,0.005695889053987122,0.31777760289604157,1.7326531837575154e-06,2.7532812547666977e-06,0.00015817836183252483,9.966551913745984e-08,9.966551913755564e-08,0.07603996753328628
1356,User_1871,Unknown,82,0.020307082714214955,0.31883142518752466,2.335334561562392e-05,3.7964884487538864e-06,0.0004003134641938551,1.264081583675445e-07,1.2640815836758283e-07,0.08922505747654386
1357,User_1872,Unknown,50,0.012382367508667657,0.31658173265386125,1.068641848382228e-05,2.9794820470499006e-06,0.00025190653385347795,1.009632658703768e-07,1.0096326587066519e-07,0.08089867970940082
1358,User_1873,Unknown,41,0.010153541357107478,0.315937720053204,7.2342294157953e-07,2.8258451038776027e-06,0.00020393388700223726,9.61480479489956e-08,9.614804794895722e-08,0.07843189542944262
1359,User_1874,Unknown,13,0.0032194155522535907,0.3152470918885159,1.5208288925510948e-07,6.753772041189897e-06,7.474434839324182e-05,1.3592992722313527e-07,1.3592992722331997e-07,0.0718204817752179
1360,User_1875,Unknown,28,0.006934125804853888,0.31732809430255404,7.059420512464389e-06,2.4943154237803373e-06,0.00015732283278385996,8.83595519750907e-08,8.835955197523497e-08,0.07648051479335989
1361,User_1876,Unknown,56,0.013868251609707775,0.3167804189220993,2.3568507923354372e-05,3.035541280508188e-06,0.00038634700096112435,1.0793454811975015e-07,1.0793454812002532e-07,0.08436085340619107
1362,User_1877,Unknown,64,0.0158494304110946,0.31650728954381563,2.611645337128327e-06,3.0306018647341772e-05,0.00020777758223805906,5.478272141022268e-07,5.478272141022121e-07,0.08200354784669155
1363,User_1878,Unknown,35,0.00866765725606736,0.3181281021035216,3.280254600915836e-06,2.90625960348672e-06,0.00022721052942843996,1.101314361283833e-07,1.1013143612831628e-07,0.07916330283398884
1364,User_1879,Unknown,150,0.03714710252600297,0.31865530303030304,1.709197855293312e-05,7.279606177180273e-05,0.0004187585930437965,1.2410129681532512e-06,1.2410129681527443e-06,0.09894199169952263
1365,User_1880,Unknown,32,0.0079247152055473,0.3157154026583268,6.803587104435831e-07,2.269384767394676e-06,0.00026006609836769326,8.175888326345018e-08,8.175888326393877e-08,0.07814487552325378
1366,User_1881,Unknown,53,0.013125309559187715,0.3182033096926714,4.667192199864243e-05,7.843250629948316e-06,0.00029840138784507865,1.841221641422776e-07,1.841221641421097e-07,0.08303121408977994
1367,User_1882,Unknown,51,0.01263001485884101,0.3194873012105388,1.3654828869770637e-05,3.942253715673701e-06,0.000312604852625798,1.5131939668505062e-07,1.5131939668526259e-07,0.08366001891675474
1368,User_1883,Unknown,18,0.004457652303120356,0.33355360978027426,8.702877216398144e-05,4.370082163244395e-05,0.00012116610592074152,2.64352215581379e-06,2.64352215581368e-06,0.08287073641872932
1369,User_1884,Unknown,32,0.0079247152055473,0.3157154026583268,3.359288729526998e-07,2.5703327273210086e-06,0.00016857415563043557,8.880580192029665e-08,8.880580192045816e-08,0.07641966167833951
1370,User_1885,Unknown,28,0.006934125804853888,0.31670588235294117,7.352630953514202e-06,7.042094071732097e-06,0.00016035165202174162,1.5519796419554837e-07,1.551979641959004e-07,0.07623184325188943
1371,User_1886,Unknown,105,0.026002971768202078,0.31752771880160413,1.7425126653762466e-05,5.061987792333923e-05,0.00031811503426631835,8.66658519154771e-07,8.666585191541046e-07,0.09026289472352021
1372,User_1887,Unknown,11,0.0027241208519068845,0.3151978768246039,6.061870347616638e-08,2.0382191329119286e-06,8.453923064104031e-05,7.371105624192625e-08,7.371105624207974e-08,0.07169660356250229
1373,User_1888,Unknown,254,0.0629024269440317,0.3212921705919796,0.00011843302938197081,0.00010604412718488096,0.0007117172673725062,1.828103661308486e-06,1.8281036613077997e-06,0.12014506959897579
1374,User_1889,Unknown,15,0.003714710252600297,0.31529632232372923,2.818921322024674e-06,1.9853352268711263e-06,0.00022158038318925355,7.274142870759278e-08,7.274142870754115e-08,0.07487973905712834
1375,User_1890,Unknown,6,0.0014858841010401188,0.3150749063670412,4.907552146115494e-07,1.895582647977171e-06,0.00014823676751732947,6.876614743431278e-08,6.876614743433668e-08,0.07215126868379582
1376,User_1891,Unknown,71,0.017582961862308073,0.3166810446239511,5.323158545367458e-06,3.60148735041714e-05,0.00023171042759129458,7.094809090875597e-07,7.094809090875481e-07,0.08351796797873276
1377,User_1892,Unknown,12,0.0029717682020802376,0.3152224824355972,9.626352286611163e-09,1.951838863386491e-06,0.00011848125995158709,7.170271209751851e-08,7.170271209767832e-08,0.0724859687264614
1378,User_1893,Unknown,83,0.02055473006438831,0.3187307601231352,3.0792639095727165e-05,3.843150560979812e-06,0.0004019498308919604,1.2782591310722775e-07,1.2782591310720298e-07,0.08934401373829318
1379,User_1894,Unknown,63,0.015601783060921248,0.3182033096926714,2.296775582733069e-05,4.335081884197067e-06,0.0003229077274652499,1.2586630279411746e-07,1.2586630279401197e-07,0.08484684064394885
1380,User_1895,Unknown,37,0.009162951956414065,0.31583887368009383,3.0579086791551335e-06,2.3546903986949712e-06,0.0002953172710626622,8.442599078548643e-08,8.442599078617922e-08,0.07955766157863377
1381,User_1896,Unknown,9,0.002228826151560178,0.3151486771247951,1.0399336690578069e-06,1.9049348018879697e-06,0.00013612313422335797,7.011350197213082e-08,7.011350197200855e-08,0.07237095294485156
1382,User_1897,Unknown,36,0.008915304606240713,0.3189069657242142,3.0436669487134047e-05,4.716964909222071e-06,0.00022590779069601758,1.4259686091495552e-07,1.4259686091470414e-07,0.07968320491189555
1383,User_1898,Unknown,101,0.025012382367508666,0.3174278751670466,7.890739922128946e-06,4.512800720933934e-05,0.0003005240797864738,7.886523107037484e-07,7.886523107039214e-07,0.08931833579971972
1384,User_1899,Unknown,79,0.0195641406636949,0.31860501814738834,3.135368557902607e-05,3.7040146144536343e-06,0.00037326701701655043,1.2360566683634173e-07,1.2360566683689844e-07,0.08819153642241759
1385,User_1900,Unknown,26,0.0064388311045071814,0.3155673648015005,1.602319821429003e-06,1.0754213588574886e-05,0.00011431104983562076,2.1601688465117532e-07,2.160168846511299e-07,0.07451846234021385
1386,User_1901,Unknown,14,0.003467062902426944,0.31583887368009383,3.5991582485461253e-06,2.6911264619842833e-06,0.0001265213250392914,9.260568966848069e-08,9.260568966838516e-08,0.07322732928540154
1387,User_1902,Unknown,130,0.032194155522535906,0.3181531673495115,1.9555054540875547e-05,6.205534814595106e-05,0.0003774796513775795,1.112223744731294e-06,1.1122237447315964e-06,0.09515034272273912
1388,User_1903,Unknown,40,0.009905894006934125,0.3159130026599906,1.952895206311628e-06,2.7526209688108337e-06,0.00020420495504935466,9.428372861961212e-08,9.428372861987302e-08,0.07828779510713332
1389,User_1904,Unknown,30,0.007429420505200594,0.3156660412757974,3.060909421759937e-06,2.3659505159048485e-06,0.00022697162281041987,8.630364079929434e-08,8.630364079887193e-08,0.07722292278969754
1390,User_1905,Unknown,11,0.0027241208519068845,0.3151978768246039,3.705449726486194e-08,2.7018442124346537e-06,0.00012352919938711754,8.217487110789326e-08,8.217487110768891e-08,0.07243348685738564
1391,User_1906,Unknown,22,0.005448241703813769,0.31546875,1.002932324289833e-06,2.26131146607791e-06,0.00017226689779078214,8.277974185828029e-08,8.277974185798494e-08,0.07499521462320802
1392,User_1907,Unknown,30,0.007429420505200594,0.3173779768922424,1.5438182020135772e-06,3.1349616522245246e-06,0.00016639712078739662,9.808126588736404e-08,9.80812658872476e-08,0.07695045677324032
1393,User_1908,Unknown,10,0.0024764735017335313,0.3155673648015005,3.338565680046077e-06,2.294031818762279e-06,0.00011365704035169835,9.034281182991178e-08,9.034281183010746e-08,0.0722987223320111
1394,User_1909,Unknown,41,0.010153541357107478,0.33391218060034733,0.00019722756552489453,4.145730284391231e-05,0.0002581324661717805,2.2033899518471825e-06,2.2033899518469305e-06,0.08879253739998737
1395,User_1910,Unknown,31,0.007677067855373947,0.3156907200375264,8.731244415761446e-06,2.577764732919341e-06,0.00025652722907883093,9.056366054682573e-08,9.056366054694507e-08,0.0779320204240104
1396,User_1911,Unknown,39,0.009658246656760773,0.333856965688301,0.00018432617112237846,3.8565015798333095e-05,0.00023741390618950498,2.1501047547263833e-06,2.15010475472608e-06,0.08808935139803752
1397,User_1926,Unknown,134,0.03318474492322932,0.28721815207340495,0.000502710932321555,0.005567637198025038,0.0004628706719515528,0.0003569396454007852,0.00035693964540078595,0.1066130325951149
1398,User_1932,Unknown,95,0.02352649826646855,0.2870344043218652,4.0683734170182015e-05,0.005142096844520523,0.00028969124692031787,0.00032965835081178233,0.000329658350811783,0.09586757378476606
1399,User_1939,Unknown,79,0.0195641406636949,0.267010513786947,0.00010261403943446937,0.003208988573780954,0.00026085818016746384,0.0002057285159219233,0.00020572851592192323,0.0743060799203727
1400,User_1945,Unknown,146,0.036156513125309556,0.28822269807280515,0.00017514723665868414,0.006390628887081153,0.000440951889327987,0.00040969584008729374,0.00040969584008729423,0.11195043869303899
1401,User_1951,Unknown,64,0.0158494304110946,0.2667459373761395,7.83494665120621e-05,0.0009677419037361658,0.00032751341313717294,6.204788253422076e-05,6.204788253422038e-05,0.06330273008575169
1402,User_1955,Unknown,92,0.022783556215948488,0.28636266931423304,6.198560722269286e-05,0.004351351460803136,0.00028850350491406023,0.000278960699676087,0.00027896069967608776,0.09154812546649037
1403,User_1972,Unknown,70,0.01733531451213472,0.2668517049960349,0.00010123209175652955,0.001170494997363765,0.0003474744912961376,7.504594426912244e-05,7.504594426912215e-05,0.06547145926562882
1404,User_1973,Unknown,65,0.016097077761267953,0.2667635594899914,8.650325220642372e-05,0.0011407381826727399,0.0003220546701719336,7.313771164254193e-05,7.31377116425416e-05,0.06412495924844684
1405,User_1976,Unknown,39,0.009658246656760773,0.266306139945921,4.735486090027744e-05,0.0009034602812416079,0.00021434818212007643,5.79257946078363e-05,5.79257946078362e-05,0.05722586120063923
1406,User_1991,Unknown,49,0.012134720158494303,0.266481884775292,5.641044152911097e-05,0.0008722110071094773,0.0002601884656299281,5.592314232472556e-05,5.5923142324725464e-05,0.05941052005583194
1407,User_1995,Unknown,63,0.015601783060921248,0.2667283175903296,8.280663359732693e-05,0.000979023388583143,0.00032473953971594207,6.277099559837865e-05,6.27709955983783e-05,0.06315661536793278
1408,User_1998,Unknown,54,0.01337295690936107,0.2665698442038553,5.6684884936288386e-05,0.000901455707048079,0.00028277854094049267,5.779812191791032e-05,5.7798121917909956e-05,0.06069692849898063
1409,User_2001,Unknown,60,0.014858841010401188,0.2666754721965394,6.603307206243447e-05,0.0009730311147672685,0.0003066585665863593,6.23868214435351e-05,6.238682144353507e-05,0.06234630337675341
1410,User_2004,Unknown,50,0.012382367508667657,0.26649947201689544,5.8957157616047985e-05,0.0009152277217880352,0.00026288635677155874,5.868067488085839e-05,5.868067488085808e-05,0.05980113743991812
1411,User_2007,Unknown,171,0.04234769687964338,0.2887379335001788,0.001423204066762898,0.015232040381193928,0.0004933754393588057,0.000976598039107258,0.0009765980391072578,0.15670922062377607
1412,User_2009,Unknown,45,0.01114413075780089,0.26641155901563635,4.0082643055142034e-05,0.000949985853602775,0.00023441184560671753,6.090847967169888e-05,6.0908479671698764e-05,0.05868567869569551
1413,User_2018,Unknown,55,0.013620604259534423,0.2665874430580313,5.923833825832869e-05,0.0009625807350521505,0.0002861889130129989,6.171654590875808e-05,6.171654590875766e-05,0.06118232893900595
1414,User_2024,Unknown,53,0.013125309559187715,0.26655224767311375,5.557011581647525e-05,0.0009307560436138976,0.00027442949902401734,5.967619176801964e-05,5.967619176801895e-05,0.0605249237397421
1415,User_2027,Unknown,44,0.010896483407627538,0.26639398337511544,3.882074346861218e-05,0.00086963056323894,0.00023414673587767338,5.5757361601174833e-05,5.575736160117483e-05,0.05817363722474757
1416,User_2032,Unknown,147,0.03640416047548291,0.2882432721821686,0.00021646624898709072,0.006382160590026439,0.0004465435819263744,0.0004091529483121977,0.000409152948312198,0.11217744683400302
1417,User_2038,Unknown,123,0.030460624071322436,0.2876068376068376,0.0005282096056613755,0.004343482661331517,0.0004301371974153003,0.00027845220304200335,0.0002784522030420034,0.09919640647783672
1418,User_2039,Unknown,112,0.02773650321941555,0.28652522528915064,5.9468508925742796e-05,0.005559739399247107,0.0003394079993350277,0.00035643622665052784,0.0003564362266505288,0.10075481782277643
1419,User_2042,Unknown,96,0.0237741456166419,0.2871977240398293,9.145969106043162e-05,0.004967245757369506,0.0003008416089485468,0.0003184479509395558,0.00031844795093955585,0.09552733756126931
1420,User_2054,Unknown,163,0.04036651807825656,0.2885728578575002,0.0003623958645890313,0.006710500962362263,0.0004923090509451873,0.0004302030523328488,0.0004302030523328488,0.11691562452163792
1421,User_2068,Unknown,141,0.034918276374442794,0.2881198715661791,0.00021118721631269147,0.006148169477854375,0.00043171889793359335,0.000394152630270324,0.0003941526302703243,0.10996160162482771
1422,User_2071,Unknown,123,0.030460624071322436,0.2876068376068376,0.00015026766203737717,0.006447693070747532,0.0003677636533939381,0.0004133627094740002,0.00041336270947400056,0.10735930179403316
1423,User_2072,Unknown,129,0.03194650817236255,0.2877297990594271,0.00025593512583677643,0.00568000867191442,0.0003972658418693662,0.0003641420721750003,0.0003641420721750007,0.10538228434422835
1424,User_2081,Unknown,172,0.04259534422981674,0.2887585812356979,0.00045508164257023165,0.008477401139997592,0.0005178680655169712,0.0005434936051051157,0.0005434936051051158,0.1266881296105096
1425,User_2102,Unknown,132,0.03268945022288261,0.2879349686252139,0.0002197117116305316,0.005875124937522443,0.0004119790061537733,0.0003766482095374478,0.00037664820953744777,0.10703998057414539
1426,User_2111,Unknown,184,0.045567112431896976,0.28900658459776696,0.0004123323526304138,0.007135107397230021,0.0005576313541167954,0.0004574232373275615,0.00045742323732756124,0.12316354661439956
1427,User_2116,Unknown,65,0.016097077761267953,0.2667635594899914,0.00011605949756086829,0.0016951761474988704,0.00031510542563719816,0.00010868694694433381,0.00010868694694433367,0.06649320511518605
1428,User_2117,Unknown,142,0.03516592372461615,0.28814043099757386,0.0007994001849131481,0.005677954803871438,0.00048679567633611346,0.00036400996118154987,0.0003640099611815497,0.10921079101795893
1429,User_2127,Unknown,112,0.02773650321941555,0.2873816810191445,0.00012497419820897652,0.004962748639798102,0.0003552402029266649,0.00031815520982739307,0.0003181552098273929,0.09882581756925624
1430,User_2128,Unknown,92,0.022783556215948488,0.28628146047500885,0.0002929176874633852,0.005904006588038455,0.00030972831664266554,0.0003785235048121756,0.0003785235048121757,0.09895098602597481
1431,User_2133,Unknown,159,0.03937592867756315,0.28834618680377033,0.0010130371965923362,0.005487912715754721,0.0005787552543302721,0.0003518209913935503,0.000351820991393551,0.11258581695630657
1432,User_2135,Unknown,88,0.021792966815255076,0.2862002976823304,3.775204100611533e-05,0.004543367584052443,0.00027635843233988236,0.00029127662124801205,0.0002912766212480126,0.091544797322616
1433,User_2138,Unknown,138,0.03417533432392273,0.28721815207340495,0.00013379172622066717,0.0063492000435751775,0.00041829782013564997,0.0004070469162752208,0.0004070469162752211,0.10972046364790349
1434,User_2143,Unknown,102,0.02526002971768202,0.2871772989118839,0.0005663726971747435,0.004417321024077504,0.0003420198718446763,0.0002831914417048416,0.0002831914417048419,0.09478584140430468
1435,User_2153,Unknown,139,0.03442298167409608,0.2880787615038881,0.0001292495033863254,0.007183723773641452,0.00041363669747347367,0.0004605495648299173,0.00046054956482991725,0.11395332107117273
1436,User_2157,Unknown,39,0.009658246656760773,0.266306139945921,2.5905589713531303e-05,0.0008546061838551794,0.00021119783976393194,5.479391268563097e-05,5.479391268563061e-05,0.056940627557191835
1437,User_2171,Unknown,66,0.016344725111441305,0.26678118393234673,8.140674743597162e-05,0.000995724071836157,0.00033600212122961734,6.384177358435333e-05,6.384177358435299e-05,0.06388101659406223
1438,User_2174,Unknown,120,0.029717682020802376,0.28754539628284553,0.00020001515677621004,0.004263633288323117,0.0003857677805671482,0.00027332704825846213,0.0002733270482584625,0.09746122301929613
1439,User_2180,Unknown,114,0.028231797919762255,0.28756587380715,6.254437972476497e-05,0.005556558172134348,0.00034604446334943927,0.00035622664872623236,0.00035622664872623263,0.10166825964092074
1440,User_2183,Unknown,134,0.03318474492322932,0.2871364573704046,0.0001052480195540999,0.0065447998424272655,0.00040029051669168486,0.0004195899639846252,0.00041958996398462574,0.10966219433980703
1441,User_2187,Unknown,148,0.03665180782565626,0.288263849229012,0.00011496233137826116,0.006557123701410141,0.0004426052200491445,0.0004203697560490909,0.0004203697560490909,0.11300613079155604
1442,User_2189,Unknown,113,0.027984150569588903,0.28740213523131675,0.0010028141032886774,0.011987838269861432,0.00033351114386266374,0.0007686029699710339,0.0007686029699710342,0.13038173008729428
1443,User_2199,Unknown,175,0.0433382862803368,0.2888205421643659,0.000583711001102141,0.007217162377284381,0.000547400190856632,0.0004626877178302605,0.0004626877178302606,0.12206428612587161
1444,User_2203,Unknown,100,0.024764735017335313,0.28727945361411494,0.00012603009459785883,0.003728278877690373,0.00032614433386638446,0.00023900717923813915,0.00023900717923813902,0.09103822878198242
1445,User_2223,Unknown,116,0.028727092620108963,0.2876068376068376,0.00014673872719370804,0.005986894480916252,0.00036080885724985813,0.00038382121993642043,0.0003838212199364215,0.10419946389567444
1446,User_2224,Unknown,129,0.03194650817236255,0.2877297990594271,9.909678315007841e-05,0.006009678081974121,0.00039155990712538076,0.0003852755318183681,0.00038527553181836785,0.10670870939842474
1447,User_2225,Unknown,42,0.010401188707280832,0.2663588390501319,5.859314829963733e-05,0.0008540534465671721,0.0002278814990481424,5.475881275343302e-05,5.47588127534322e-05,0.0576998549972168
1448,User_2247,Unknown,122,0.03021297672114908,0.2877297990594271,0.0002584114933631759,0.0054745234851303745,0.00038917062546590616,0.0003509669115951289,0.0003509669115951289,0.10334941751769487
1449,User_2250,Unknown,109,0.02699356116889549,0.287463515341354,0.00014276672460779297,0.004882531158157782,0.0003497197514748069,0.00031301289485642295,0.00031301289485642257,0.09799770871016035
1450,User_2254,Unknown,90,0.02228826151560178,0.28632205913635395,6.446524008070141e-05,0.003465817349870418,0.0002895197466337266,0.0002221833987282895,0.00022218339872828982,0.0872959549325386
1451,User_2264,Unknown,75,0.018573551263001486,0.28676940558198993,9.037269260873238e-05,0.003525265019914277,0.00024470423285843473,0.00022600167694042077,0.0002260016769404209,0.08490013493344692
1452,User_2267,Unknown,83,0.02055473006438831,0.28693242379023665,7.318314358029688e-05,0.003242233854919917,0.00026981396063650154,0.00020784948724622058,0.00020784948724622088,0.08527451526088599
1453,User_2268,Unknown,130,0.032194155522535906,0.28789391130757164,0.000932926710799281,0.004573703729763634,0.0004447269510609352,0.000293212509266162,0.0002932125092661618,0.10172963144773753
1454,User_2279,Unknown,129,0.03194650817236255,0.2870344043218652,0.00010464586482591121,0.006929719403015248,0.00038807882479350523,0.0004442724709620291,0.0004442724709620295,0.11042485257962044
1455,User_2283,Unknown,161,0.039871223377909853,0.2885316184351554,0.0005407704049450069,0.007055328474153043,0.000518284192349844,0.00045231422917863857,0.0004523142291786387,0.11871309214171588
1456,User_2284,Unknown,56,0.013868251609707775,0.26660504423610193,7.356369161178524e-05,0.0009087872141199738,0.00029454065375521385,5.826823756380606e-05,5.826823756380587e-05,0.061248300102639215
1457,User_2289,Unknown,160,0.0396235760277365,0.2885110031437554,0.0010849112651255786,0.005853182281321729,0.000567934524620748,0.0003752393712422134,0.00037523937124221354,0.11426427287308506
1458,User_2292,Unknown,142,0.03516592372461615,0.28814043099757386,0.0002951643234033531,0.008063578806643887,0.0004316834407527883,0.0005169670252506831,0.0005169670252506827,0.11873737191886692
1459,User_2302,Unknown,123,0.030460624071322436,0.2869120363791388,0.0002664722868494166,0.0071586351702973864,0.0003849853227792898,0.0004589547175866008,0.00045895471758660095,0.11055999300046494
1460,User_2319,Unknown,122,0.03021297672114908,0.2877297990594271,0.0001345287710381856,0.006302110569355509,0.0003743664545303353,0.0004040287893056962,0.0004040287893056966,0.1067508164299169
1461,User_2327,Unknown,125,0.03095591877166914,0.2869528140989198,0.00023146702541637274,0.005337051664534889,0.00039157157886327124,0.0003421584414259683,0.0003421584414259683,0.102785570174057
1462,User_2336,Unknown,150,0.03714710252600297,0.2883050121376553,0.000246976953024024,0.007876322821409393,0.000451564918530032,0.0005049574292497019,0.0005049574292497019,0.11943500962271561
1463,User_2337,Unknown,35,0.00866765725606736,0.26623590690314497,2.573847135413569e-05,0.0007989666562880563,0.0001952247705188524,5.122700494270073e-05,5.1227004942700725e-05,0.05580636188095173
1464,User_2364,Unknown,65,0.016097077761267953,0.2667635594899914,8.972143822907857e-05,0.0009771254565896772,0.00033572405344254854,6.264947365906863e-05,6.264947365906813e-05,0.06364892472804015
1465,User_2378,Unknown,50,0.012382367508667657,0.26649947201689544,4.2800263033150596e-05,0.00091476626833545,0.00026137159139707735,5.865108923968964e-05,5.865108923968878e-05,0.05976568692003797
1466,User_2384,Unknown,188,0.04655770183259039,0.2882432721821686,0.00044945483635782605,0.008061318968238725,0.000578673115227217,0.0005168167510874392,0.0005168167510874386,0.1278923048125833
1467,User_2398,Unknown,108,0.02674591381872214,0.2866065725033714,0.00021518449999186716,0.006728630114330202,0.0003445564740091024,0.0004313874662250883,0.00043138746622508803,0.10564308445379822
1468,User_2417,Unknown,70,0.01733531451213472,0.2856738592147152,0.00015833911217891098,0.0030112213383441545,0.0002534614993102761,0.00019305107789384024,0.0001930510778938398,0.08153658047237249
1469,User_2436,Unknown,94,0.023278850916295196,0.28701400241666075,4.159166951375643e-05,0.0049534760155836325,0.0002927416131371267,0.0003175660199885981,0.0003175660199885985,0.09493097818048113
1470,User_2445,Unknown,70,0.01733531451213472,0.2856738592147152,4.0545593657963526e-05,0.003386217275399383,0.00022958327423750524,0.00021708968867148665,0.00021708968867148692,0.08273537145287999
1471,User_2447,Unknown,49,0.012134720158494303,0.266481884775292,4.8200870389888316e-05,0.0009085196816514179,0.0002564693732773025,5.8250594630225606e-05,5.825059463022539e-05,0.059500995588126895
1472,User_2451,Unknown,109,0.02699356116889549,0.28732033584744554,0.000174558120541071,0.005742037233310059,0.0003373923189983187,0.00036812483168398427,0.00036812483168398514,0.1015629782308408
1473,User_2458,Unknown,99,0.02451708766716196,0.2864236061852745,0.00010396520997988489,0.004546918809228799,0.0003088354830365273,0.0002915021310523136,0.00029150213105231436,0.09381152275877623
1474,User_2459,Unknown,46,0.011391778107974244,0.2664291369754553,6.064341449076047e-05,0.0009527216338222639,0.000238460498361782,6.10838480778473e-05,6.108384807784716e-05,0.05892621041017417
1475,User_2461,Unknown,124,0.03070827142149579,0.28762732388346746,0.0001402502291490917,0.005298322460636793,0.00038247431151423026,0.00033966625366271824,0.00033966625366271824,0.10261798536721832
1476,User_2463,Unknown,126,0.031203566121842496,0.2876683051934174,7.067414266224978e-05,0.005593064576577813,0.0003806469192338291,0.0003585626680122993,0.0003585626680122992,0.10418121008184751
1477,User_2471,Unknown,132,0.03268945022288261,0.28779131922172335,0.0001295092801697761,0.006087555619469539,0.0003965699691539874,0.0003902676935308607,0.00039026769353086096,0.10760376938964702
1478,User_2472,Unknown,77,0.01906884596334819,0.2858154020385051,0.00022167506062492994,0.004136105210426988,0.0002702562368638299,0.00026517324067010494,0.00026517324067010597,0.08795480195158178
1479,User_2475,Unknown,97,0.024021792966815253,0.2870752168349211,8.236641763710023e-05,0.004488610495206291,0.00030439252414591814,0.0002877585686812224,0.0002877585686812221,0.09351621046741652
1480,User_2491,Unknown,121,0.029965329370975728,0.28770929818311364,0.00019151703771227215,0.00577509173736848,0.0003732007352106864,0.0003702375165474685,0.00037023751654746885,0.10423114161569354
1481,User_2494,Unknown,39,0.009658246656760773,0.266306139945921,4.1874741040209324e-05,0.0008113230075323095,0.00021657339801725578,5.2019299366217747e-05,5.2019299366217625e-05,0.05685237792541893
1482,User_2498,Unknown,94,0.023278850916295196,0.28701400241666075,0.00023727133380168822,0.0035089469409426725,0.00031684956679693546,0.00022494725002016443,0.0002249472500201648,0.08895510937646749
1483,User_2502,Unknown,43,0.010648836057454186,0.2851292190368592,5.840555545481274e-05,0.002201704364548919,0.00016833306144493397,0.0001411546478085602,0.00014115464780856005,0.0722939849425083
1484,User_2508,Unknown,98,0.024269440316988605,0.2872385830132309,7.932717076741427e-05,0.005110018524200034,0.00030518508734055696,0.00032760106012470454,0.0003276010601247051,0.09654136287710142
1485,User_2510,Unknown,138,0.03417533432392273,0.28805821087173633,0.00024411496000384338,0.006623276159117546,0.00042249941024736875,0.00042461612509832927,0.0004246161250983298,0.11148989619656482
1486,User_2511,Unknown,140,0.03467062902426944,0.2879555016758183,0.00022726602887492882,0.006488797837260976,0.00042200551567794754,0.00041599579748914,0.0004159957974891405,0.1110931276611397
1487,User_2529,Unknown,36,0.008915304606240713,0.2858356338925462,0.00010528986196213227,0.0015234589884849448,0.00015588884250341208,9.766499423157158e-05,9.76649942315716e-05,0.06842709232788426
1488,User_2533,Unknown,99,0.02451708766716196,0.2864236061852745,8.586738880894048e-05,0.005996819487974562,0.0003044388258330857,0.000384465976789338,0.0003844659767893386,0.10023617771888851
1489,User_2538,Unknown,56,0.013868251609707775,0.26660504423610193,6.557567985250183e-05,0.0009615308804498766,0.00028766519291625886,6.164920310531266e-05,6.164920310531236e-05,0.061353114480209345
1490,User_2543,Unknown,294,0.07280832095096582,0.29129995671620257,0.007604626657378419,0.07287130597841683,0.0006731141618825244,0.004672356501258099,0.004672356501258097,0.43898888372888784
1491,User_2547,Unknown,54,0.01337295690936107,0.2863423627854205,7.816254146725535e-05,0.0036178462405438996,0.00018325902036690298,0.00023194354257106335,0.00023194354257106362,0.08106323432652653
1492,User_2571,Unknown,30,0.007429420505200594,0.26614816767730026,2.26862056220086e-05,0.0015905798561241847,0.00013255267758774687,0.00010197684935174005,0.00010197684935173951,0.057450141671373876
1493,User_2583,Unknown,46,0.011391778107974244,0.2664291369754553,4.4547549713546823e-05,0.0008815348084385206,0.00024353357497415814,5.6520601639924845e-05,5.652060163992458e-05,0.05869740060213789
1494,User_2589,Unknown,79,0.0195641406636949,0.286708321499574,4.74827090464076e-05,0.0032270137896253767,0.0002583031261041087,0.00020687342290312078,0.00020687342290312086,0.0843202617460579
1495,User_2598,Unknown,164,0.04061416542842991,0.2885934819897084,0.00021611125098542171,0.00691917139046139,0.0004912432916381893,0.00044358024063184925,0.00044358024063185055,0.11793658180614457
1496,User_2617,Unknown,114,0.028231797919762255,0.2874225923553278,0.00017157411546113267,0.004449139490538369,0.00035332181905561855,0.0002852243013727018,0.00028522430137270223,0.09679080021059784
1497,User_2629,Unknown,127,0.03145121347201585,0.28783234728063295,0.00016028445851263437,0.006398428462043819,0.0003856482992149284,0.0004102026067307378,0.00041020260673073794,0.10814010191034987
1498,User_2635,Unknown,20,0.004952947003467063,0.2659728626004479,2.85353779024226e-05,0.0011319582598168232,0.00010076875418693845,7.257272960436524e-05,7.25727296043655e-05,0.05333490318133464
1499,User_2636,Unknown,38,0.009410599306587419,0.26628857821155366,3.6149528158563416e-05,0.0008163105555166859,0.0002074864632373951,5.2339048082170096e-05,5.233904808217011e-05,0.056555913024165023
1500,User_2640,Unknown,56,0.013868251609707775,0.26660504423610193,6.463864917574976e-05,0.0009630284917074118,0.0002860628239457768,6.17451983868451e-05,6.174519838684496e-05,0.0613293350375602
1501,User_2643,Unknown,100,0.024764735017335313,0.28727945361411494,6.850518990956439e-05,0.005202970297143651,0.0003086109478448949,0.0003335593835571109,0.0003335593835571111,0.09731465893764887
1502,User_2647,Unknown,48,0.01188707280832095,0.2664642998548238,5.538706499315077e-05,0.0008632784220256953,0.0002552062512265724,5.5350423906587563e-05,5.535042390658721e-05,0.05913034526880136
1503,User_2649,Unknown,122,0.03021297672114908,0.2877297990594271,9.280755427469161e-05,0.005246771090342496,0.00037398403752940266,0.00033636090355063737,0.0003363609035506375,0.10199049359892208
1504,User_2653,Unknown,72,0.017830609212481426,0.2865658931232702,3.368175331215057e-05,0.0036250108577364293,0.00023359102430324475,0.00023239433260269595,0.00023239433260269725,0.0846077634362055
1505,User_2660,Unknown,38,0.009410599306587419,0.26628857821155366,3.750189035786646e-05,0.0008402085465568627,0.00020607683232108016,5.387095903227747e-05,5.387095903227724e-05,0.05663705700882613
1506,User_2704,Unknown,2,0.0004952947003467063,0.2895661527429186,0.0,8.548864110885391e-08,5.8725253378918545e-05,4.529815975260305e-09,4.529815975272796e-09,0.05696168032758075
1507,User_2740,Unknown,2,0.0004952947003467063,0.2895661527429186,0.0,8.548864110885391e-08,5.8725253378918545e-05,4.529815975260305e-09,4.5298159751810975e-09,0.05696168032758074
1508,User_427,Unknown,9,0.002228826151560178,0.2958892064189932,7.51875704462311e-05,7.680061071658679e-06,0.00013078302787252125,4.896340078155736e-07,4.896340078154573e-07,0.0625446901169991
1509,User_464,Unknown,5,0.0012382367508667657,0.2764617280569629,1.7809545687079736e-05,1.4430620942279537e-07,0.0001143185202072382,8.553784975919822e-09,8.553784975590933e-09,0.05177485784357218
1510,User_549,Unknown,7,0.001733531451213472,0.2938009313154831,3.7983115207768156e-05,7.58885447048933e-06,0.00011119124915573054,4.842601272496654e-07,4.842601272495107e-07,0.06083001592449582
1511,User_351,Unknown,5,0.0012382367508667657,0.2763860369609856,6.925831652238674e-06,9.620985656709432e-08,0.0001300087442722687,5.494684794922975e-09,5.494684794725705e-09,0.052028965786367724
1512,User_364,Unknown,9,0.002228826151560178,0.2764617280569629,2.044813394214789e-07,9.870657683687329e-08,0.0002079433006557431,5.6328097149266615e-09,5.632809715159815e-09,0.05408288931479691
1513,User_393,Unknown,7,0.001733531451213472,0.2764238773274918,0.0,9.74871169989641e-08,0.00016461134318685155,5.565324494004917e-09,5.565324493987291e-09,0.05297253042397181
1514,User_399,Unknown,8,0.001981178801386825,0.27644280139659066,4.089626788429578e-08,9.809891524809294e-08,0.00018555818243909617,5.599177149560501e-09,5.599177149798587e-09,0.053514125235852465
1515,User_441,Unknown,8,0.001981178801386825,0.27644280139659066,4.089626788429578e-08,9.809891524809294e-08,0.00018555818243909617,5.599177149564011e-09,5.599177149228757e-09,0.05351412523585245
1516,User_476,Unknown,6,0.0014858841010401188,0.2764049558491341,0.0,9.685970525337906e-08,0.00014434586029911012,5.530641797221136e-09,5.53064179690194e-09,0.05244380203445137
1517,User_501,Unknown,8,0.001981178801386825,0.27644280139659066,4.089626788429578e-08,9.809891524809294e-08,0.00018555818243909617,5.599177149562937e-09,5.599177149403026e-09,0.05351412523585245
1518,User_564,Unknown,9,0.002228826151560178,0.2764617280569629,7.293898063197336e-06,9.868471179500822e-08,0.00021212807566592547,5.631566207111555e-09,5.63156620761403e-09,0.0541639379046715
1519,User_349,Unknown,5,0.0012382367508667657,0.2701726214371738,1.533610045661092e-08,2.2315590904230755e-07,8.38997209647247e-05,1.3530141693684049e-08,1.3530141693784805e-08,0.0480038476852712
1520,User_350,Unknown,21,0.005200594353640416,0.28734078132783036,7.762643776429712e-05,4.343227540417265e-06,0.00021752660148212754,2.7382831321596935e-07,2.7382831321586045e-07,0.06146964407717535
1521,User_352,Unknown,23,0.005695889053987122,0.2719191919191919,7.648752196663493e-07,7.921575989333227e-07,0.00017440563102495536,4.3664912438457055e-08,4.366491243774575e-08,0.053063207505226306
1522,User_354,Unknown,26,0.0064388311045071814,0.27109768378650556,1.8978076183798157e-06,5.708933526856228e-07,0.00022290928096838121,3.3972314988799266e-08,3.397231498792077e-08,0.05397125042318947
1523,User_355,Unknown,39,0.009658246656760773,0.2718093699515347,8.131235635225894e-06,1.044137521158189e-06,0.0003104324244772026,6.250682167432915e-08,6.250682167387309e-08,0.05776628278212966
1524,User_356,Unknown,3,0.0007429420505200594,0.2700822687445656,6.134440182644368e-08,9.412326250143984e-08,8.83678924609648e-05,5.373030544723782e-09,5.373030544612551e-09,0.047768039797944806
1525,User_357,Unknown,18,0.004457652303120356,0.28662691652470185,5.04079563412443e-05,4.102658982990543e-06,0.0002000529587345764,2.6079610811069754e-07,2.6079610811072544e-07,0.06035810691942652
1526,User_358,Unknown,1,0.00024764735017335313,0.2700461445863706,0.0,9.213976638914606e-08,4.589095897482896e-05,5.258962630798156e-09,5.2589626307825345e-09,0.04667472557571291
1527,User_359,Unknown,26,0.0064388311045071814,0.27186426984447587,8.666071786872855e-06,5.639124489317454e-07,0.00024037949786744498,3.315380999087014e-08,3.315380998970865e-08,0.05469187703833551
1528,User_360,Unknown,43,0.010648836057454186,0.30434127223394636,0.00021555814106550278,5.476783531950773e-06,0.0003101538399625446,3.447960146311487e-07,3.44796014631644e-07,0.0749025592917959
1529,User_361,Unknown,23,0.005695889053987122,0.2713709677419355,4.781579058688462e-06,4.970396209056754e-07,0.00021970473264278111,2.900185671556432e-08,2.9001856714944996e-08,0.05363952060895966
1530,User_362,Unknown,19,0.0047052996532937095,0.2706978615003017,1.4517630165723697e-06,6.18592782774274e-07,0.00016707904180331915,3.760371907981193e-08,3.760371908019482e-08,0.05175738693428445
1531,User_365,Unknown,6,0.0014858841010401188,0.2704621567314133,2.5097650112326758e-08,3.288431127506322e-07,7.507153329642263e-05,1.9807882542997386e-08,1.9807882543240584e-08,0.04812156838744381
1532,User_367,Unknown,32,0.0079247152055473,0.27435792906644924,2.2740367139449487e-05,1.029270438359825e-06,0.0002547357486650846,5.8419098562046125e-08,5.841909856178548e-08,0.057055513856815794
1533,User_368,Unknown,34,0.008420009905894007,0.27320703653585926,1.0211549356665558e-05,1.3115982926071382e-06,0.0002441797988929268,6.983273124326702e-08,6.983273124300267e-08,0.05654311614268509
1534,User_369,Unknown,26,0.0064388311045071814,0.28699360341151386,7.149695107223158e-05,4.345061940570157e-06,0.00026644476326122556,2.7580711460825197e-07,2.7580711460827055e-07,0.0628986618275786
1535,User_370,Unknown,71,0.017582961862308073,0.3096863256384692,0.00034831011232368746,1.0489656732101601e-05,0.0004764060944090885,6.56296852523707e-07,6.562968525231453e-07,0.08464472555522115
1536,User_371,Unknown,5,0.0012382367508667657,0.27019069923051187,5.611705931491714e-08,2.050433368658959e-07,7.116301448224882e-05,1.2131065247548698e-08,1.213106524729552e-08,0.0477726799066519
1537,User_372,Unknown,17,0.004210004952947003,0.27082494969818915,5.041413689940449e-06,4.409206114892224e-07,0.00017332973261022748,2.702061098903909e-08,2.7020610989354595e-08,0.05166644129722055
1538,User_373,Unknown,94,0.023278850916295196,0.3113338473400154,0.0008579959496440129,1.123597515394419e-05,0.0006414598315700467,6.959034176161898e-07,6.959034176154722e-07,0.09189626494394873
1539,User_374,Unknown,68,0.016840019811788013,0.31059149296207983,0.0002894017717677027,7.008893050072806e-06,0.00044538455905214394,4.267588512126763e-07,4.2675885121216916e-07,0.0840750336816315
1540,User_375,Unknown,17,0.004210004952947003,0.27241449099372594,7.304697472270322e-07,7.4815027219568e-07,0.00013553559054265107,3.59704815784585e-08,3.597048157825831e-08,0.051759921187614806
1541,User_377,Unknown,2,0.0004952947003467063,0.2700642054574639,0.0,9.293904921778674e-08,6.914291293356236e-05,5.3045278935298845e-09,5.304527892547118e-09,0.04725935427207042
1542,User_378,Unknown,62,0.015354135710747894,0.29348063085980086,0.0001112303608203184,1.0176453388264426e-05,0.00040607134076677486,6.302322361486961e-07,6.302322361477419e-07,0.07378848056456552
1543,User_379,Unknown,2,0.0004952947003467063,0.2700642054574639,0.0,9.278560775300334e-08,6.644085330564615e-05,5.294529076623111e-09,5.29452907676126e-09,0.04720838230065588
1544,User_380,Unknown,11,0.0027241208519068845,0.27071600965406273,2.842515322727152e-08,2.496375447530234e-07,0.00014032706756079928,1.4685651704950585e-08,1.4685651705031455e-08,0.050165216391254396
1545,User_381,Unknown,12,0.0029717682020802376,0.27073416024136776,3.786275350826286e-08,2.8760745326302135e-07,0.00014500160354483698,1.6938125226711015e-08,1.6938125226696612e-08,0.05039961035246222
1546,User_382,Unknown,12,0.0029717682020802376,0.2704078216031608,1.5419387307155697e-07,2.4726708733817143e-07,0.00012523796017357728,1.473194400122564e-08,1.4731944001057413e-08,0.04986101837965907
1547,User_383,Unknown,3,0.0007429420505200594,0.2700822687445656,6.134440182644368e-08,1.2651290642935186e-07,8.190817252736235e-05,7.398611343351797e-09,7.3986113433099195e-09,0.047646327650487305
1548,User_384,Unknown,4,0.0009905894006934125,0.27010033444816056,4.089626788429578e-08,1.2069094322389025e-07,9.440662787863708e-05,7.0414131098484894e-09,7.041413109804372e-09,0.04802807150205701
1549,User_385,Unknown,8,0.001981178801386825,0.2733179910653851,1.3034783128133513e-07,4.7020550319387744e-07,8.464582443760407e-05,2.6047951758751094e-08,2.604795175867305e-08,0.05002596147301526
1550,User_386,Unknown,3,0.0007429420505200594,0.2700822687445656,6.134440182644368e-08,9.337518765359249e-08,9.793718299607934e-05,5.327119098620042e-09,5.327119098358723e-09,0.047948550290863576
1551,User_387,Unknown,36,0.008915304606240713,0.304066265060241,0.00020816818665899428,5.451356684077095e-06,0.0002781800015593509,3.4211866877791403e-07,3.4211866877816e-07,0.07319960528980178
1552,User_388,Unknown,38,0.009410599306587419,0.2888825296895121,0.00011943275849027031,1.7191599689443355e-06,0.0002623955527758151,9.941112978468319e-08,9.941112978426343e-08,0.06542518494010383
1553,User_390,Unknown,6,0.0014858841010401188,0.27107948442534907,1.3179386543674963e-07,3.4556303992746364e-07,7.8525348027656e-05,1.9741528963570265e-08,1.974152896307901e-08,0.04850012043359945
1554,User_391,Unknown,61,0.01510648836057454,0.3103050795358488,0.0004123838336206084,9.97788876894622e-06,0.00040597276212550544,6.190245943584646e-07,6.190245943575704e-07,0.0822783294932248
1555,User_392,Unknown,39,0.009658246656760773,0.3066990733708036,8.025941448119721e-05,5.46011172274133e-06,0.00026172689671585933,3.3924447171354673e-07,3.392444717130629e-07,0.07459797037579663
1556,User_394,Unknown,36,0.008915304606240713,0.27527438816551913,1.7221766880793785e-05,1.6703530002523285e-06,0.0002531652423425702,9.611053439990075e-08,9.611053439950338e-08,0.05803949373478339
1557,User_395,Unknown,77,0.01906884596334819,0.31001919385796545,0.0005902699328265623,6.885278097159399e-06,0.0005136712552840665,4.243898536547976e-07,4.2438985365464477e-07,0.08639337298047899
1558,User_396,Unknown,27,0.006686478454680535,0.2718825747374091,5.503459859402239e-06,5.315516066195429e-07,0.00023378373562466873,3.102148413642552e-08,3.1021484135602873e-08,0.05471249484385089
1559,User_397,Unknown,47,0.011639425458147598,0.29113193943763516,0.00012396320216350267,5.354363762110233e-06,0.0003864197497378336,3.358665948857323e-07,3.3586659488444537e-07,0.07015588711125018
1560,User_398,Unknown,33,0.008172362555720653,0.2729853975121687,5.629310295357031e-06,1.2630494662371426e-06,0.00023158852588866746,6.633087638985365e-08,6.633087638930987e-08,0.056054660659660485
1561,User_400,Unknown,73,0.018078256562654778,0.30954388654656956,0.00028483754130363714,6.992279438441656e-06,0.0004652635922843624,4.237995764460185e-07,4.2379957644556074e-07,0.08460094165079879
1562,User_401,Unknown,2,0.0004952947003467063,0.2700642054574639,0.0,9.273346213342439e-08,7.388962456586459e-05,5.29177035241735e-09,5.2917703524469615e-09,0.0473488946722882
1563,User_402,Unknown,57,0.014115898959881128,0.30586274806847447,0.0002343189290144697,9.984925664580365e-06,0.0003868912424474247,6.275802760303806e-07,6.275802760306381e-07,0.07906364514795752
1564,User_403,Unknown,20,0.004952947003467063,0.27115229653505235,1.2865684408056268e-06,4.4829823005937235e-07,0.0001779740616629455,2.6288174122837214e-08,2.6288174122360126e-08,0.052329577086831704
1565,User_404,Unknown,51,0.01263001485884101,0.2915102512272596,9.417225970024187e-05,5.606480807846779e-06,0.00033839434809669063,3.388720011382802e-07,3.3887200113805157e-07,0.06998097440325574
1566,User_405,Unknown,11,0.0027241208519068845,0.28701400241666075,8.248780582033594e-05,7.692218938783273e-06,0.00012164561115270988,4.900817810447943e-07,4.900817810444324e-07,0.05814328728298878
1567,User_406,Unknown,4,0.0009905894006934125,0.27010033444816056,1.2268880365288735e-07,1.27402455140172e-07,9.161629768489975e-05,7.448659580544131e-09,7.448659580387665e-09,0.04797548849088638
1568,User_407,Unknown,15,0.003714710252600297,0.28632205913635395,2.7607947790715643e-05,4.123136454316542e-06,0.0001624139111482517,2.625836719670722e-07,2.6258367196690647e-07,0.05907617495801286
1569,User_408,Unknown,55,0.013620604259534423,0.29174192616140454,9.535396617247958e-05,5.9013716193797406e-06,0.00036181869436988095,3.570616565952342e-07,3.570616565952558e-07,0.07108943046603293
1570,User_409,Unknown,34,0.008420009905894007,0.27302231237322516,5.328345996310452e-06,1.3386236587838558e-06,0.00023765324773173627,7.134883679158797e-08,7.134883679140209e-08,0.05632489654076811
1571,User_410,Unknown,15,0.003714710252600297,0.2712251477700161,1.6807068922016655e-06,4.0820710177007724e-07,0.00014546270488602532,2.3474066073070346e-08,2.347406607279444e-08,0.05106900956913462
1572,User_411,Unknown,3,0.0007429420505200594,0.2700822687445656,6.134440182644368e-08,9.37770161600984e-08,9.13960909980144e-05,5.351754146254576e-09,5.351754146127041e-09,0.04782516179915049
1573,User_412,Unknown,99,0.02451708766716196,0.31157407407407406,0.0008673347981174083,7.547038612586053e-06,0.0006697993596134691,4.5566738098376966e-07,4.5566738098342153e-07,0.09322300731679485
1574,User_413,Unknown,17,0.004210004952947003,0.27109768378650556,1.8701368605234314e-06,7.312436707676296e-07,0.00015609084646678756,4.41453541464108e-08,4.414535414661641e-08,0.05147997674823097
1575,User_415,Unknown,26,0.0064388311045071814,0.2871364573704046,5.9422162611997524e-05,8.249368815059226e-06,0.00020387234598846993,5.249929217572737e-07,5.249929217576232e-07,0.06180470975448983
1576,User_416,Unknown,21,0.005200594353640416,0.30604820372896774,7.820757458023038e-05,4.510950985822883e-06,0.00016560922453164715,2.8358623214034023e-07,2.835862321399828e-07,0.06998676357606975
1577,User_417,Unknown,62,0.015354135710747894,0.3075634092467058,0.00015686018388193256,6.628934891082149e-06,0.00039790571734946763,4.0812879528634993e-07,4.0812879528599333e-07,0.0807805289009718
1578,User_418,Unknown,23,0.005695889053987122,0.2712251477700161,2.470802476548677e-06,8.973944375114026e-07,0.0001905574070390161,5.404037596553053e-08,5.404037596518905e-08,0.05301675547623723
1579,User_419,Unknown,57,0.014115898959881128,0.30954388654656956,0.0007430651469966689,5.835411612533581e-06,0.0004161879835658969,3.5207220724712796e-07,3.520722072466159e-07,0.08161695263212629
1580,User_421,Unknown,25,0.006191183754333828,0.28664726343437213,2.248263490099102e-05,4.59248493373231e-06,0.00020168347973834868,2.9104415874013986e-07,2.9104415874068774e-07,0.06135089108411264
1581,User_422,Unknown,60,0.014858841010401188,0.27731611839846165,0.0003856434421327507,1.4337609937587583e-06,0.0005194768046537375,8.451752814102606e-08,8.451752814124598e-08,0.06749221648006244
1582,User_423,Unknown,57,0.014115898959881128,0.30876280776877196,0.00022225612295729094,6.3058770678510385e-06,0.00038947398658103685,3.8699353535921684e-07,3.869935353587208e-07,0.08056405978898788
1583,User_424,Unknown,17,0.004210004952947003,0.27082494969818915,3.8232665222018165e-07,3.658489042705057e-07,0.00019617829183526313,2.187955372910284e-08,2.187955372914982e-08,0.05209571565605065
1584,User_425,Unknown,19,0.0047052996532937095,0.2871364573704046,2.74253812312797e-06,8.240852395437951e-06,0.00016962716656524846,5.248457972053773e-07,5.248457972053807e-07,0.060183988704539726
1585,User_426,Unknown,18,0.004457652303120356,0.28676940558198993,1.2596167477644962e-06,4.517771188935351e-06,0.00015988453812266224,2.862105857365349e-07,2.862105857360736e-07,0.05965989758886464
1586,User_429,Unknown,10,0.0024764735017335313,0.27020877944325483,1.2589901768786091e-07,1.917334124756289e-07,0.00012461810326950184,1.1465761714092972e-08,1.1465761714000439e-08,0.0494743779216386
1587,User_430,Unknown,38,0.009410599306587419,0.2914471309996391,3.609430988089136e-05,9.160127728058658e-06,0.0002628846034336719,5.675436830843554e-07,5.675436830837812e-07,0.06674439272869698
1588,User_431,Unknown,71,0.017582961862308073,0.29354463506833384,0.00021425661604825932,1.044513488064016e-05,0.00046624127119611206,6.472436989762221e-07,6.472436989752652e-07,0.07621935872699066
1589,User_432,Unknown,55,0.013620604259534423,0.29113193943763516,0.00011304481629983064,9.769518438776902e-06,0.00038612553324236646,6.127598648739613e-07,6.127598648734267e-07,0.07126132538031607
1590,User_433,Unknown,10,0.0024764735017335313,0.28597733711048157,1.5839076546477776e-05,3.989093831971964e-06,0.00012446843597983194,2.543020571236748e-07,2.5430205712351317e-07,0.05749713309645964
1591,User_434,Unknown,33,0.008172362555720653,0.29025301897642325,0.00010803085531185698,8.884967419817107e-06,0.00025779790163109583,5.592250971102925e-07,5.592250971095757e-07,0.065378729213964
1592,User_435,Unknown,10,0.0024764735017335313,0.28646424517593644,2.3256483783648594e-05,3.9509662809648235e-06,0.0001213361100606659,2.511723621543177e-07,2.51172362154241e-07,0.057687194353977345
1593,User_436,Unknown,60,0.014858841010401188,0.29367272727272725,0.0002499715713581597,1.0086815476676401e-05,0.0004179333616458144,6.246985265521548e-07,6.246985265511852e-07,0.07387693141569328
1594,User_437,Unknown,10,0.0024764735017335313,0.27020877944325483,1.3700249741239086e-06,1.3185233922811764e-07,0.00021667599076242742,7.655993448975728e-09,7.65599344895061e-09,0.05121104730196225
1595,User_438,Unknown,71,0.017582961862308073,0.2935659760087241,0.000129819642930596,1.0492802196732028e-05,0.000463411857160515,6.53775937851928e-07,6.5377593785091e-07,0.07615209090429358
1596,User_439,Unknown,43,0.010648836057454186,0.3047547169811321,0.00015058961221727605,5.7650086161760446e-06,0.00030014976525538466,3.595956393690546e-07,3.5959563936910654e-07,0.07490550984708466
1597,User_440,Unknown,14,0.003467062902426944,0.27155346334902486,1.8096991180560973e-06,6.523386267871095e-07,0.00012576569867849333,3.663839698876974e-08,3.6638396988592634e-08,0.05072827838370441
1598,User_442,Unknown,12,0.0029717682020802376,0.28699360341151386,5.632864965983907e-07,4.330388780607454e-06,0.00011571426659505633,2.74112622642533e-07,2.741126226424594e-07,0.058118404459605234
1599,User_443,Unknown,2,0.0004952947003467063,0.2700642054574639,0.0,9.274501142349429e-08,7.076301153357584e-05,5.292410127984925e-09,5.292410127808941e-09,0.04728991472880629
1600,User_444,Unknown,47,0.011639425458147598,0.2906918148441437,5.399713438773172e-05,5.69888480995775e-06,0.00032613847206091414,3.5422578054030983e-07,3.542257805403372e-07,0.06877592157034894
1601,User_445,Unknown,27,0.006686478454680535,0.2707886266094421,2.187393729430381e-06,8.771302212557717e-07,0.00020585012202916034,5.2939877606949254e-08,5.2939877607639784e-08,0.053630843011258846
1602,User_446,Unknown,18,0.004457652303120356,0.2736884912566084,4.9925423000641456e-06,8.885651849219093e-07,0.00014932208772341297,4.90745322445674e-08,4.9074532244064025e-08,0.05280557655945328
1603,User_447,Unknown,1,0.00024764735017335313,0.2700461445863706,0.0,9.213976638914606e-08,4.589095897482896e-05,5.258962630798156e-09,5.258962630413456e-09,0.0466747255757129
1604,User_448,Unknown,3,0.0007429420505200594,0.2700822687445656,0.0,1.5866111604336816e-07,5.9690128166449404e-05,9.399930574666845e-09,9.399930574648389e-09,0.0472273329442365
1605,User_449,Unknown,10,0.0024764735017335313,0.286504895700298,9.285508550724518e-06,4.024008717185658e-06,0.00011449158097847742,2.562454123403076e-07,2.562454123397167e-07,0.05757490646721373
1606,User_450,Unknown,22,0.005448241703813769,0.2713892062638618,1.641348871525873e-06,5.974863020846556e-07,0.00019235888127295137,3.495712222223928e-08,3.495712222161683e-08,0.052995588512866794
1607,User_451,Unknown,25,0.006191183754333828,0.3035861965265769,4.040600249793331e-05,8.533266862403199e-06,0.0001868905378070141,5.415357218988971e-07,5.415357218985114e-07,0.06969271165481564
1608,User_452,Unknown,42,0.010401188707280832,0.2879144385026738,0.00011175123463565339,5.204043816497467e-06,0.00030817222787336574,3.260318256713092e-07,3.260318256704922e-07,0.06635818572534291
1609,User_453,Unknown,5,0.0012382367508667657,0.2701184025687337,3.0672200913221837e-07,9.51925284042713e-08,0.0001453993376012835,5.431001979834558e-09,5.4310019794759175e-09,0.04913596392112017
1610,User_454,Unknown,3,0.0007429420505200594,0.2700822687445656,0.0,9.337873257143018e-08,8.846544426174569e-05,5.327485023260249e-09,5.327485023092165e-09,0.047769858521815346
1611,User_455,Unknown,37,0.009162951956414065,0.28799657656372585,0.00014768443893640375,4.64178391233269e-06,0.0003240085076020284,2.9351225094437905e-07,2.935122509441656e-07,0.0660227515152656
1612,User_456,Unknown,61,0.01510648836057454,0.305608113221827,0.00032014631716175947,9.909068670084257e-06,0.00039961703135006583,6.205585943689743e-07,6.205585943688479e-07,0.07974687404961453
1613,User_457,Unknown,20,0.004952947003467063,0.2866676132329973,7.610630932348111e-05,4.097898581756307e-06,0.00022194714151254095,2.606161267063563e-07,2.606161267065255e-07,0.06107306997335029
1614,User_458,Unknown,26,0.0064388311045071814,0.2714986888993478,4.665313871730614e-06,1.0212475630518047e-06,0.00021111624989998397,6.12770483253824e-08,6.127704832504261e-08,0.05395510481368292
1615,User_459,Unknown,10,0.0024764735017335313,0.28646424517593644,1.9538933593620456e-05,3.948720093557866e-06,0.0001282362507579907,2.5125241356269595e-07,2.512524135626702e-07,0.05781625279710056
1616,User_460,Unknown,66,0.016344725111441305,0.30607140150079587,0.0006212141290480635,9.998569334520788e-06,0.00046581871004368385,6.282399359847279e-07,6.282399359848438e-07,0.0820050327126028
1617,User_461,Unknown,53,0.013125309559187715,0.30937787312289305,0.0002115044659068049,6.1852089349319074e-06,0.0003601953587437629,3.8225269393998094e-07,3.822526939398023e-07,0.07977300570293892
1618,User_462,Unknown,19,0.0047052996532937095,0.271589991928975,5.059588323909264e-06,5.800464926141218e-07,0.00017764694476082074,3.228998205304669e-08,3.228998205279518e-08,0.052410336859512505
1619,User_463,Unknown,43,0.010648836057454186,0.29027388397670906,0.0001703191828557906,5.0114805516246475e-06,0.00032986582260178263,3.1248550169612805e-07,3.124855016959232e-07,0.06811835661507483
1620,User_465,Unknown,78,0.019316493313521546,0.3109981515711645,0.00033434710833154385,7.252820729156699e-06,0.0005052462820582991,4.3921462305306086e-07,4.3921462305289616e-07,0.08679334315408402
1621,User_466,Unknown,9,0.002228826151560178,0.27019069923051187,2.4773700737602254e-08,1.889997459419113e-07,0.00011561062943863943,1.1300370522553994e-08,1.1300370522418409e-08,0.0491584067298997
1622,User_467,Unknown,4,0.0009905894006934125,0.27010033444816056,0.0,9.421924948633922e-08,0.00010831815006117514,5.3747807104256775e-09,5.374780710917725e-09,0.04829036687210388
1623,User_468,Unknown,2,0.0004952947003467063,0.2700642054574639,0.0,9.274501142349429e-08,7.076301153357584e-05,5.292410127984925e-09,5.2924101277932516e-09,0.04728991472880629
1624,User_469,Unknown,22,0.005448241703813769,0.28689165186500887,7.03536965895882e-05,4.272648184104744e-06,0.00021999059521722825,2.7098977007794644e-07,2.709897700780356e-07,0.06142258916498696
1625,User_470,Unknown,16,0.00396235760277365,0.27031731155442495,8.00277333657015e-07,2.6301918533500846e-07,0.00016036074263691717,1.5662543873697775e-08,1.5662543873072913e-08,0.051025232619010215
1626,User_471,Unknown,31,0.007677067855373947,0.304524886877828,4.520897774495892e-05,5.308516604341327e-06,0.000221845792945861,3.315383456384181e-07,3.3153834563839867e-07,0.07163637685655119
1627,User_472,Unknown,5,0.0012382367508667657,0.28466690165667957,7.882349853699626e-05,2.2074818807920402e-07,9.672896186057537e-05,1.3169902732103356e-08,1.3169902731979273e-08,0.05562634110783137
1628,User_473,Unknown,32,0.0079247152055473,0.28985715311176513,5.2151315479410956e-05,4.8996362497353865e-06,0.00023460621254586483,3.071043465235122e-07,3.0710434652328666e-07,0.06456911676599815
1629,User_474,Unknown,20,0.004952947003467063,0.27148043565954016,2.31936951941885e-06,3.697347665816115e-07,0.00018277001895006576,2.1536573779542145e-08,2.153657377880669e-08,0.05258657324799893
1630,User_477,Unknown,12,0.0029717682020802376,0.28601784955376114,6.287801187210477e-07,4.094118985966421e-06,0.00014348559147868897,2.609309900003378e-07,2.6093098999986515e-07,0.058146051118126325
1631,User_478,Unknown,8,0.001981178801386825,0.2704259308866863,5.362007803294713e-07,3.4541777570708236e-07,0.00010813244058513989,2.1049514493832272e-08,2.10495144941626e-08,0.04900074447702508
1632,User_479,Unknown,37,0.009162951956414065,0.29023215697549054,5.1629610427368866e-05,5.122207409412639e-06,0.0002551336894795653,3.1724664930372503e-07,3.172466493037843e-07,0.06583152404243517
1633,User_480,Unknown,7,0.001733531451213472,0.28814043099757386,3.5600085906119415e-05,3.9292724550142026e-06,0.00010365303966235572,2.5003052765421805e-07,2.500305276541745e-07,0.05779750460356294
1634,User_481,Unknown,27,0.006686478454680535,0.2722124848321424,1.0743636224261583e-05,5.493054839952324e-07,0.00023896760247197718,3.130348143812783e-08,3.1303481437983284e-08,0.054979337558710914
1635,User_482,Unknown,34,0.008420009905894007,0.2904200230149597,3.156750147944573e-05,5.355489384783876e-06,0.00023652938476956817,3.29566528509375e-07,3.2956652850959965e-07,0.06516038423208888
1636,User_485,Unknown,5,0.0012382367508667657,0.2858761061946903,0.0,3.881003661241374e-06,7.968301334119221e-05,2.4746527326248867e-07,2.4746527326243324e-07,0.055911552070244695
1637,User_486,Unknown,16,0.00396235760277365,0.2708067869358192,2.766735341827331e-07,3.4037388905489006e-07,0.00018700315387141714,2.0265891497727197e-08,2.0265891497669625e-08,0.051776436729905694
1638,User_487,Unknown,33,0.008172362555720653,0.27396702625686953,5.669318841277538e-06,1.4570109899703035e-06,0.00023068991729236152,8.298443735525444e-08,8.298443735464211e-08,0.05653704933862029
1639,User_488,Unknown,28,0.006934125804853888,0.2719008820954818,9.311756849921421e-07,1.32194147221016e-06,0.00020118944513412298,7.810544949030006e-08,7.810544948986267e-08,0.05424579284845789
1640,User_489,Unknown,24,0.005943536404160475,0.27182766745203635,3.344985971368775e-06,4.687947584536558e-07,0.00020899456604849058,2.7137322842197756e-08,2.713732284145028e-08,0.05380557919473779
1641,User_490,Unknown,13,0.0032194155522535907,0.2711705056745685,9.34371969168654e-07,5.006111461725959e-07,0.00012961471340054543,2.935389996937459e-08,2.9353899969309727e-08,0.05046883819537673
1642,User_491,Unknown,11,0.0027241208519068845,0.2711705056745685,1.4424118766528336e-07,4.2992044763944207e-07,0.00011410003910255497,2.4797128746780568e-08,2.479712874660314e-08,0.049901945281836314
1643,User_492,Unknown,65,0.016097077761267953,0.31047208980470553,0.00024378528493104878,6.624118822721075e-06,0.0004170969271344561,4.01708480762765e-07,4.0170848076217963e-07,0.08305499566057437
1644,User_493,Unknown,56,0.013868251609707775,0.2754058109398445,2.9299808764018076e-05,2.261961843721265e-06,0.000368237362802263,1.2291191520995746e-07,1.2291191520979086e-07,0.06301936158667971
1645,User_494,Unknown,23,0.005695889053987122,0.27461915125136016,5.761006990228347e-06,9.399192706516047e-07,0.0001723605887668945,4.510671779006953e-08,4.510671778988517e-08,0.054396862177630144
1646,User_495,Unknown,23,0.005695889053987122,0.2707886266094421,8.723607137144107e-07,1.0660432538641914e-06,0.0001772315726405564,6.531937310245464e-08,6.53193731027889e-08,0.05254411143408638
1647,User_496,Unknown,40,0.009905894006934125,0.2774113767518549,4.0511173252832185e-05,2.0113176457147705e-06,0.0002880862392711472,1.1368927065717375e-07,1.136892706561927e-07,0.06033854215755912
1648,User_497,Unknown,83,0.02055473006438831,0.31020972574325884,0.0005652444111632942,7.15461912683961e-06,0.000543039517021316,4.3170695590725277e-07,4.317069559063782e-07,0.08785840590536362
1649,User_498,Unknown,6,0.0014858841010401188,0.2704078216031608,9.792140174844954e-07,1.647125013523494e-07,0.00014171628224383267,9.69389363545997e-09,9.693893635344747e-09,0.04935073143554064
1650,User_499,Unknown,3,0.0007429420505200594,0.2700822687445656,0.0,9.362017312531431e-08,8.504741228873088e-05,5.341679458875486e-09,5.34167945875488e-09,0.047705382269531915
1651,User_500,Unknown,83,0.02055473006438831,0.2938864628820961,0.00040961846988442347,1.0389844928511952e-05,0.0005489504542277074,6.427128943728256e-07,6.42712894371889e-07,0.07965290220042862
1652,User_502,Unknown,11,0.0027241208519068845,0.2711705056745685,3.208383221442506e-07,4.864183866826829e-07,0.00011298757177878084,2.830859769582869e-08,2.8308597695412815e-08,0.04988126095960671
1653,User_503,Unknown,58,0.014363546310054482,0.2904618040569702,0.00019436165032819767,2.4249687218728175e-06,0.00037481180293092125,1.3328267404169562e-07,1.3328267404144127e-07,0.07110904684594971
1654,User_504,Unknown,43,0.010648836057454186,0.2874225923553278,0.00018869156224282218,4.838280640667098e-06,0.00037577679371531984,3.0642904105776107e-07,3.0642904105762544e-07,0.0675420625194919
1655,User_505,Unknown,13,0.0032194155522535907,0.27075231326270616,8.77747895397784e-08,2.8767428794209844e-07,0.00015665469172840095,1.693612148899403e-08,1.6936121489009275e-08,0.05076549796248162
1656,User_506,Unknown,72,0.017830609212481426,0.29341665455602384,0.00012133557653213191,1.077934065730402e-05,0.00047535992663857003,6.709741225558495e-07,6.709741225556967e-07,0.07643723067749537
1657,User_507,Unknown,65,0.016097077761267953,0.29199508279702074,0.00015459359720637074,1.030164963251669e-05,0.000433371714689796,6.393826090232302e-07,6.393826090235074e-07,0.07397344516490931
1658,User_508,Unknown,16,0.00396235760277365,0.2868712702472293,6.234668694339067e-05,7.95558280826328e-06,0.00015886606920413414,5.069360058860561e-07,5.069360058859942e-07,0.059452335466087976
1659,User_509,Unknown,15,0.003714710252600297,0.2707886266094421,1.7407163453338853e-07,3.120180704222233e-07,0.0001778038122571472,1.8584243982043085e-08,1.858424398184984e-08,0.05145669588420178
1660,User_510,Unknown,26,0.0064388311045071814,0.28662691652470185,6.301893231551073e-05,4.428258027860034e-06,0.00022811593643122893,2.8102769685917657e-07,2.810276968587717e-07,0.06198735544423677
1661,User_511,Unknown,30,0.007429420505200594,0.28828442921396447,1.9543496560996466e-05,5.006376651394387e-06,0.000209450172483678,3.10674026496575e-07,3.1067402649545975e-07,0.06301324573096019
1662,User_512,Unknown,29,0.007181773155027241,0.2886966468863945,3.514591267547815e-05,4.888044058283999e-06,0.00020693998256482546,3.0072060346062485e-07,3.0072060346045666e-07,0.0630422894124112
1663,User_513,Unknown,89,0.022040614165428428,0.31150196713723677,0.0004818306091777791,1.1294680867128356e-05,0.0005842000483572745,6.970752171800849e-07,6.970752171792211e-07,0.09010558709805708
1664,User_514,Unknown,64,0.0158494304110946,0.2928846014361355,7.564190437517587e-05,6.6724981350032464e-06,0.00041869099493424913,4.075701960653781e-07,4.075701960647804e-07,0.07397144653566774
1665,User_515,Unknown,61,0.01510648836057454,0.2932887855897734,0.00015862280662939864,6.303743304408158e-06,0.0004036627422085615,3.828827058686244e-07,3.8288270586794255e-07,0.07350556921541053
1666,User_516,Unknown,20,0.004952947003467063,0.2866676132329973,7.51310224107966e-05,4.1060260305515895e-06,0.00022132725858718867,2.6098967494565034e-07,2.609896749457393e-07,0.061061116254141616
1667,User_518,Unknown,19,0.0047052996532937095,0.28664726343437213,4.377496413507486e-05,4.1483316411157865e-06,0.00021446337550002484,2.6371041174644416e-07,2.637104117464951e-07,0.06077533965574588
1668,User_519,Unknown,25,0.006191183754333828,0.2714439365420812,1.902928168933092e-06,6.497886366123112e-07,0.00021184336777108285,3.829709909906864e-08,3.82970990982408e-08,0.053801742502697376
1669,User_520,Unknown,50,0.012382367508667657,0.30798566089543133,0.0001968125634453402,9.759307272375334e-06,0.0003397294215739684,6.11260217836424e-07,6.112602178360268e-07,0.07828144424232365
1670,User_521,Unknown,15,0.003714710252600297,0.2713709677419355,7.100193768872949e-07,7.53577309372597e-07,0.00012978089806084603,4.46463345215412e-08,4.464633452121108e-08,0.050848423578410185
1671,User_522,Unknown,11,0.0027241208519068845,0.27022686207588836,2.5925709214478725e-07,2.1863161535131065e-07,0.00013308436318643777,1.3158614090818606e-08,1.3158614090660744e-08,0.04978025806517945
1672,User_523,Unknown,43,0.010648836057454186,0.2884285714285714,4.305303774030838e-05,9.33343792898444e-06,0.0003071135096707972,5.90429089160348e-07,5.904290891605397e-07,0.06673412480522296
1673,User_524,Unknown,64,0.0158494304110946,0.3103527784182615,0.00017219376720998948,6.835933669141883e-06,0.00041564106355068773,4.17192791196508e-07,4.171927911961367e-07,0.08280989181563889
1674,User_525,Unknown,69,0.017087667161961365,0.3091173543596417,0.00038505015007923464,1.0367491801554624e-05,0.0004428125049491745,6.395648427435996e-07,6.395648427431752e-07,0.08345850530132827
1675,User_527,Unknown,46,0.011391778107974244,0.28948311706932395,8.019189321479655e-05,2.3260487507248724e-06,0.0003036185860243482,1.3466225654411816e-07,1.3466225654349921e-07,0.06759323912813489
1676,User_528,Unknown,13,0.0032194155522535907,0.28640329101354706,4.305748410574852e-06,4.155882090230352e-06,0.0001359529140328455,2.6437505291765314e-07,2.643750529174602e-07,0.0583377827835307
1677,User_529,Unknown,9,0.002228826151560178,0.27037161031134915,2.3401811992987383e-07,2.3250945425748622e-07,0.00011397796601445197,1.389787103872193e-08,1.3897871038814062e-08,0.04921968477381998
1678,User_530,Unknown,4,0.0009905894006934125,0.27010033444816056,4.498589467272537e-08,1.0159032108592846e-07,7.057771509762482e-05,5.808165762847969e-09,5.808165762947385e-09,0.04757848124186187
1679,User_531,Unknown,40,0.009905894006934125,0.28754539628284553,0.00023248176107494402,4.515583551874962e-06,0.0003476359688932335,2.855215646780602e-07,2.8552156467781756e-07,0.06667460135754352
1680,User_532,Unknown,10,0.0024764735017335313,0.27020877944325483,1.4927137777767961e-06,1.0150585834588257e-07,0.0002397894408176603,5.775064023468019e-09,5.775064023464788e-09,0.05164695937423136
1681,User_533,Unknown,6,0.0014858841010401188,0.27031731155442495,3.380111992965974e-07,2.1821013837437127e-07,9.542540091070592e-05,1.3060403498977187e-08,1.3060403499190877e-08,0.04843161192225966
1682,User_534,Unknown,8,0.001981178801386825,0.28597733711048157,2.246024912820178e-05,4.0131612948431836e-06,0.00010735469481940404,2.5581333471508743e-07,2.55813334715038e-07,0.05690270427641654
1683,User_535,Unknown,12,0.0029717682020802376,0.27315159304606645,4.829090773585816e-06,4.644521426727196e-07,0.00011630257892597298,2.6557865737004428e-08,2.6557865736873796e-08,0.0510874264691673
1684,User_536,Unknown,22,0.005448241703813769,0.2718825747374091,6.700440312292069e-07,8.177491829584009e-07,0.0001687462385459829,4.552241853018054e-08,4.552241853001939e-08,0.05280112373448393
1685,User_537,Unknown,40,0.009905894006934125,0.2891928668624221,6.193215619032699e-05,1.8880848286096657e-06,0.00026758429522218466,1.072930283794749e-07,1.0729302837907634e-07,0.06593778599674541
1686,User_539,Unknown,22,0.005448241703813769,0.2713892062638618,9.652245828691472e-06,4.4238781348660194e-07,0.00021091469672903954,2.5678631681090427e-08,2.567863168096355e-08,0.05334733884624935
1687,User_540,Unknown,8,0.001981178801386825,0.2712251477700161,8.759875833316707e-07,3.6443874664986946e-07,9.560697702129693e-05,2.1012107740266725e-08,2.1012107740028735e-08,0.04917026392392163
1688,User_541,Unknown,10,0.0024764735017335313,0.28605837347690566,1.4070968622191582e-05,4.098538063550004e-06,0.00011033462798019298,2.6092071076439627e-07,2.609207107644968e-07,0.0572715950942437
1689,User_542,Unknown,58,0.014363546310054482,0.30963883137796183,0.00028159932384779374,6.1926197681979545e-06,0.00038967081629135705,3.801740077090375e-07,3.8017400770879847e-07,0.08116641983527441
1690,User_543,Unknown,21,0.005200594353640416,0.28622058406577827,1.3800932616526306e-05,4.3846570935276895e-06,0.00019822460082669256,2.790833146616345e-07,2.790833146615315e-07,0.06051827108131691
1691,User_544,Unknown,67,0.01659237246161466,0.293097190970458,9.407095750289727e-05,1.048010209316995e-05,0.0004437927008594111,6.522342097768656e-07,6.522342097765269e-07,0.07498598534015219
1692,User_545,Unknown,46,0.011391778107974244,0.28890319811118265,6.563898688298767e-05,9.36620822881612e-06,0.0003154966480085141,5.898550022469996e-07,5.898550022467747e-07,0.06755042245814001
1693,User_546,Unknown,30,0.007429420505200594,0.28785286569717705,9.418457059196419e-05,4.573908615298745e-06,0.0002493116029142422,2.888857846956933e-07,2.888857846950959e-07,0.06356665658249755
1694,User_547,Unknown,32,0.0079247152055473,0.27197413618912913,6.527288064105486e-06,6.828987076992115e-07,0.00026697865167901193,4.02626887196266e-08,4.026268871878341e-08,0.056070298629031526
1695,User_548,Unknown,32,0.0079247152055473,0.2721024258760108,5.8126681958980245e-06,1.08740432611365e-06,0.00024876214948969897,6.419888875641423e-08,6.41988887557831e-08,0.05579329416150076
1696,User_550,Unknown,1,0.00024764735017335313,0.2700461445863706,0.0,9.213976638914606e-08,4.589095897482896e-05,5.258962630798156e-09,5.258962630648877e-09,0.04667472557571291
1697,User_551,Unknown,17,0.004210004952947003,0.27082494969818915,4.182480927124916e-07,3.885078502479066e-07,0.0001962263742645253,2.332756164563818e-08,2.3327561645732157e-08,0.0520967349146002
1698,User_552,Unknown,4,0.0009905894006934125,0.27010033444816056,4.089626788429578e-08,1.2069094322389025e-07,9.440662787863708e-05,7.0414131098472975e-09,7.041413109997808e-09,0.04802807150205702
1699,User_553,Unknown,85,0.021050024764735015,0.3108784355993533,0.000670285018807706,7.24290659454742e-06,0.0005733303494071276,4.4137161716622453e-07,4.4137161716567343e-07,0.08907471950261746
1700,User_554,Unknown,18,0.004457652303120356,0.28662691652470185,7.486283571839704e-05,4.045469315393581e-06,0.00020392936769565614,2.57296768891086e-07,2.5729676889121666e-07,0.060438252273411035
1701,User_555,Unknown,38,0.009410599306587419,0.27250641112160884,1.3447011991810428e-05,1.019502054613608e-06,0.00030200042235409383,6.01958628415541e-08,6.019586284055553e-08,0.05782562933231412
1702,User_556,Unknown,48,0.01188707280832095,0.28987796123474513,8.938334245939702e-05,5.640885330132959e-06,0.0003459078669957273,3.5217237662708766e-07,3.521723766271058e-07,0.0688829228510546
1703,User_557,Unknown,37,0.009162951956414065,0.2738926948382283,2.0526252933937625e-05,1.216250301084769e-06,0.0002808747016989297,7.122987306866713e-08,7.12298730679036e-08,0.05799685139829432
1704,User_558,Unknown,20,0.004952947003467063,0.28871728871728874,2.9227631770779883e-05,4.53099237361713e-06,0.0001704038240719905,2.869888909607545e-07,2.869888909611227e-07,0.06112909133926233
1705,User_559,Unknown,83,0.02055473006438831,0.31200741770978213,0.00028980716495037904,7.596662058916728e-06,0.0005205311021580356,4.5416002458705664e-07,4.5416002458661094e-07,0.08826611490739891
1706,User_560,Unknown,30,0.007429420505200594,0.2741158101961849,1.0466776821356941e-05,1.150836211176187e-06,0.00021948655902627153,6.408055360788064e-08,6.408055360797562e-08,0.05599080708175929
1707,User_561,Unknown,81,0.020059435364041603,0.3112858464384829,0.0003226420225588051,7.440587370746361e-06,0.0005164145595837135,4.4922855385662115e-07,4.492285538563792e-07,0.08755782749314563
1708,User_562,Unknown,5,0.0012382367508667657,0.2701184025687337,5.02439862578491e-08,1.3039768339664376e-07,7.787213040574953e-05,7.62539683882574e-09,7.62539683880016e-09,0.04786221909062244
1709,User_565,Unknown,20,0.004952947003467063,0.271589991928975,6.262184165524754e-07,9.12155039326889e-07,0.00015781495227813847,5.3726114205832934e-08,5.3726114205591775e-08,0.0521732457175172
1710,User_567,Unknown,63,0.015601783060921248,0.3288809252321225,0.09631033121856215,9.932294827390033e-06,0.00048244265191169,6.188533988113412e-07,6.188533988109483e-07,0.12193354260992521
1711,User_568,Unknown,12,0.0029717682020802376,0.2702449471288984,1.078647917454337e-06,2.4316208444398323e-07,0.00013752082745957907,1.4702792872418537e-08,1.4702792872114864e-08,0.050010315403241835
1712,User_569,Unknown,15,0.003714710252600297,0.28644392423919984,2.4853694473709113e-06,4.337914804870841e-06,0.00013097933480812603,2.748133852631419e-07,2.748133852628129e-07,0.058538478276964734
1713,User_570,Unknown,35,0.00866765725606736,0.28781183178902353,3.5547053774269e-05,5.0537677665680635e-06,0.00026401793710488833,3.1914410192885674e-07,3.1914410192931387e-07,0.06449212728020308
1714,User_571,Unknown,3,0.0007429420505200594,0.2700822687445656,0.0,1.825963906402728e-07,5.9298680651051526e-05,1.0919901157689534e-08,1.091990115754355e-08,0.047220055564240436
1715,User_572,Unknown,4,0.0009905894006934125,0.27010033444816056,0.0,9.421924948633922e-08,0.00010831815006117514,5.374780710428569e-09,5.374780710448188e-09,0.048290366872103876
1716,User_591,Unknown,46,0.011391778107974244,0.3083855200855354,0.0001110086875484544,5.926186093908358e-06,0.0003130059144530279,3.6276500122198895e-07,3.6276500122149375e-07,0.07739009772486971
1717,User_656,Unknown,3,0.0007429420505200594,0.2714074472375319,0.0,1.51503773213622e-07,5.7337132186434945e-05,7.453955994477426e-09,7.453955994423068e-09,0.04785548512051444
1718,User_669,Unknown,34,0.008420009905894007,0.29108996539792387,2.0166542953041823e-05,5.396552472745176e-06,0.00023889804861517726,3.3374984585338723e-07,3.3374984585288473e-07,0.06554198628730108
1719,User_604,Unknown,35,0.00866765725606736,0.308739200244667,0.00014250735538045078,9.1368975421067e-06,0.0002523437774586098,5.719944366170751e-07,5.719944366167056e-07,0.07494404284426988
1720,User_645,Unknown,29,0.007181773155027241,0.3061410159211524,0.00013486293307990736,5.022430355452909e-06,0.00022796167593558818,3.133222842745667e-07,3.1332228427408793e-07,0.07232377054230296
1721,User_646,Unknown,13,0.0032194155522535907,0.2869528140989198,4.0967816844561056e-05,6.210014400356069e-07,0.00012810550632409002,3.663301945020035e-08,3.6633019449850566e-08,0.058463649614701976
1722,User_666,Unknown,18,0.004457652303120356,0.27111588559151334,4.203893040206643e-06,2.2710340124697444e-07,0.00019822293331033626,1.3510549410865722e-08,1.351054941103825e-08,0.05241933395941727
1723,User_683,Unknown,33,0.008172362555720653,0.30461677730838865,0.00010581114784675828,5.243248779043121e-06,0.00023452001943615234,3.289409718122694e-07,3.2894097181220566e-07,0.07221357443067318
1724,User_587,Unknown,10,0.0024764735017335313,0.27217578862227015,2.847438511467435e-07,4.3225947835386664e-07,0.000109282031838609,2.4997010976194452e-08,2.4997010976054004e-08,0.05018454360719372
1725,User_590,Unknown,14,0.003467062902426944,0.28541136556403734,0.00031092646334352376,3.5738094988197617e-07,0.00015276708084737675,2.1521448515112534e-08,2.152144851486672e-08,0.05836244038670168
1726,User_614,Unknown,32,0.0079247152055473,0.2910480034597088,1.0058307399049895e-05,5.234720830765266e-06,0.0002242213984667498,3.245510488397488e-07,3.245510488386854e-07,0.0649664789694492
1727,User_634,Unknown,16,0.00396235760277365,0.2877297990594271,5.936821370721734e-05,4.357057666238773e-06,0.0001501259733385882,2.7528780195067176e-07,2.752878019504335e-07,0.05970614654178641
1728,User_680,Unknown,27,0.006686478454680535,0.2713162668816771,9.985568654418464e-06,2.011051045210922e-07,0.0002917413105802448,1.1874983130727836e-08,1.187498313036544e-08,0.055518292679078984
1729,User_586,Unknown,7,0.001733531451213472,0.2714621848739496,0.0,2.7005283261924463e-07,9.066121878921105e-05,1.5731886184164853e-08,1.5731886184085368e-08,0.04905979952777506
1730,User_610,Unknown,5,0.0012382367508667657,0.2860989088847952,2.076700208801823e-06,3.6490746835104945e-07,7.02438447238191e-05,2.158054067192551e-08,2.158054067177882e-08,0.05583138656992283
1731,User_652,Unknown,4,0.0009905894006934125,0.2714986888993478,0.0,2.637010992927845e-07,6.4580471869613e-05,1.536013473216105e-08,1.5360134732131147e-08,0.0481758089489543
1732,User_673,Unknown,4,0.0009905894006934125,0.2714986888993478,0.0,2.637010992927845e-07,6.4580471869613e-05,1.536013473216105e-08,1.5360134732098987e-08,0.0481758089489543
1733,User_676,Unknown,18,0.004457652303120356,0.287463515341354,2.2399370374280446e-06,4.5970852846531115e-06,0.00014338595193409595,2.8901188303231597e-07,2.890118830318999e-07,0.0597015311290069
1734,User_620,Unknown,20,0.004952947003467063,0.27206575933162647,9.375833655722715e-06,2.872884675982267e-07,0.00020696163513239064,1.6159522115526936e-08,1.6159522115357477e-08,0.053341745151142116
1735,User_574,Unknown,11,0.0027241208519068845,0.2711705056745685,2.5931961227784492e-06,1.5289074385406876e-07,0.0001459801539142264,8.088492265786282e-09,8.088492265859936e-09,0.05050286017262157
1736,User_630,Unknown,39,0.009658246656760773,0.272966943824782,5.4640892015811685e-05,3.1723375769168855e-07,0.0004138683997585586,1.64224575123074e-08,1.6422457512057976e-08,0.06031563775879267
1737,User_678,Unknown,26,0.0064388311045071814,0.27315159304606645,3.513555049058422e-05,2.264761266769272e-07,0.0002881345373513363,1.0888976045578265e-08,1.0888976045468675e-08,0.05625247118753803
1738,User_593,Unknown,5,0.0012382367508667657,0.271589991928975,2.2156602180413347e-07,2.22462438172288e-07,7.775198390294548e-05,1.248377259003633e-08,1.24837725898797e-08,0.04860732465522396
1739,User_609,Unknown,30,0.007429420505200594,0.2875044499822001,0.0005800581422715316,3.960630676402133e-06,0.00030397047649326664,2.505685466640244e-07,2.5056854666367225e-07,0.06456262481351492
1740,User_573,Unknown,32,0.0079247152055473,0.2704078216031608,3.043763233996615e-06,1.272172987144451e-07,0.00035047020034089044,7.322562435184158e-09,7.322562434859919e-09,0.0568468279554443
1741,User_575,Unknown,12,0.0029717682020802376,0.2700461445863706,8.134687131087809e-08,8.784708470981302e-08,0.0001517362694302541,4.968181662143578e-09,4.968181662190331e-09,0.050176580655071454
1742,User_576,Unknown,14,0.003467062902426944,0.2700822687445656,1.1153527604807941e-08,8.416327892740482e-08,0.00017129928708366034,4.769770966160619e-09,4.769770965914683e-09,0.050837587789477
1743,User_577,Unknown,22,0.005448241703813769,0.27022686207588836,7.481692206504156e-08,8.924172174227017e-08,0.0002485162527039103,5.05122453465171e-09,5.051224534053571e-09,0.0534623216158674
1744,User_578,Unknown,24,0.005943536404160475,0.2702630346027709,2.1272707053068516e-07,9.032214600334953e-08,0.0002689991944435571,5.110424428524315e-09,5.1104244285523586e-09,0.05414078765514453
1745,User_579,Unknown,39,0.009658246656760773,0.27098852426011677,1.2406788467988566e-05,1.4429133645377337e-07,0.0004232250932243296,8.258643961568737e-09,8.258643961207498e-09,0.059474729177044376
1746,User_581,Unknown,2,0.0004952947003467063,0.26986566864933503,0.0,7.71918092848758e-08,8.15196878449505e-05,4.388650656532609e-09,4.388650656608401e-09,0.047391987413424416
1747,User_582,Unknown,21,0.005200594353640416,0.27020877944325483,3.026920169107652e-08,8.852913460908897e-08,0.00023862706930737613,5.0109094528355e-09,5.010909452690105e-09,0.05312974243845848
1748,User_583,Unknown,25,0.006191183754333828,0.27028112449799196,3.6493288830915333e-07,9.084813622150225e-08,0.0002798616171108625,5.1392834936119934e-09,5.1392834929318855e-09,0.05449176076041608
1749,User_584,Unknown,15,0.003714710252600297,0.27246963562753035,1.1226569844003338e-05,1.745434466969351e-07,0.00019145155967878856,7.779045379868263e-09,7.779045379864289e-09,0.052569974964359896
1750,User_585,Unknown,1,0.00024764735017335313,0.2698476343223737,0.0,7.670058142468093e-08,4.678338100009414e-05,4.361622608845889e-09,4.361622608704061e-09,0.046590734291973857
1751,User_588,Unknown,14,0.003467062902426944,0.2700822687445656,3.3373014782152425e-07,8.915221171210331e-08,0.00017160826730099393,5.027230581544045e-09,5.027230581589455e-09,0.05084353174555981
1752,User_589,Unknown,21,0.005200594353640416,0.2706797157795951,7.400917361821367e-06,1.4105689443450061e-07,0.00023792931707934515,7.437618711305933e-09,7.4376187110714785e-09,0.0533580035059788
1753,User_592,Unknown,41,0.010153541357107478,0.2710249010000671,1.2464225581224525e-05,1.4404389326077002e-07,0.00044614416045672163,8.226741776849508e-09,8.226741776352726e-09,0.06019922343432681
1754,User_594,Unknown,8,0.001981178801386825,0.2886966468863945,0.02880319816351658,7.497967512298797e-06,0.0002015042579297268,4.78786844150824e-07,4.787868441506711e-07,0.06863110130357016
1755,User_595,Unknown,19,0.0047052996532937095,0.2701726214371738,1.1153527604807941e-08,8.739628476538116e-08,0.00021919934446924233,4.948913593823765e-09,4.94891359317934e-09,0.052471224341957515
1756,User_597,Unknown,22,0.005448241703813769,0.2706797157795951,1.9186639620348858e-06,1.2816632845644738e-07,0.0002438663119934457,7.390729693487422e-09,7.390729693228924e-09,0.05360518313536113
1757,User_598,Unknown,16,0.00396235760277365,0.2701184025687337,1.6359664723738352e-07,1.1497108302885005e-07,0.00018724995706658035,6.644488708238483e-09,6.6444887081097905e-09,0.0514306716721349
1758,User_599,Unknown,23,0.005695889053987122,0.2702449471288984,2.09109897165603e-07,8.97623581749339e-08,0.0002595428834322658,5.079796133382023e-09,5.079796133518443e-09,0.05381638451429039
1759,User_600,Unknown,24,0.005943536404160475,0.2702630346027709,3.0923164033038043e-07,9.013554908832105e-08,0.0002699828000456775,5.098968411796519e-09,5.098968411448992e-09,0.05415937012972911
1760,User_602,Unknown,1,0.00024764735017335313,0.2698476343223737,0.0,7.670058142468093e-08,4.678338100009414e-05,4.361622608845889e-09,4.3616226085994665e-09,0.046590734291973857
1761,User_603,Unknown,18,0.004457652303120356,0.2701545460627551,3.2180106095202746e-07,1.15099498880868e-07,0.00020875571633583608,6.671556320480139e-09,6.6715563202392295e-09,0.05212842036869688
1762,User_605,Unknown,18,0.004457652303120356,0.2701545460627551,3.7461092469525783e-07,1.1813648917424683e-07,0.00020724391814165208,6.8088005120066135e-09,6.8088005118125586e-09,0.05209992867697388
1763,User_607,Unknown,1,0.00024764735017335313,0.2698476343223737,0.0,7.670058142468093e-08,4.678338100009414e-05,4.361622608845889e-09,4.361622608831002e-09,0.04659073429197386
1764,User_608,Unknown,1,0.00024764735017335313,0.2698476343223737,0.0,7.670058142468093e-08,4.678338100009414e-05,4.361622608845889e-09,4.36162260884424e-09,0.04659073429197386
1765,User_611,Unknown,16,0.00396235760277365,0.2701184025687337,2.2404171929679116e-07,9.002995799630597e-08,0.00018945142674158688,5.085622800826675e-09,5.085622800778966e-09,0.0514721077042863
1766,User_612,Unknown,15,0.003714710252600297,0.27010033444816056,4.545965223330397e-07,1.1593346396566491e-07,0.00017936812461615172,6.708650033876174e-09,6.708650033746615e-09,0.05113607339350233
1767,User_613,Unknown,1,0.00024764735017335313,0.2698476343223737,0.0,7.670058142468093e-08,4.678338100009414e-05,4.361622608845889e-09,4.361622609026141e-09,0.04659073429197386
1768,User_615,Unknown,24,0.005943536404160475,0.2702630346027709,3.426258330995375e-07,9.028360037118779e-08,0.000270144532834826,5.1083846556472476e-09,5.1083846552360015e-09,0.05416243162393971
1769,User_616,Unknown,19,0.0047052996532937095,0.27064343163538873,6.859597611835496e-06,1.1725514627242427e-07,0.0002441090543147613,5.843579208565934e-09,5.843579208413518e-09,0.05318221621521401
1770,User_617,Unknown,25,0.006191183754333828,0.27073416024136776,4.586199332645409e-06,1.3271488787795076e-07,0.00028903516610893535,7.663890375788642e-09,7.663890375105372e-09,0.05489619890886173
1771,User_618,Unknown,24,0.005943536404160475,0.27118871725990595,1.0162350894093e-05,1.3021384297872366e-07,0.00027197896997947004,6.610849232517931e-09,6.610849232328372e-09,0.05466994792175097
1772,User_619,Unknown,26,0.0064388311045071814,0.27075231326270616,2.874562143802564e-06,1.3115494782869075e-07,0.0002847145646993266,7.543989580478327e-09,7.54398958015077e-09,0.05496022942629271
1773,User_621,Unknown,7,0.001733531451213472,0.2699558764540714,5.5502077842972845e-08,8.161316030272821e-08,0.00011081588830633677,4.615386915724566e-09,4.615386916023499e-09,0.048674630372652856
1774,User_622,Unknown,13,0.0032194155522535907,0.2700642054574639,6.794175586227307e-07,8.742931202381488e-08,0.0001707520370437645,4.896227931052187e-09,4.896227930717487e-09,0.05068146901920794
1775,User_623,Unknown,17,0.004210004952947003,0.27013647310677014,6.053643497554776e-07,1.148056354254194e-07,0.00020089622374284554,6.652948935409988e-09,6.652948935194025e-09,0.051834233093914994
1776,User_624,Unknown,1,0.00024764735017335313,0.2698476343223737,0.0,7.670058142468093e-08,4.678338100009414e-05,4.361622608845889e-09,4.3616226087411965e-09,0.04659073429197386
1777,User_625,Unknown,21,0.005200594353640416,0.27020877944325483,8.865552382247556e-07,9.478671942061515e-08,0.00024130198652989635,5.333293728561648e-09,5.3332937283546875e-09,0.05318048070189546
1778,User_626,Unknown,14,0.003467062902426944,0.2700822687445656,4.4462519815872765e-07,1.1352244265538574e-07,0.00017242961930433835,6.5761837826875485e-09,6.57618378255249e-09,0.05085916741978574
1779,User_627,Unknown,24,0.005943536404160475,0.2702630346027709,2.1272707053068516e-07,9.032214600334953e-08,0.0002689991944435571,5.110424428526364e-09,5.1104244282194845e-09,0.054140787655144525
1780,User_628,Unknown,12,0.0029717682020802376,0.2700461445863706,3.3507446375788556e-08,8.313339121923759e-08,0.00015293060320939494,4.714819234381609e-09,4.714819234786704e-09,0.05019907728617758
1781,User_631,Unknown,11,0.0027241208519068845,0.27048027329358965,7.578753962938927e-07,9.629345918618397e-08,0.0001502092844842202,5.3646423275348504e-09,5.364642327555182e-09,0.05023152887902705
1782,User_632,Unknown,22,0.005448241703813769,0.27022686207588836,1.9605058473196232e-07,8.919429159356795e-08,0.0002498513507360218,5.04871176245924e-09,5.048711762212192e-09,0.05348754257245626
1783,User_633,Unknown,15,0.003714710252600297,0.27010033444816056,3.466935201309266e-07,9.142153266446994e-08,0.0001789236996007431,5.182751530197233e-09,5.18275153011271e-09,0.051127549771373425
1784,User_635,Unknown,22,0.005448241703813769,0.2704983922829582,3.2641095108172388e-06,1.5088385039256314e-07,0.0002447476068429957,8.834643627457109e-09,8.83464362705728e-09,0.05353027217373899
1785,User_636,Unknown,25,0.006191183754333828,0.27073416024136776,2.656882448648886e-06,1.323660753298224e-07,0.00027306647946141353,7.607703748137088e-09,7.60770374773327e-09,0.05459439110992199
1786,User_638,Unknown,1,0.00024764735017335313,0.2698476343223737,0.0,7.670058142468093e-08,4.678338100009414e-05,4.361622608845889e-09,4.361622609131599e-09,0.04659073429197387
1787,User_639,Unknown,11,0.0027241208519068845,0.27413441955193485,2.381453299291916e-05,2.5209422259145366e-07,0.00013792490625408164,1.1062220101319921e-08,1.1062220101215991e-08,0.051861941033635936
1788,User_640,Unknown,23,0.005695889053987122,0.2702449471288984,1.5675245177728452e-07,8.977432437627484e-08,0.00025896584938324017,5.0804199552781275e-09,5.080419954709602e-09,0.05380548390602961
1789,User_642,Unknown,2,0.0004952947003467063,0.26986566864933503,0.0,7.71918092848758e-08,8.15196878449505e-05,4.388650656533102e-09,4.388650656528305e-09,0.047391987413424416
1790,User_643,Unknown,24,0.005943536404160475,0.2702630346027709,3.0923164033038043e-07,9.013554908832105e-08,0.0002699828000456775,5.098968411796723e-09,5.098968411415955e-09,0.05415937012972911
1791,User_644,Unknown,25,0.006191183754333828,0.2713892062638618,7.848856808448193e-06,2.1710070082126907e-07,0.00026665134528675326,1.2430864780363229e-08,1.2430864780470635e-08,0.05480776398790309
1792,User_647,Unknown,19,0.0047052996532937095,0.2701726214371738,1.1763066326291983e-06,1.133259561539824e-07,0.00021940799155135867,6.586433851229374e-09,6.586433851445165e-09,0.05247562193692079
1793,User_648,Unknown,2,0.0004952947003467063,0.26986566864933503,0.0,7.754179739879551e-08,5.665259153796909e-05,4.408821625294375e-09,4.408821625324294e-09,0.046922899455118176
1794,User_650,Unknown,22,0.005448241703813769,0.27022686207588836,2.0157354292587722e-07,8.918237540009795e-08,0.00024969437805558517,5.048064972057326e-09,5.0480649716217575e-09,0.05348458305569525
1795,User_653,Unknown,28,0.006934125804853888,0.2714986888993478,1.3100390155271361e-05,1.9559508115562256e-07,0.0002979006470680747,1.0670349553166562e-08,1.0670349553081149e-08,0.05586477403172082
1796,User_654,Unknown,33,0.008172362555720653,0.2712980381617845,1.2096361367309348e-05,2.068471712083298e-07,0.00034886953474552404,1.2154289899050404e-08,1.2154289898541122e-08,0.05740836612484058
1797,User_655,Unknown,6,0.0014858841010401188,0.2708612825328683,7.148435585491646e-07,1.1428401579758636e-07,9.256309750111519e-05,5.778034702481664e-09,5.778034702598155e-09,0.04865334548190255
1798,User_657,Unknown,7,0.001733531451213472,0.2704078216031608,4.5390283292607807e-07,9.066280388194709e-08,0.00010908074149667123,5.128780212082498e-09,5.128780212025974e-09,0.048871455235818095
1799,User_658,Unknown,24,0.005943536404160475,0.2702630346027709,2.1272707053068516e-07,9.032214600334953e-08,0.0002689991944435571,5.110424428526939e-09,5.1104244281260685e-09,0.05414078765514452
1800,User_659,Unknown,24,0.005943536404160475,0.2702630346027709,2.1272707053068516e-07,9.032214600334953e-08,0.0002689991944435571,5.1104244285271916e-09,5.110424428085191e-09,0.05414078765514452
1801,User_660,Unknown,3,0.0007429420505200594,0.26988370538698037,0.0,7.864126609863404e-08,6.864155096405713e-05,4.445519226691866e-09,4.445519226713152e-09,0.04729505238446115
1802,User_661,Unknown,24,0.005943536404160475,0.2702630346027709,3.0923164033038043e-07,9.013554908832105e-08,0.0002699828000456775,5.098968411796506e-09,5.098968411451117e-09,0.05415937012972911
1803,User_662,Unknown,24,0.005943536404160475,0.2702630346027709,2.552463196754241e-07,9.031553358749758e-08,0.0002694167641440771,5.110088072983413e-09,5.1100880726269415e-09,0.054148677246818086
1804,User_663,Unknown,9,0.002228826151560178,0.2709158000670916,2.0780488189895912e-06,1.1654535394452514e-07,0.0001262567313617639,5.8910257897826e-09,5.891025789410243e-09,0.049727532716395864
1805,User_664,Unknown,17,0.004210004952947003,0.27013647310677014,4.061662333735049e-07,1.1624825832221363e-07,0.00020011530918115283,6.724686584280604e-09,6.724686584077059e-09,0.051819448320366265
1806,User_665,Unknown,18,0.004457652303120356,0.2701545460627551,1.0409959097820744e-07,8.655372419116635e-08,0.00021117623907859927,4.901949082770343e-09,4.9019490825303e-09,0.05217389065451022
1807,User_667,Unknown,3,0.0007429420505200594,0.2866065725033714,0.0,3.814702721956329e-06,7.404083887811431e-05,2.432567749043619e-07,2.432567749043081e-07,0.05590192390054045
1808,User_668,Unknown,1,0.00024764735017335313,0.2698476343223737,0.0,7.670058142468093e-08,4.678338100009414e-05,4.361622608845889e-09,4.361622608820909e-09,0.04659073429197386
1809,User_670,Unknown,23,0.005695889053987122,0.2702449471288984,1.2056747384736826e-07,8.978954336934486e-08,0.0002585527327680155,5.081229007899707e-09,5.081229007602429e-09,0.053797680234865856
1810,User_671,Unknown,5,0.0012382367508667657,0.27326250253772755,2.2766531261928219e-07,2.899748406285686e-07,7.032506653408553e-05,1.592031823835137e-08,1.5920318238221162e-08,0.049316428582909314
1811,User_672,Unknown,8,0.001981178801386825,0.26997392525239017,2.3987234047519644e-08,8.638062948059715e-08,0.00011089269266602533,4.865674540814998e-09,4.865674540838349e-09,0.04882208629669863
1812,User_674,Unknown,1,0.00024764735017335313,0.2698476343223737,0.0,7.670058142468093e-08,4.678338100009414e-05,4.361622608845889e-09,4.3616226088063775e-09,0.04659073429197386
1813,User_675,Unknown,23,0.005695889053987122,0.2702449471288984,2.0157354292587722e-07,8.975761015303509e-08,0.00025927942143054027,5.079525590563937e-09,5.079525590147188e-09,0.05381141234367292
1814,User_677,Unknown,22,0.005448241703813769,0.2706978615003017,7.916398914285355e-06,1.1844815711085728e-07,0.0002478495626019841,6.001780500117448e-09,6.001780499560048e-09,0.05369123679997103
1815,User_679,Unknown,7,0.001733531451213472,0.2714439365420812,2.7298824396229117e-06,1.338607846049365e-07,0.00010462428536230366,6.2224969941831615e-09,6.222496994035265e-09,0.049314097803567096
1816,User_681,Unknown,23,0.005695889053987122,0.2702449471288984,2.8686230064390804e-07,8.973570254127755e-08,0.0002601036200623901,5.078376223439113e-09,5.078376223061772e-09,0.053826985181019076
1817,User_682,Unknown,13,0.0032194155522535907,0.2705165137000067,1.3912261901639342e-06,9.736357094962916e-08,0.00017101450655323654,5.428621083546804e-09,5.428621083419426e-09,0.050916256325302854
1818,User_684,Unknown,20,0.004952947003467063,0.27019069923051187,6.511076016368994e-07,9.369216558278948e-08,0.00023123118761732997,5.272976152897805e-09,5.272976152678202e-09,0.052844418522741916
1819,User_685,Unknown,17,0.004210004952947003,0.2705890236547611,9.231915405948685e-07,1.0100001079092939e-07,0.00019747766595368507,5.694860326070674e-09,5.6948603259329195e-09,0.05199948271553651
1820,User_1967,Unknown,2,0.0004952947003467063,0.29895609683867624,0.0,0.0005912830778863899,4.8457139022384005e-05,3.791099167390411e-05,3.791099167390404e-05,0.06418986325379118
1821,User_3437,Unknown,547,0.13546310054482416,0.31441252043914975,0.23611535735892908,9.531612931089674e-08,0.0076145868447496,4.90288789325338e-09,4.902887890092744e-09,0.35687853464465585
1822,User_3454,Unknown,14,0.003467062902426944,0.260113372842051,0.0006922298915599843,6.303146226815006e-08,0.00019637877107470892,3.875838667646121e-09,3.875838667430535e-09,0.04645634628716772
1823,User_3487,Unknown,10,0.0024764735017335313,0.2600463678516229,0.0002746886392735641,6.315392019218835e-08,0.0001871929685114742,3.892857989400369e-09,3.892857989601516e-09,0.04557757723851612
1824,User_3723,Unknown,8,0.001981178801386825,0.26001287830006437,0.00017705605346713445,6.312970874258768e-08,0.0001554783412509088,3.891746552955024e-09,3.891746552908192e-09,0.04465961939926438
1825,User_3861,Unknown,16,0.00396235760277365,0.2601468882875918,0.0009068862081152389,6.282318063475084e-08,0.0002809819249921403,3.870991103980706e-09,3.870991104102801e-09,0.04840678934859427
1826,User_3961,Unknown,7,0.001733531451213472,0.25999613675874056,0.0001278394155250809,6.311900694864505e-08,0.0001402815185146896,3.891220092057384e-09,3.891220092158039e-09,0.04421298251080882
1827,User_3980,Unknown,59,0.014611193660227836,0.22544804868516555,0.02482003363624553,4.722356261271969e-08,0.0021703235790099928,3.011729447134274e-09,3.0117294471418632e-09,0.07942769885411365
1828,User_3989,Unknown,6,0.0014858841010401188,0.22478289913159652,0.0004885059198779125,4.683110704711976e-08,0.00021497849196888547,2.9867530683024158e-09,2.986753068046549e-09,0.0277186765285925
1829,User_4011,Unknown,4,0.0009905894006934125,0.22475787598797728,2.044813394214789e-08,4.710210798243814e-08,0.00014805626624736265,3.0040119575232296e-09,3.004011957503985e-09,0.02602466635322769
1830,User_4031,Unknown,11,0.0027241208519068845,0.22484548137424132,0.0017101224274764988,4.684975088249912e-08,0.0003587303379154666,2.9879377004244644e-09,2.987937700584529e-09,0.0315095231701434
1831,User_686,Unknown,170,0.04210004952947003,0.21691018478727975,0.029721898375122513,9.35331448486943e-12,0.002219359259800019,3.784128771423619e-13,3.7841206850981014e-13,0.09266494992442005
1832,User_687,Unknown,28,0.006934125804853888,0.17856195277261874,3.7279392668826446e-06,7.184894171202436e-13,0.0002975557259968539,2.6176135799210455e-14,2.6175537204602464e-14,0.008681421628767996
1833,User_688,Unknown,45,0.01114413075780089,0.178696287117759,1.3742123308028008e-05,1.0073501649505596e-12,0.0004591957169204835,3.656480437394028e-14,3.656456203638891e-14,0.014127956900611607
1834,User_689,Unknown,8,0.001981178801386825,0.17830963525567428,8.296100056528574e-08,6.74084556836982e-14,0.00015613683900778702,2.4436860465880022e-15,2.444053903508035e-15,0.0031478324958052915
1835,User_690,Unknown,9,0.002228826151560178,0.17831750938396998,4.755003580307665e-08,1.5630719817407906e-13,0.00011861232847343198,5.574045119133376e-15,5.573945855719743e-15,0.002580797984511433
1836,User_691,Unknown,6,0.0014858841010401188,0.17829388908512894,2.8968189751376184e-07,6.807532903627437e-14,0.0001232297275724841,2.466278423964766e-15,2.466069077765898e-15,0.00224547360573745
1837,User_692,Unknown,1,0.00024764735017335313,0.1782545358230698,0.0,6.385265348738538e-14,4.824296234898489e-05,2.3304975112792823e-15,2.330426281313195e-15,0.00012669080581042004
1838,User_693,Unknown,14,0.003467062902426944,0.17837264776040287,3.450493304501873e-07,3.4232798882831576e-13,0.00016450470089240097,1.2388801168544966e-14,1.2388647831011912e-14,0.004158762838189436
1839,User_694,Unknown,54,0.01337295690936107,0.178696287117759,1.4771757531428671e-05,1.0339588894800466e-12,0.0005403322135548965,3.7391257953139245e-14,3.739124873339888e-14,0.016890337619719073
1840,User_695,Unknown,41,0.010153541357107478,0.17858564415549955,5.899186950651839e-06,6.636042512848422e-13,0.0004077836450650108,2.381546593863545e-14,2.3815670579596605e-14,0.012552289027634788
1841,User_696,Unknown,31,0.007677067855373947,0.17851458885941646,2.123887639792358e-06,7.963305961311273e-13,0.00031263120367747274,2.892658025029346e-14,2.892670279925193e-14,0.009351794280546421
1842,User_697,Unknown,52,0.012877662209014363,0.21554393082096723,0.001964595387304135,8.678627834488075e-12,0.0005396039058182004,3.5421201524259776e-13,3.5421180901706217e-13,0.03588590656702484
1843,User_698,Unknown,68,0.016840019811788013,0.27118871725990595,0.11533045020560802,1.1168762919222951e-09,0.0013171153138368812,5.042347802962816e-11,5.042347742834178e-11,0.11469006298177
1844,User_699,Unknown,2,0.0004952947003467063,0.17826240508564364,0.0,6.477107636858493e-14,6.367129488348979e-05,2.3601127342714683e-15,2.3602533158951148e-15,0.0005585593727342497
1845,User_700,Unknown,7,0.001733531451213472,0.17830176182275798,5.7285524111611316e-08,1.3927463978343084e-13,0.00010275618196828719,5.02710401486856e-15,5.026997284952604e-15,0.002000026841186704
1846,User_701,Unknown,21,0.005200594353640416,0.1784357048166151,1.2245394619758825e-06,4.241896845004355e-13,0.00022707423561474325,1.530115786813176e-14,1.5301483322669372e-14,0.006329188460390009
1847,User_702,Unknown,8,0.001981178801386825,0.17830963525567428,8.739142958608444e-08,6.73281289695298e-14,0.00015774813823086415,2.441419486175862e-15,2.4414353619813726e-15,0.003178229135998513
1848,User_703,Unknown,43,0.010648836057454186,0.2154404310942752,0.0022798921569828446,8.14609111458903e-12,0.00044664934463253396,3.345794051638896e-13,3.3457866547201027e-13,0.0329420999089744
1849,User_704,Unknown,5,0.0012382367508667657,0.17828601704269503,1.1465560817561497e-07,7.392418291027776e-14,8.974715732086355e-05,2.6534016500226058e-15,2.6533540491094984e-15,0.0014729789793066328
1850,User_705,Unknown,69,0.017087667161961365,0.17880706726298543,3.523425545982584e-05,1.1230751904395825e-12,0.000680428831266945,4.053869555097997e-14,4.053825492573046e-14,0.02164795953861078
1851,User_706,Unknown,18,0.004457652303120356,0.17839628893306825,4.402485474973529e-08,4.751114269198391e-13,0.0001931038023011991,1.7206308931915493e-14,1.7206424643222708e-14,0.0052575080641821806
1852,User_707,Unknown,10,0.0024764735017335313,0.17832538420773714,5.320896567946055e-07,7.086240972556604e-14,0.0001833547455998317,2.5559451619001026e-15,2.555979541547446e-15,0.003943067416678276
1853,User_708,Unknown,29,0.007181773155027241,0.21527962893852962,0.0006112002239522802,8.569921547306727e-12,0.0003330077979072182,3.5073077989927324e-13,3.507303896471879e-13,0.028304953097259593
1854,User_709,Unknown,17,0.004210004952947003,0.17839628893306825,4.944058163914285e-07,5.625818471070316e-13,0.00019309456153031958,2.0592285056369415e-14,2.0592044055314793e-14,0.005120631301563124
1855,User_710,Unknown,8,0.001981178801386825,0.17831750938396998,1.8228447366255914e-07,2.5056267658303944e-13,0.00011089032456439949,9.163681110675186e-15,9.16372411641489e-15,0.0022983348963800825
1856,User_711,Unknown,20,0.004952947003467063,0.17841205319665973,7.277986643835332e-07,3.0334675004222025e-13,0.00021945604072158312,1.08471896790792e-14,1.0846944432167823e-14,0.006036490672726374
1857,User_712,Unknown,13,0.0032194155522535907,0.1783490128527892,1.2971906684633057e-06,7.235171067127645e-14,0.00022935439390876235,2.6034876211432623e-15,2.6037516326031955e-15,0.0052335283782779865
1858,User_713,Unknown,71,0.017582961862308073,0.21576275714667378,0.005014135370940546,8.611080553579482e-12,0.0007493481050218993,3.514593760244319e-13,3.5145903376550284e-13,0.043460077858754574
1859,User_714,Unknown,14,0.003467062902426944,0.17835689045936395,1.0308293808502318e-06,7.156697094706807e-14,0.00025073318996728995,2.5776275439419455e-15,2.5777820012622834e-15,0.005777570702883302
1860,User_715,Unknown,10,0.0024764735017335313,0.17833325972706796,2.6204541396450023e-08,2.1904474597367634e-13,0.0001251899381135258,7.86914289886936e-15,7.869090199908035e-15,0.0028497017238162973
1861,User_716,Unknown,12,0.0029717682020802376,0.1783490128527892,6.480036116743527e-07,1.5528914508656983e-13,0.0001537992332718468,5.548335602448694e-15,5.548141451912485e-15,0.0036712370567401815
1862,User_717,Unknown,4,0.0009905894006934125,0.17827814569536424,0.0,1.171884378755873e-13,0.00011886629681776898,4.3253670777938085e-15,4.3267496201429925e-15,0.001881412545203026
1863,User_718,Unknown,30,0.007429420505200594,0.17849091632409494,3.8029588772559345e-06,6.084223095015952e-13,0.0003143463650612197,2.2057885675280537e-14,2.2057295446601864e-14,0.009235795867833236
1864,User_719,Unknown,64,0.0158494304110946,0.21568208524730265,0.0032830230430358582,8.66358601801947e-12,0.0006364112720868539,3.5342172743616505e-13,3.534215696827314e-13,0.039816194500054206
1865,User_720,Unknown,18,0.004457652303120356,0.178404170716621,2.3472587295300343e-06,3.3093993805396465e-13,0.00022613139924444484,1.2026993869505159e-14,1.2026636659668134e-14,0.005885221450278771
1866,User_721,Unknown,5,0.0012382367508667657,0.17829388908512894,6.464756192479064e-08,1.8669865015439069e-13,9.065885759425399e-05,6.837608101992373e-15,6.837548391227826e-15,0.0014941580272721932
1867,User_722,Unknown,14,0.003467062902426944,0.17835689045936395,6.101076037998104e-07,2.801942140654151e-13,0.00016835825134722633,1.0107736261388168e-14,1.010767859433694e-14,0.004223536310375794
1868,User_723,Unknown,12,0.0029717682020802376,0.1783490128527892,2.083860554492829e-07,2.723578534143244e-13,0.0001483252414651305,9.860051528846894e-15,9.860420214237592e-15,0.0035678457442938614
1869,User_724,Unknown,47,0.011639425458147598,0.17864094850468942,1.1843198596679473e-05,7.984438365254064e-13,0.00047502707113169455,2.87072971350816e-14,2.8707471308691085e-14,0.014671616455703118
1870,User_725,Unknown,8,0.001981178801386825,0.17830963525567428,5.258091585123743e-08,6.862405137580091e-14,0.00015541984572901258,2.4835530020535013e-15,2.483674232572133e-15,0.0031342982030014015
1871,User_726,Unknown,36,0.008915304606240713,0.17854616200919704,3.2697255191047802e-06,6.62182464808976e-13,0.00035902417873719865,2.3770555392781453e-14,2.3770559223413388e-14,0.01092749329161236
1872,User_727,Unknown,26,0.0064388311045071814,0.1784672500662954,3.2765328668351413e-06,4.957351744421974e-13,0.0002883139744806027,1.7875894521714194e-14,1.7875959247786755e-14,0.008185209983397577
1873,User_728,Unknown,38,0.009410599306587419,0.17863304578633046,8.500214983956764e-06,7.509815454970203e-13,0.0003922922410538678,2.721400124057854e-14,2.7213390662925847e-14,0.011874385944451022
1874,User_729,Unknown,13,0.0032194155522535907,0.2150961487242316,1.8056133583730603e-05,8.148571189791261e-12,0.00023866272420467564,3.355312878999249e-13,3.355309870973444e-13,0.0240663869252308
1875,User_730,Unknown,15,0.003714710252600297,0.17838840784590917,6.015649833766697e-07,3.2410228699724394e-13,0.0001804176582358367,1.1815119630306802e-14,1.1814748729565933e-14,0.004603854822494889
1876,User_731,Unknown,26,0.0064388311045071814,0.17847513812154697,6.628935938329876e-07,6.750146704852434e-13,0.00026490635006395295,2.4467794734520163e-14,2.4467680064040202e-14,0.0077468786592319585
1877,User_732,Unknown,14,0.003467062902426944,0.17835689045936395,1.1023978496477491e-06,7.149782879417494e-14,0.0002584836711004555,2.5756873066181812e-15,2.575719356983839e-15,0.005923795971436395
1878,User_733,Unknown,8,0.001981178801386825,0.17830963525567428,4.48982598129733e-07,1.3064549555777385e-13,0.0001342103410712805,4.752551527504948e-15,4.752635290919003e-15,0.0027343229252017502
1879,User_734,Unknown,23,0.005695889053987122,0.1784357048166151,3.721520866331782e-06,3.5844837872197295e-13,0.0002670651666749726,1.28996741619652e-14,1.2899736352971641e-14,0.007357986822230715
1880,User_735,Unknown,5,0.0012382367508667657,0.17838052745505145,1.9084925012671366e-08,2.9900761448558647e-13,9.072157394557107e-05,1.1023093798946826e-14,1.1023264188050557e-14,0.0015393038681128367
1881,User_736,Unknown,14,0.003467062902426944,0.17835689045936395,2.008444927417683e-06,1.3847385935263186e-13,0.00023399079151097585,5.006957922664227e-15,5.0068997757031656e-15,0.005462035085104116
1882,User_737,Unknown,16,0.00396235760277365,0.17838052745505145,5.479588631586507e-07,4.0828535432974167e-13,0.00018081579223842555,1.4785791174750642e-14,1.4786057934658814e-14,0.0047441856075218026
1883,User_738,Unknown,25,0.006191183754333828,0.17845936270826887,1.9045374438599344e-06,3.769766137047209e-13,0.0002697795026196403,1.3493775830447497e-14,1.3493766059410771e-14,0.007694330561862175
1884,User_739,Unknown,29,0.007181773155027241,0.17849091632409494,5.397070958521844e-06,6.10601491287245e-13,0.00032244550570040753,2.2139699847367946e-14,2.2139496645078128e-14,0.009252214506207406
1885,User_740,Unknown,8,0.001981178801386825,0.17830963525567428,5.156262874155428e-07,8.71984928331216e-14,0.0001319862404492589,3.081649929618967e-15,3.081530508950759e-15,0.0026923876152449423
1886,User_741,Unknown,17,0.004210004952947003,0.17838840784590917,1.0128572066754432e-06,4.0355194923680926e-13,0.0001956739888488296,1.4644305286959204e-14,1.464409650392391e-14,0.005165443072121468
1887,User_742,Unknown,12,0.0029717682020802376,0.17834113594205458,1.3072199913015972e-06,1.3802053725824958e-13,0.00019028483420791692,4.9882448025224166e-15,4.988378365594091e-15,0.004355694110614046
1888,User_743,Unknown,3,0.0007429420505200594,0.17827027504304446,0.0,6.607729482111815e-14,7.8256492880369e-05,2.4025500391310073e-15,2.402460299770473e-15,0.0009745235204257802
1889,User_744,Unknown,2,0.0004952947003467063,0.17826240508564364,0.0,6.787856477233484e-14,5.863381367955621e-05,2.460811355324433e-15,2.4606284087324514e-15,0.00046353303233235497
1890,User_745,Unknown,57,0.014115898959881128,0.21560147365048854,0.003636010284272423,8.359591414574367e-12,0.0005782875690103558,3.4224748022402426e-13,3.422473836308569e-13,0.037825927936099665
1891,User_746,Unknown,9,0.002228826151560178,0.17831750938396998,3.2030541239378797e-07,1.2855208320084025e-13,0.00016347261246927856,4.6883373395516174e-15,4.688206119847533e-15,0.003427117192986193
1892,User_747,Unknown,57,0.014115898959881128,0.21560147365048854,0.0027149094880159017,8.878193932160687e-12,0.0005902483454317872,3.617510475332062e-13,3.617503588800942e-13,0.03777771277400719
1893,User_748,Unknown,19,0.0047052996532937095,0.17841205319665973,1.4232657537643354e-06,3.9674485459666125e-13,0.00021821946412236981,1.442028922222383e-14,1.4419721435038276e-14,0.005876534482486775
1894,User_749,Unknown,2,0.0004952947003467063,0.17826240508564364,0.0,6.433195225727748e-14,7.387506180633572e-05,2.345867281275135e-15,2.3458318368744362e-15,0.000751041803899157
1895,User_750,Unknown,2,0.0004952947003467063,0.17826240508564364,0.0,6.638012688883885e-14,5.8299032146832226e-05,2.4109925517456653e-15,2.41093563595712e-15,0.0004572177603487704
1896,User_751,Unknown,12,0.0029717682020802376,0.1783490128527892,1.5369848640026295e-07,3.270363744561293e-13,0.00014489193227648913,1.1892146255004842e-14,1.1892218422059336e-14,0.0035030640219303566
1897,User_752,Unknown,38,0.009410599306587419,0.17856195277261874,2.51374559449694e-06,8.363094362770372e-13,0.0003724658279469873,3.020689331711702e-14,3.020696667243327e-14,0.011462517768068973
1898,User_753,Unknown,13,0.0032194155522535907,0.2150961487242316,6.891401974153749e-06,8.173400473274778e-12,0.00019770838056045012,3.3632153065999737e-13,3.363213462772248e-13,0.023290510664341058
1899,User_754,Unknown,30,0.007429420505200594,0.17849880647157634,2.5000401930196742e-06,6.308369860289734e-13,0.0003079365075515379,2.2779854652975998e-14,2.2779570218686042e-14,0.00911849877598166
1900,User_755,Unknown,19,0.0047052996532937095,0.17841205319665973,1.2681876832144682e-06,2.882505948344582e-13,0.00021764452053844069,1.0374920861819934e-14,1.0374635886374063e-14,0.005865642722408511
1901,User_756,Unknown,10,0.0024764735017335313,0.17833325972706796,1.6789378547499288e-07,2.144839063085113e-13,0.00012929742924065797,7.726095559114319e-15,7.726097747146194e-15,0.002927226985514062
1902,User_757,Unknown,4,0.0009905894006934125,0.17827814569536424,1.8403320547933104e-07,6.898641081963435e-14,0.00012068952298828947,2.4957416654268052e-15,2.4956501470186254e-15,0.0019158603410910076
1903,User_758,Unknown,20,0.004952947003467063,0.17841205319665973,1.0272082053996305e-06,2.930702147089432e-13,0.0002255508126947542,1.0529479222529368e-14,1.0529128940633138e-14,0.006151550612112386
1904,User_759,Unknown,10,0.0024764735017335313,0.17833325972706796,4.060133586600776e-07,2.6862802224208316e-13,0.00013047996826319748,9.744149153447722e-15,9.744403916688749e-15,0.0029496050288206344
1905,User_760,Unknown,30,0.007429420505200594,0.17850669731665267,1.2546877630899289e-06,7.4513725638895e-13,0.0003022324839632553,2.7000957495455262e-14,2.7000991981443827e-14,0.009014533905169807
1906,User_761,Unknown,8,0.001981178801386825,0.17831750938396998,7.805210259381822e-08,2.591075505276894e-13,0.00011148410232564486,9.444258164349396e-15,9.444212321572317e-15,0.002309504848899434
1907,User_762,Unknown,13,0.0032194155522535907,0.17835689045936395,1.582782939188638e-07,3.899504466700908e-13,0.0001541890168637172,1.4199896780992898e-14,1.4199782174434468e-14,0.0038192791827294874
1908,User_763,Unknown,14,0.003467062902426944,0.17842782024656445,1.5018289984012168e-06,2.648825704936348e-13,0.000178202002843072,9.631739653818306e-15,9.631549139446293e-15,0.00444549544495802
1909,User_764,Unknown,28,0.006934125804853888,0.17847513812154697,2.353344622940602e-06,5.004689703340806e-13,0.0002949585788674883,1.8034990975346258e-14,1.8034466943114527e-14,0.008587954952320105
1910,User_765,Unknown,14,0.003467062902426944,0.17845147604737494,5.872765714032175e-07,3.9274256556854403e-13,0.00016881379689884815,1.4311467483794514e-14,1.4311332859025294e-14,0.0042801330708938014
1911,User_766,Unknown,35,0.00866765725606736,0.17853826767475792,4.162131613864082e-06,7.057830536489708e-13,0.0003550284354461192,2.5456113821060313e-14,2.545618323441306e-14,0.010711540072875487
1912,User_767,Unknown,8,0.001981178801386825,0.17830963525567428,2.588149524677577e-07,6.778746896363495e-14,0.00015493127555913763,2.456222650951613e-15,2.456334164063959e-15,0.0031251431966926833
1913,User_768,Unknown,14,0.003467062902426944,0.17835689045936395,2.0740737001653388e-06,1.3208810469865594e-13,0.00023205142330328207,4.800811317454191e-15,4.800796468229363e-15,0.005425470625952604
1914,User_769,Unknown,15,0.003714710252600297,0.2151190666453572,9.889264881986636e-05,8.228749754220355e-12,0.00022346307557199457,3.383743523125633e-13,3.3837439691059675e-13,0.024089000902856223
1915,User_770,Unknown,27,0.006686478454680535,0.1784672500662954,7.123918505833878e-06,3.6346376332086367e-13,0.000320203624699157,1.3070445065557667e-14,1.3070297058993306e-14,0.008924752046009964
1916,User_771,Unknown,15,0.003714710252600297,0.1783647687618711,2.5468150824945205e-06,8.328084592327656e-14,0.0002563778693189256,2.95435221814085e-15,2.955097227724612e-15,0.006025337093766177
1917,User_772,Unknown,18,0.004457652303120356,0.215153452685422,0.0004722469044600366,8.006851309855818e-12,0.00021072001671788805,3.2981980108681075e-13,3.2981978559000895e-13,0.024387578018430837
1918,User_773,Unknown,36,0.008915304606240713,0.17854616200919704,3.816720392684145e-06,6.609951557518351e-13,0.0003589534102228262,2.3737193555815963e-14,2.3737181059491457e-14,0.010926320944830306
1919,User_774,Unknown,37,0.009162951956414065,0.2153714864792789,0.0009874339755305424,8.612630500587385e-12,0.00039380345803662244,3.5209176798208536e-13,3.5209146141008857e-13,0.03070496376023783
1920,User_775,Unknown,2,0.0004952947003467063,0.17826240508564364,0.0,6.433195225727748e-14,7.387506180633572e-05,2.345867281275135e-15,2.34601627489858e-15,0.0007510418038991614
1921,User_776,Unknown,9,0.002228826151560178,0.21505032752835918,3.216513191562186e-05,7.91090885337738e-12,0.00024016164913941368,3.267474758631249e-13,3.2674742006139234e-13,0.023528253499648908
1922,User_777,Unknown,18,0.004457652303120356,0.17839628893306825,1.5535248958258101e-06,2.985749088262318e-13,0.00020693526456509503,1.0703486632550726e-14,1.0703445913618984e-14,0.005518871603572302
1923,User_778,Unknown,16,0.00396235760277365,0.17838052745505145,6.03859566521064e-07,3.4510372979382037e-13,0.00018423934117518735,1.2476068716076033e-14,1.2475855406756321e-14,0.004808783574496733
1924,User_779,Unknown,18,0.004457652303120356,0.17839628893306825,7.064532372962823e-07,3.5002975685667653e-13,0.00020233090124891488,1.2644714726012064e-14,1.2644373156476949e-14,0.005431763705696965
1925,User_780,Unknown,34,0.008420009905894007,0.17853037403837652,3.190068611827844e-06,7.580483959518634e-13,0.0003416743602195736,2.7428670029266597e-14,2.7428401952534344e-14,0.010318498641360821
1926,User_781,Unknown,52,0.012877662209014363,0.17868047258728262,1.349546468700517e-05,9.693579313509498e-13,0.0005096793625708576,3.503675400338225e-14,3.5036405798730715e-14,0.016030027187379788
1927,User_782,Unknown,13,0.0032194155522535907,0.17841205319665973,3.655702814413418e-06,1.883231166284263e-13,0.00022229653466845575,6.8907625544974825e-15,6.8907124921427e-15,0.005133089407042292
1928,User_783,Unknown,18,0.004457652303120356,0.17839628893306825,6.868396033645463e-07,1.8273786818105569e-13,0.0002051164738633155,6.4298489130374335e-15,6.4295376489023864e-15,0.005484304526002577
1929,User_784,Unknown,40,0.009905894006934125,0.17857774632938264,7.689025838347856e-06,5.993810466088319e-13,0.0004156685145149589,2.147244602542034e-14,2.1473022512748097e-14,0.012560715057346026
1930,User_785,Unknown,3,0.0007429420505200594,0.17827027504304446,0.0,6.765646402148962e-14,7.294934614144492e-05,2.4524936606921804e-15,2.4527007586702586e-15,0.0008744102471081707
1931,User_786,Unknown,9,0.002228826151560178,0.17831750938396998,4.226921402041143e-07,7.897432995682997e-14,0.00015083616867942655,2.8139744696318168e-15,2.8139800873866237e-15,0.003188775525090093
1932,User_787,Unknown,29,0.007181773155027241,0.178483026874116,3.1670114239416596e-06,4.791516596874982e-13,0.00031225162601415473,1.734171277704854e-14,1.7341251750032118e-14,0.009055251029115464
1933,User_788,Unknown,4,0.0009905894006934125,0.17827814569536424,6.543402861487326e-08,6.581885675136899e-14,9.374982938036247e-05,2.393335255376354e-15,2.3933010873357444e-15,0.0014076384718838182
1934,User_789,Unknown,13,0.0032194155522535907,0.1783490128527892,1.1008398965854903e-06,7.238989821466017e-14,0.00023030911742863598,2.6045436031175306e-15,2.6047170302454103e-15,0.005251479774414716
1935,User_790,Unknown,4,0.0009905894006934125,0.17827814569536424,4.089626788429578e-08,1.2393537816191822e-13,8.614121464413907e-05,4.539485887567593e-15,4.539415214821127e-15,0.0012641033335180091
1936,User_791,Unknown,7,0.001733531451213472,0.17830176182275798,6.884205093856457e-08,6.816967393064504e-14,0.0001395758493779784,2.468872243661808e-15,2.4690130014400507e-15,0.002694591329621576
1937,User_792,Unknown,23,0.005695889053987122,0.1784357048166151,1.8593131606620425e-06,5.881938497791263e-13,0.0002518496171674534,2.1417081081138816e-14,2.1416775895782322e-14,0.0070704091956189565
1938,User_793,Unknown,20,0.004952947003467063,0.17841205319665973,1.6387674673212245e-06,2.265449512046807e-13,0.00023347478273606158,8.112974423656691e-15,8.112840924315496e-15,0.0063012090892075314
1939,User_794,Unknown,14,0.003467062902426944,0.17835689045936395,3.188481732989844e-07,2.7708904146033997e-13,0.00016634708735091498,1.0007171948760308e-14,1.0007038251402703e-14,0.00418551140331798
1940,User_795,Unknown,18,0.004457652303120356,0.17838840784590917,2.03518035622874e-06,1.74950763528091e-13,0.00021521515650726452,6.167374210248593e-15,6.167368574898766e-15,0.0056712052017404094
1941,User_796,Unknown,7,0.001733531451213472,0.17830176182275798,2.3719835372891551e-07,7.077572519825513e-14,0.0001355552069829838,2.5514403641859486e-15,2.5512851046121895e-15,0.002618796546218254
1942,User_797,Unknown,26,0.0064388311045071814,0.17847513812154697,2.9876533208799803e-06,3.642413649154215e-13,0.0002861477891313248,1.3102621152481497e-14,1.3102198643637408e-14,0.00814826533876119
1943,User_798,Unknown,7,0.001733531451213472,0.21502742425049257,0.0007421234029062648,7.606160192943813e-12,0.00016219844547957918,3.1526384158584506e-13,3.15263893904349e-13,0.021983337785517313
1944,User_799,Unknown,12,0.0029717682020802376,0.17834113594205458,1.188288864210806e-06,2.0738068067204706e-13,0.00015999502323184685,7.498029790732343e-15,7.497902433112391e-15,0.0037842759977816725
1945,User_800,Unknown,37,0.009162951956414065,0.2153714864792789,0.0010680100077597274,8.565159525694461e-12,0.0003997707224810372,3.5028373531483816e-13,3.5028339983874077e-13,0.03084148450791443
1946,User_801,Unknown,1,0.00024764735017335313,0.1782545358230698,0.0,6.385265348738538e-14,4.824296234898489e-05,2.3304975112792823e-15,2.330416092044549e-15,0.00012669080581041982
1947,User_802,Unknown,5,0.0012382367508667657,0.17828601704269503,0.0,6.715200126925854e-14,0.00010817657238652444,2.4365036827610946e-15,2.4366446218340228e-15,0.0018205947988976993
1948,User_803,Unknown,20,0.004952947003467063,0.2151763828199936,0.001266962008743837,7.763408623668121e-12,0.0002491135902866921,3.2087831680828795e-13,3.2087825796787677e-13,0.025633408031697634
1949,User_804,Unknown,16,0.00396235760277365,0.2151305274374001,0.000362109577389561,8.160395640558297e-12,0.0002702464954401254,3.3591113394003545e-13,3.3591111128267117e-13,0.025192424364025585
1950,User_805,Unknown,66,0.016344725111441305,0.21570512820512822,0.0030524125385010745,8.671052747918849e-12,0.0006551597865718869,3.536684242716928e-13,3.536680634480772e-13,0.040386672714635405
1951,User_806,Unknown,15,0.003714710252600297,0.1783647687618711,1.79617382268491e-06,7.290496984382166e-14,0.00027089508312308003,2.620933500146249e-15,2.6205931038325128e-15,0.006298964618913726
1952,User_807,Unknown,20,0.004952947003467063,0.17849091632409494,1.033676491080458e-06,5.833182527527934e-13,0.00022339496833599038,2.1275152815557552e-14,2.1274546106451108e-14,0.0061509147091205535
1953,User_808,Unknown,9,0.002228826151560178,0.17831750938396998,4.5727017230676425e-08,8.706456933938739e-14,0.00012460971190508227,3.0718453593597684e-15,3.072099626887156e-15,0.002693931244002768
1954,User_809,Unknown,18,0.004457652303120356,0.17839628893306825,4.855921505185494e-07,2.339316489041857e-13,0.00020648710604004658,8.350924905760735e-15,8.350625004479412e-15,0.005510100109225857
1955,User_810,Unknown,32,0.0079247152055473,0.21531406633251574,0.0010874803726415657,8.233264331097565e-12,0.00033093449108307895,3.379258544063286e-13,3.379260127207575e-13,0.02883542866704335
1956,User_811,Unknown,9,0.002228826151560178,0.21505032752835918,2.5684157270811934e-06,7.941064857470063e-12,0.00014789948983515413,3.2772531326511135e-13,3.2772527884320654e-13,0.021779033989753966
1957,User_812,Unknown,8,0.001981178801386825,0.17831750938396998,9.927524768882624e-08,1.5481347999090975e-13,0.00011057147722717754,5.528814553871626e-15,5.528686068904004e-15,0.00229229552603127
1958,User_813,Unknown,10,0.0024764735017335313,0.17832538420773714,7.354924133268282e-07,1.9173509803620658e-13,0.00014949743768534644,6.991663577580639e-15,6.9916595556121196e-15,0.003304448370327129
1959,User_814,Unknown,26,0.0064388311045071814,0.17847513812154697,1.8847598247631471e-06,6.542651687446825e-13,0.0002746124735796119,2.3809078081100386e-14,2.3808945056984468e-14,0.007930336873338734
1960,User_815,Unknown,39,0.009658246656760773,0.1786488519223112,7.001474444535795e-06,9.410655032080818e-13,0.00038990801544220547,3.4148507391916014e-14,3.414814536620868e-14,0.01197382397100612
1961,User_816,Unknown,9,0.002228826151560178,0.17831750938396998,3.1606972750577164e-07,1.2817918621597997e-13,0.0001609621512901377,4.6759511139439854e-15,4.675934783916374e-15,0.003379758945391538
1962,User_817,Unknown,24,0.005943536404160475,0.17844359008352115,2.456916205379412e-06,5.782288611881165e-13,0.0002643575731007844,2.1084167811139572e-14,2.1083804646489126e-14,0.007447373976868841
1963,User_818,Unknown,16,0.00396235760277365,0.17838840784590917,3.180361312893442e-06,2.4731341088057896e-13,0.00026360877665179455,9.061535803486913e-15,9.061230286868515e-15,0.006310763452200966
1964,User_819,Unknown,37,0.009162951956414065,0.2153714864792789,0.0010102653314015934,8.515614788405828e-12,0.00039370517304090024,3.4842188045289184e-13,3.4842152756676407e-13,0.030709897445715263
1965,User_820,Unknown,38,0.009410599306587419,0.1785698492017866,7.94125667879299e-06,7.529253677971854e-13,0.00038709801952751556,2.7253031489042887e-14,2.72526503531364e-14,0.01174415907789479
1966,User_821,Unknown,9,0.002228826151560178,0.17831750938396998,1.9738463411214524e-07,1.0083863522481264e-13,0.00011942420462194886,3.511883066515833e-15,3.511897070966762e-15,0.0025961576479227944
1967,User_822,Unknown,15,0.003714710252600297,0.1783647687618711,2.249878966034615e-06,7.554664113638254e-14,0.0002607052913161343,2.704481050518155e-15,2.7045257365679125e-15,0.006106880698092247
1968,User_823,Unknown,56,0.013868251609707775,0.2155899626268019,0.0018850652276876346,8.760188571619334e-12,0.0005562507770790357,3.5711070329552414e-13,3.5710984785341824e-13,0.036746997063158766
1969,User_824,Unknown,58,0.014363546310054482,0.17872792457840925,1.551696991185276e-05,1.0121688994429198e-12,0.0005647556972768505,3.642321578799221e-14,3.642287321478131e-14,0.01791468441554629
1970,User_825,Unknown,6,0.0014858841010401188,0.21501597444089457,9.278015927588987e-06,7.762879103325892e-12,0.00014188736043326233,3.2115125128928853e-13,3.211510032392736e-13,0.02123967063953625
1971,User_826,Unknown,11,0.0027241208519068845,0.17834113594205458,2.9072752907933617e-07,2.1482488644057003e-13,0.00013853104507492953,7.729831031455262e-15,7.729918695485713e-15,0.0032422793307681644
1972,User_827,Unknown,45,0.01114413075780089,0.17862514376714148,8.937403323104328e-06,9.99086004419592e-13,0.0004461848131914373,3.627962226589733e-14,3.627955773127986e-14,0.013844981320660707
1973,User_828,Unknown,79,0.0195641406636949,0.21585502752980168,0.003963160617465886,8.879035258921367e-12,0.0007886905420662137,3.6120556454033847e-13,3.6120489802152546e-13,0.04503130100796583
1974,User_829,Unknown,34,0.008420009905894007,0.17852248109996022,8.70126608897001e-06,4.641132762159103e-13,0.0003734261340169751,1.6563488652095204e-14,1.6563665764565486e-14,0.010915091791386106
1975,User_830,Unknown,55,0.013620604259534423,0.2155784528322033,0.0023714692768971855,8.543546463599312e-12,0.00054769440867349,3.4902571290772025e-13,3.4902560940420075e-13,0.036587519417761324
1976,User_831,Unknown,15,0.003714710252600297,0.17837264776040287,9.139728275586405e-07,3.4080231126229334e-13,0.00017802480737639584,1.2340147572439558e-14,1.2340273674746944e-14,0.004550809718339375
1977,User_832,Unknown,4,0.0009905894006934125,0.17828601704269503,4.907552146115494e-08,1.1981675632669062e-13,8.776833863351154e-05,4.408690015498005e-15,4.4081309410077335e-15,0.0012987949801120029
1978,User_833,Unknown,15,0.003714710252600297,0.1783647687618711,2.8782209104569028e-06,1.3228285206471324e-13,0.0002711297725554689,4.8083414906151964e-15,4.808740510390234e-15,0.006303713458324793
1979,User_834,Unknown,43,0.010648836057454186,0.17860144190366667,3.880876624653014e-06,8.584468010906586e-13,0.00041640478486468013,3.0918248206861104e-14,3.0918582192250987e-14,0.012996008346133127
1980,User_835,Unknown,20,0.004952947003467063,0.17841993637327677,1.367528012403211e-06,4.175714200098672e-13,0.00022215145948693547,1.5095792496309504e-14,1.5095396286591165e-14,0.0060915282458922715
1981,User_836,Unknown,12,0.0029717682020802376,0.17834113594205458,8.325555106611906e-07,1.028020097922227e-13,0.00015181630315973203,3.5745626683573894e-15,3.574154119396159e-15,0.0036298880077795916
1982,User_837,Unknown,13,0.0032194155522535907,0.17835689045936395,5.844655295445e-07,3.806725597869532e-13,0.00016037016560734282,1.3909952807798696e-14,1.3909767078893479e-14,0.003936006212203232
1983,User_838,Unknown,22,0.005448241703813769,0.17850669731665267,9.69026206335365e-07,6.494826285897229e-13,0.0002373578981520206,2.3677949519735062e-14,2.367759554253077e-14,0.006695973121119303
1984,User_839,Unknown,15,0.003714710252600297,0.1783647687618711,1.4941256727394682e-06,7.288912747068007e-14,0.00026379466165748957,2.620459959194969e-15,2.6203660944726413e-15,0.0061649334637643455
1985,User_840,Unknown,27,0.006686478454680535,0.21525667679513832,0.0006341458566766023,8.361843165891418e-12,0.0002931746469356321,3.4291397964794015e-13,3.429136456796294e-13,0.027275044960998012
1986,User_841,Unknown,2,0.0004952947003467063,0.17826240508564364,0.0,6.446054867536052e-14,6.224695657017691e-05,2.349475497923106e-15,2.349423964028406e-15,0.0005316908541339574
1987,User_842,Unknown,37,0.009162951956414065,0.17855405704178642,4.473145838533841e-06,6.488068588159166e-13,0.00037456699127888006,2.3340788334526525e-14,2.3340727938777663e-14,0.011361892248445396
1988,User_843,Unknown,13,0.0032194155522535907,0.1783647687618711,3.1244271522966934e-07,3.3390746439247124e-13,0.0001561083832007432,1.2126533636322512e-14,1.2126420909640964e-14,0.003859530579364184
1989,User_844,Unknown,14,0.003467062902426944,0.17837264776040287,1.517572597410007e-07,3.984482662973094e-13,0.00016310816974761448,1.446951071300421e-14,1.4469530407292628e-14,0.00413236140492879
1990,User_845,Unknown,23,0.005695889053987122,0.1784357048166151,1.5637141810521542e-06,5.910696561275791e-13,0.0002458883667128811,2.1497902409754053e-14,2.1497804488503098e-14,0.006957869120323583
1991,User_846,Unknown,6,0.0014858841010401188,0.17830176182275798,2.1858677809161944e-07,1.8904887989870512e-13,0.0001050457157247345,6.909181092468526e-15,6.909259376968137e-15,0.001906427896533362
1992,User_847,Unknown,27,0.006686478454680535,0.1784672500662954,1.3026153848814303e-06,5.620127714589557e-13,0.0002791550159479914,2.0273333358128996e-14,2.0273910357327176e-14,0.008148686173378241
1993,User_848,Unknown,21,0.005200594353640416,0.17842782024656445,3.4839767669524574e-06,5.801548840829819e-13,0.00025727251848951886,2.1159748912077602e-14,2.115957259852256e-14,0.0068955142818475645
1994,User_849,Unknown,30,0.007429420505200594,0.1785698492017866,6.921301640254419e-06,5.561237870384729e-13,0.00032228445824088826,2.0106220411300244e-14,2.0105948964191334e-14,0.009426531147501289
1995,User_850,Unknown,10,0.0024764735017335313,0.17832538420773714,1.254979877682729e-06,1.356876220944142e-13,0.0001601757264666694,4.917338107854761e-15,4.917140216169156e-15,0.0035060365579089787
1996,User_851,Unknown,4,0.0009905894006934125,0.17828601704269503,0.0,2.414761215010852e-13,7.482978352489187e-05,8.876790077290793e-15,8.876531759969344e-15,0.0010547092976845112
1997,User_852,Unknown,4,0.0009905894006934125,0.17827814569536424,0.0,1.171884378755873e-13,0.00011886629681776898,4.325376029993838e-15,4.325296016131644e-15,0.0018814125452029924
1998,User_853,Unknown,44,0.010896483407627538,0.17860934182590232,6.089780704591326e-06,7.934771854641918e-13,0.00043390650848773804,2.854645409359555e-14,2.854652207753261e-14,0.013467661337664662
1999,User_854,Unknown,3,0.0007429420505200594,0.17827027504304446,0.0,7.146886532607798e-14,6.644634946949033e-05,2.5728330806109537e-15,2.572983886838155e-15,0.0007517386280254556
2000,User_855,Unknown,4,0.0009905894006934125,0.17827814569536424,0.0,1.171884378755873e-13,0.00011886629681776898,4.325373874329378e-15,4.32564603986825e-15,0.0018814125452030004
2001,User_856,Unknown,39,0.009658246656760773,0.21539446311409827,0.0005001938127489917,9.199916575351585e-12,0.0005306093802557845,3.7437226126260055e-13,3.743718040446095e-13,0.033426131202561896
2002,User_890,Unknown,7,0.001733531451213472,0.21384313933167398,1.5212851801945558e-07,7.813093986049962e-12,0.00012727575782739151,3.2304509530170603e-13,3.2304514204243905e-13,0.020502849453838855
2003,User_857,Unknown,12,0.0029717682020802376,0.25420207743153916,0.00036879781631754457,1.4501967281585799e-09,0.00020528646062616568,5.252741505474634e-11,5.252741485529254e-11,0.043253797175463224
2004,User_858,Unknown,5,0.0012382367508667657,0.21339111134598107,0.0,7.760651266832316e-12,0.000157098410232756,3.2048675026790173e-13,3.2048680302411865e-13,0.020562259376273682
2005,User_859,Unknown,2,0.0004952947003467063,0.21335728627285216,0.0,7.530394657578216e-12,7.8540582147677e-05,3.1254905368323804e-13,3.1254909965776e-13,0.018652677379263762
2006,User_860,Unknown,2,0.0004952947003467063,0.31492746841366404,0.05782590687091168,4.6012116336824543e-08,6.056242375613192e-05,2.418726206370839e-09,2.418726206401238e-09,0.08706073131895123
2007,User_861,Unknown,10,0.0024764735017335313,0.21357169302374782,1.1567801487272234e-07,7.978902390589627e-12,0.00019157049039856186,3.2923662951971955e-13,3.292364780984571e-13,0.021988412484582272
2008,User_862,Unknown,24,0.005943536404160475,0.28182579564489113,0.0117477777650519,2.5474224461730457e-08,0.0002962245631139495,7.814569117860249e-10,7.814569114070315e-10,0.06401567438945925
2009,User_863,Unknown,11,0.0027241208519068845,0.21358298952713425,1.5131885214941722e-07,8.02990259710345e-12,0.00021367627369495162,3.31156458937217e-13,3.31155798029324e-13,0.02254799375936161
2010,User_864,Unknown,5,0.0012382367508667657,0.2134813639968279,1.3507831499921132e-07,7.696074111313537e-12,0.000135959145785886,3.187222447684006e-13,3.1872216131524756e-13,0.020209342276148106
2011,User_865,Unknown,4,0.0009905894006934125,0.23234938719143794,0.0,1.9992370143312739e-10,0.00010015949724507685,5.480487064442792e-12,5.480486812846768e-12,0.028974267220822903
2012,User_866,Unknown,5,0.0012382367508667657,0.21339111134598107,9.610622952809508e-08,7.688401865984502e-12,0.00016189265325952,3.1845761506520454e-13,3.184571657071527e-13,0.02065272587775584
2013,User_867,Unknown,8,0.001981178801386825,0.21342494714587737,1.4313693759503522e-07,7.847496147933751e-12,0.0002275421732658162,3.244312432707044e-13,3.2443116894919405e-13,0.022318826784435752
2014,User_868,Unknown,4,0.0009905894006934125,0.23234938719143794,0.0,1.9992370143312739e-10,0.00010015949724507685,5.480487064014574e-12,5.480486882378206e-12,0.028974267220822903
2015,User_869,Unknown,7,0.001733531451213472,0.21376389624139758,8.184499729325417e-08,7.819687643165032e-12,0.00012625706053714277,3.232650211370731e-13,3.232650272928398e-13,0.020443389412923944
2016,User_870,Unknown,7,0.001733531451213472,0.21341366735373396,2.2901910015205638e-07,7.864990952932455e-12,0.00021347710894849218,3.243973836828754e-13,3.2439733038681213e-13,0.021910969118267423
2017,User_871,Unknown,7,0.001733531451213472,0.2134813639968279,1.3332183330280424e-06,1.781613961542875e-11,0.00020081387660163993,6.43976686400805e-13,6.43976843988604e-13,0.02170678176416329
2018,User_872,Unknown,7,0.001733531451213472,0.21341366735373396,2.044813394214789e-08,7.795926288736389e-12,0.000200419559400853,3.2249360458716016e-13,3.224935911186014e-13,0.021664591323109918
2019,User_873,Unknown,6,0.0014858841010401188,0.21340238875383152,0.0,7.743628647444807e-12,0.0001749556755265201,3.2053165102571016e-13,3.205318469700432e-13,0.02104167691330463
2020,User_874,Unknown,7,0.001733531451213472,0.21341366735373396,2.044813394214789e-08,7.795926288736389e-12,0.000200419559400853,3.224936044065438e-13,3.2249362044599237e-13,0.02166459132310992
2021,User_875,Unknown,1,0.00024764735017335313,0.21334601363132033,0.0,7.476666932680109e-12,5.370337804663058e-05,3.105392201669465e-13,3.105392227848108e-13,0.01804159367256114
2022,User_876,Unknown,11,0.0027241208519068845,0.21358298952713425,1.5131885214941722e-07,8.02990259710345e-12,0.00021367627369495162,3.311564570817136e-13,3.3115609931472973e-13,0.022547993759361618
2023,User_877,Unknown,4,0.0009905894006934125,0.21337983512999367,0.0,7.637587883475717e-12,0.00012582699685543736,3.1655941753622967e-13,3.1655960969970574e-13,0.019829799831749612
2024,User_878,Unknown,10,0.0024764735017335313,0.21357169302374782,1.0092880779198134e-07,7.976745147845538e-12,0.00019611719537095522,3.2916639746426707e-13,3.2916630365438967e-13,0.022074176505929532
2025,User_879,Unknown,6,0.0014858841010401188,0.21340238875383152,1.2677843044131692e-07,7.811686584670002e-12,0.00018718225784695742,3.224113525586322e-13,3.22411421475218e-13,0.021272355142212658
2026,User_880,Unknown,8,0.001981178801386825,0.21436534480012742,5.388488443262983e-08,7.882904387634922e-12,0.00011619205229127679,3.255515527133292e-13,3.2555119771050906e-13,0.02069563864235856
2027,User_881,Unknown,7,0.001733531451213472,0.21341366735373396,1.513161911718944e-07,7.865353385863308e-12,0.00021254335020660554,3.2440946010215605e-13,3.24409529779831e-13,0.021893331723113384
2028,User_882,Unknown,8,0.001981178801386825,0.21354910360145962,6.587486389115641e-08,7.868551052786818e-12,0.00016282108079117744,3.2512378755150204e-13,3.251236212280799e-13,0.0211609341053228
2029,User_883,Unknown,1,0.00024764735017335313,0.21334601363132033,0.0,7.476666932680109e-12,5.370337804663058e-05,3.105392201669465e-13,3.1053916309642456e-13,0.01804159367256114
2030,User_884,Unknown,4,0.0009905894006934125,0.21337983512999367,3.067220091322184e-08,7.633761793303098e-12,0.00012161838787595394,3.1643074192366843e-13,3.1643070804312527e-13,0.019750418339753027
2031,User_885,Unknown,9,0.002228826151560178,0.21343622813045088,5.72547750380141e-07,7.898330174895933e-12,0.0002606820932913907,3.2634433149569983e-13,3.2634459147854793e-13,0.023086663660171845
2032,User_886,Unknown,8,0.001981178801386825,0.21345879367764445,1.533610045661092e-08,7.860139031759555e-12,0.00016749375988433173,3.2484708554730805e-13,3.248473161109995e-13,0.021203223906278493
2033,User_887,Unknown,6,0.0014858841010401188,0.21340238875383152,0.0,7.743628647444807e-12,0.0001749556755265201,3.2053165102571016e-13,3.205318786006421e-13,0.021041676913304632
2034,User_888,Unknown,9,0.002228826151560178,0.21356039771525281,0.0,7.923646503345445e-12,0.00017806638138138624,3.2717803012789007e-13,3.2717803076233316e-13,0.02159106880115007
2035,User_889,Unknown,13,0.0032194155522535907,0.21360558611933983,7.373039476915411e-07,8.137591077365808e-12,0.00024720298953926994,3.3518079652818797e-13,3.3518058761036043e-13,0.02346575362010812
2036,User_891,Unknown,1,0.00024764735017335313,0.21334601363132033,0.0,7.476666932680109e-12,5.370337804663058e-05,3.105392201669465e-13,3.1053922044535444e-13,0.01804159367256114
2037,User_892,Unknown,1,0.00024764735017335313,0.21334601363132033,0.0,7.476666932680109e-12,5.370337804663058e-05,3.105392201669465e-13,3.1053939024820106e-13,0.018041593672561144
2038,User_893,Unknown,4,0.0009905894006934125,0.21347007824064285,1.0440611408598948e-07,7.643641518295362e-12,0.00011452040576047755,3.1675650268704594e-13,3.1675644944059197e-13,0.019662350944554142
2039,User_894,Unknown,4,0.0009905894006934125,0.21337983512999367,2.4537760730577472e-08,7.63560967251254e-12,0.00013444297968227625,3.164839296670331e-13,3.1648407050623193e-13,0.01999233782097154
2040,User_895,Unknown,6,0.0014858841010401188,0.21340238875383152,9.610622952809509e-08,7.812570019724222e-12,0.00018532367740544227,3.2243600388174667e-13,3.2243597483927365e-13,0.021237286022094633
2041,User_3456,Unknown,51,0.01263001485884101,0.2783867631851086,0.001163388417804558,2.688470569156762e-08,0.00046884156629774243,8.185854441330091e-10,8.185854430424375e-10,0.0660741626124777
2042,User_3495,Unknown,56,0.013868251609707775,0.27848275862068966,0.00135385853178653,2.757409649287131e-08,0.0005510425149746679,8.370991232127544e-10,8.37099122796679e-10,0.06841432565218401
2043,User_3586,Unknown,44,0.010896483407627538,0.2398716882499703,1.3109294747192222e-05,4.67467604259736e-09,0.00043769062465288835,1.5120175367576652e-10,1.5120175325252258e-10,0.04463697695333846
2044,User_3621,Unknown,11,0.0027241208519068845,0.23940238335210767,1.7313284524714013e-06,2.3889730925441555e-09,0.00016182618774930268,1.0404813092625475e-10,1.0404813083193362e-10,0.03467590920727944
2045,User_3626,Unknown,8,0.001981178801386825,0.23935981031416717,1.1886208144371396e-06,8.342211808047561e-10,0.00015558170344406478,3.650523677883776e-11,3.6505236713710924e-11,0.0341258288454365
2046,User_3797,Unknown,43,0.010648836057454186,0.2782333080686281,0.00048779652720917815,2.7520493008084035e-08,0.0004157343625127385,8.35270547881813e-10,8.352705470348908e-10,0.06369892303113518
2047,User_3501,Unknown,50,0.012382367508667657,0.27834838353898117,0.0006098888191885145,2.7760010069370078e-08,0.0004578572974724064,8.412692586725177e-10,8.412692581782753e-10,0.06554608759184541
2048,User_3517,Unknown,17,0.004210004952947003,0.23947337207923142,7.16236115880568e-07,2.6969507840285384e-09,0.00018801004038952577,8.510888574808766e-11,8.510888559252627e-11,0.036026586386770275
2049,User_3550,Unknown,19,0.0047052996532937095,0.27775484936029715,0.0004387476348855604,2.4063299993035594e-08,0.0002189383239944291,7.440008932962413e-10,7.440008931723155e-10,0.05644506793360456
2050,User_3577,Unknown,52,0.012877662209014363,0.2783867631851086,0.0007607537698693046,2.779311694479326e-08,0.0004747224390734467,8.423979152937673e-10,8.423979149204265e-10,0.06620223484771252
2051,User_3592,Unknown,13,0.0032194155522535907,0.27764026402640263,0.0007464253992836607,2.3174668070441544e-08,0.00020983902370195484,7.20740779728361e-10,7.207407796027761e-10,0.05548570979579602
2052,User_3609,Unknown,27,0.006686478454680535,0.2779077770130764,0.00012693676711166108,2.6540449405579918e-08,0.0002647506295422498,8.087606020621941e-10,8.087606016262719e-10,0.05838888528026272
2053,User_3633,Unknown,65,0.016097077761267953,0.27863648909743305,0.001306106552732466,2.8139376986054945e-08,0.0005954971298687554,8.520231281066968e-10,8.520231272125639e-10,0.07054827458991679
2054,User_3677,Unknown,50,0.012382367508667657,0.27834838353898117,0.001141018400932358,2.7182840116961695e-08,0.0005047612263974337,8.404534007385808e-10,8.404534002789834e-10,0.06658877969019558
2055,User_3684,Unknown,67,0.01659237246161466,0.27867494824016564,0.0015851326523212638,2.7909884358771766e-08,0.0006289221516020389,8.467981035886501e-10,8.467981029847983e-10,0.07155494684262469
2056,User_3721,Unknown,30,0.007429420505200594,0.2779651683072899,0.00044442054579401405,2.59508685084501e-08,0.0003028421115120016,7.934639827260766e-10,7.934639824128573e-10,0.05964146338835978
2057,User_3779,Unknown,19,0.0047052996532937095,0.2395017793594306,5.1572778802887865e-06,1.9254012751838016e-09,0.0002458710544821075,7.90463981968855e-11,7.904639790624282e-11,0.037407479122964625
2058,User_3872,Unknown,14,0.003467062902426944,0.27765935501615896,0.0004344479908015552,2.374087932616228e-08,0.00019386850525857725,7.354986270978234e-10,7.354986273379994e-10,0.05523822203579026
2059,User_3948,Unknown,59,0.014611193660227836,0.2785211753345289,0.0011524701909062937,2.8029150950588238e-08,0.0005533685876100752,8.490226507052484e-10,8.490226505159996e-10,0.06882834198353162
2060,User_2678,Unknown,9,0.002228826151560178,0.28322929087465804,4.541194468486871e-07,1.2466663189748032e-07,0.00011399276211262303,5.464120967800931e-09,5.464120967865245e-09,0.0557458362662363
2061,User_2760,Unknown,11,0.0027241208519068845,0.2831895644855881,2.6377405795452153e-06,1.043125054143431e-07,0.00013495645819316645,4.816505500908121e-09,4.816505500691459e-09,0.05639538913594556
2062,User_2822,Unknown,14,0.003467062902426944,0.28628146047500885,8.049632523447416e-06,4.0709427197520604e-07,0.00015569486072143464,2.3695826839752583e-08,2.3695826839480222e-08,0.058769447776455055
2063,User_2883,Unknown,15,0.003714710252600297,0.2869528140989198,3.0188677646997983e-05,7.238045173015425e-07,0.00013988491150547419,4.249708623830375e-08,4.249708623791265e-08,0.058956750553555294
2064,User_2941,Unknown,11,0.0027241208519068845,0.2828919714165616,1.8011488353281533e-06,1.0104328206673487e-07,0.00012359603334063842,4.859331527682509e-09,4.859331527669777e-09,0.056029782361471804
2065,User_2968,Unknown,13,0.0032194155522535907,0.28664726343437213,1.976799149702337e-05,4.1275968370330804e-07,0.00013691644445511657,2.344748805221427e-08,2.3447488052079657e-08,0.058467534743906834
2066,User_3005,Unknown,43,0.010648836057454186,0.2838265270260772,4.0216243490435716e-05,1.187559902128583e-07,0.00030530597869593177,5.453305251532022e-09,5.453305251406615e-09,0.0643221374979118
2067,User_3057,Unknown,17,0.004210004952947003,0.28322929087465804,6.948906472275646e-06,1.364756345468126e-07,0.0001826813120843255,6.097527280904925e-09,6.097527280986553e-09,0.05813823636377794
2068,User_3136,Unknown,62,0.015354135710747894,0.2837268128161889,4.462544922876437e-05,1.0151131829326837e-07,0.00045710068288296274,4.93253607238989e-09,4.932536072237987e-09,0.06973610937830879
2069,User_3164,Unknown,10,0.0024764735017335313,0.2834678834678835,2.6092945634906583e-06,1.519906625637671e-07,0.00011985611386075944,6.504953511800401e-09,6.504953511665265e-09,0.05611511427025313
2070,User_3222,Unknown,15,0.003714710252600297,0.28646424517593644,1.3755309362354711e-05,6.97240451995985e-07,0.00016443912191097543,4.14772215910005e-08,4.147722159060811e-08,0.05916697459718978
2071,User_3245,Unknown,14,0.003467062902426944,0.28674904132935664,1.9488053261981282e-05,7.190465185774725e-07,0.00014591958389376805,4.227376454500006e-08,4.2273764545182635e-08,0.05882712064792428
2072,User_3248,Unknown,31,0.007677067855373947,0.28644392423919984,9.722192129310682e-05,3.7268982109100937e-07,0.0002763960332681128,2.201663167729287e-08,2.2016631677234638e-08,0.06348140058609543
2073,User_3263,Unknown,58,0.014363546310054482,0.28779131922172335,0.00029594541351545374,7.951158647156709e-07,0.00047689298607776304,4.551732614213344e-08,4.5517326140835633e-08,0.0717028557150233
2074,User_3278,Unknown,19,0.0047052996532937095,0.2870752168349211,1.9376519836993037e-05,7.630169282060459e-07,0.0001866508856252546,4.4276989504972105e-08,4.4276989504797854e-08,0.060445339891029355
2075,User_3328,Unknown,18,0.004457652303120356,0.2828523395909218,5.835819389484065e-06,7.120243313888168e-08,0.00016231132948307407,3.466926572844829e-09,3.4669265729255095e-09,0.05769892997048664
2076,User_3361,Unknown,14,0.003467062902426944,0.28628146047500885,1.3241347179355118e-05,4.002710279513617e-07,0.00015140056911702789,2.3307172618313978e-08,2.330717261813685e-08,0.05868995597863057
2077,User_3440,Unknown,26,0.0064388311045071814,0.27785040941305994,0.0005883593193608261,2.4982683363258157e-08,0.00027032751326495474,7.67861818958769e-10,7.678618189070221e-10,0.05846530740794
2078,User_3525,Unknown,36,0.008915304606240713,0.27804172691592643,0.0007339511102863629,2.6141447476366342e-08,0.00036278540744804895,7.989799362411248e-10,7.989799364014911e-10,0.061718180825149585
2079,User_3540,Unknown,34,0.008420009905894007,0.2780034423407917,0.0004874666209887374,2.5622525414886503e-08,0.0003299496619691915,7.850245177291788e-10,7.850245175834883e-10,0.060732385749618804
2080,User_3556,Unknown,13,0.0032194155522535907,0.27760208992162794,0.00036964250068887236,2.345178762927619e-08,0.00017014326093322434,7.276216265202537e-10,7.276216264188976e-10,0.05460550176191679
2081,User_3561,Unknown,14,0.003467062902426944,0.27762117566173944,0.0013256456671980614,2.2824151053344982e-08,0.00020203013943604308,7.11748114158621e-10,7.117481140921605e-10,0.05563775165493301
2082,User_3651,Unknown,32,0.0079247152055473,0.2779651683072899,0.0004340855451404997,2.5985574138555855e-08,0.000310397437685895,7.943283547657601e-10,7.943283547758526e-10,0.060054586206976894
2083,User_3674,Unknown,38,0.009410599306587419,0.2780800220370498,0.0007942668687504599,2.624871405218764e-08,0.00039011576147200477,8.016784192114936e-10,8.016784188497874e-10,0.06254477955560668
2084,User_3692,Unknown,38,0.009410599306587419,0.2780800220370498,0.0003577870252729536,2.70321713037139e-08,0.0003555148048198304,8.217340903120342e-10,8.217340899636495e-10,0.06176230940532521
2085,User_3741,Unknown,18,0.004457652303120356,0.2776975448731174,0.0001623928532104738,2.497841732712361e-08,0.0001884273247362456,7.675257466814629e-10,7.675257464673653e-10,0.055621432186918604
2086,User_3750,Unknown,29,0.007181773155027241,0.2779077770130764,0.0004639073587343004,2.571958145962869e-08,0.0002976845074523659,7.875992024084126e-10,7.875992021102662e-10,0.059383996552328046
2087,User_3756,Unknown,61,0.01510648836057454,0.2785211753345289,0.0018565256028295052,2.7667784896627786e-08,0.0005878095982168296,8.398283579893305e-10,8.398283575868512e-10,0.06996101848618722
2088,User_3830,Unknown,108,0.02674591381872214,0.27942702927133073,0.0064369414000541286,2.7878673061131714e-08,0.0011844348977671697,8.48552771437714e-10,8.485527709349601e-10,0.08946853035191135
2089,User_3851,Unknown,59,0.014611193660227836,0.27848275862068966,0.0011859063143681468,2.7864491267238582e-08,0.0005323195022033178,8.446440067718435e-10,8.446440064558959e-10,0.06842171529205766
2090,User_3877,Unknown,55,0.013620604259534423,0.27840595697738557,0.0016470165584351456,2.6798658736995043e-08,0.0004956352502773185,8.167899686580299e-10,8.167899683028941e-10,0.06728046431388719
2091,User_3886,Unknown,29,0.007181773155027241,0.2779077770130764,0.00042006720960527827,2.5852844337543933e-08,0.0002879151778568637,7.908144356892376e-10,7.908144357918638e-10,0.059186676039938525
2092,User_3943,Unknown,25,0.006191183754333828,0.27783129214256225,0.00029157181654752894,2.5381771973101316e-08,0.00023915951855306214,7.782009444715684e-10,7.782009441460227e-10,0.05764258544005212
2093,User_3962,Unknown,39,0.009658246656760773,0.278099173553719,0.0005373894449366216,2.6688450753736383e-08,0.0003671450598542872,8.128248181770088e-10,8.128248180831333e-10,0.0621816528087104
2094,User_2677,Unknown,15,0.003714710252600297,0.2853508585965656,2.2464755552725047e-05,3.738642670126756e-07,0.00016875172878858091,2.1112821561548008e-08,2.1112821561330174e-08,0.058684342938823124
2095,User_2826,Unknown,10,0.0024764735017335313,0.2855930405262041,1.000014848622165e-05,3.801952890150695e-07,0.00011923970710282352,2.1405080762079802e-08,2.1405080762128166e-08,0.057185418647319027
2096,User_2724,Unknown,70,0.01733531451213472,0.28440625440202844,8.066020555711479e-05,1.8570504630017849e-07,0.0005271676016145349,6.624071505913683e-09,6.624071504975024e-09,0.07250832499038219
2097,User_2752,Unknown,7,0.001733531451213472,0.2831498492391838,3.6246795974147097e-06,1.4000005242317524e-07,8.7093205990019e-05,4.6082397246037455e-09,4.608239724766439e-09,0.05492533634194818
2098,User_2775,Unknown,27,0.006686478454680535,0.28354750368653886,9.354962436830526e-06,1.5883881949942655e-07,0.00021257765192956646,5.321851984254743e-09,5.321851984069674e-09,0.06023279270904767
2099,User_2869,Unknown,70,0.01733531451213472,0.2878733870392814,0.00025790475902895713,4.7430141682246873e-07,0.0004016283691098523,2.4780508198831247e-08,2.4780508198418283e-08,0.07195400868904855
2100,User_2892,Unknown,29,0.007181773155027241,0.2835873305709671,1.5676681221971275e-05,1.5762476568605458e-07,0.00022117592305260088,5.256817239149675e-09,5.2568172384286945e-09,0.06069075207804864
2101,User_2962,Unknown,19,0.0047052996532937095,0.2833883079514352,1.3466332467661343e-05,1.4666028472384136e-07,0.00020866394149640313,4.864550739723714e-09,4.864550739856488e-09,0.058984651657508984
2102,User_3001,Unknown,35,0.00866765725606736,0.2837068783812267,2.2470353392781265e-05,1.6408712086900132e-07,0.00028990397435106873,5.586236309319764e-09,5.58623630903818e-09,0.06287097193292987
2103,User_3019,Unknown,70,0.01733531451213472,0.28490792351654554,0.00010782188300731468,2.1084459598493255e-07,0.0005000703150666239,7.490319405115118e-09,7.490319403873002e-09,0.07225995837031482
2104,User_3100,Unknown,34,0.008420009905894007,0.2871364573704046,9.328245765053627e-05,4.5335847984409784e-07,0.00024345413502045455,2.3598630890734947e-08,2.359863089029592e-08,0.06362104098464197
2105,User_3162,Unknown,57,0.014115898959881128,0.2841460840194216,4.619433699948054e-05,1.7412104950890252e-07,0.00042262260064623104,5.989580703484171e-09,5.989580703096331e-09,0.06861497812224439
2106,User_3168,Unknown,48,0.01188707280832095,0.28446636139485737,5.113766772168882e-05,1.9672841712585283e-07,0.0003635717502208224,6.778462940500377e-09,6.7784629397261305e-09,0.06643363229586585
2107,User_3233,Unknown,63,0.015601783060921248,0.2842661034846885,5.768045546127573e-05,1.780528765630156e-07,0.0004649527996579311,6.220249448840529e-09,6.220249448415229e-09,0.07029885864533586
2108,User_3295,Unknown,46,0.011391778107974244,0.28392631134861485,2.7637838109120807e-05,1.712730365369369e-07,0.0003545351094800859,5.864624240662919e-09,5.864624240082907e-09,0.06570830527126269
2109,User_3304,Unknown,35,0.00866765725606736,0.2837068783812267,4.505510501320578e-05,1.5596668326220958e-07,0.00019681613932700089,5.359782499642336e-09,5.359782499903731e-09,0.061121667710479104
2110,User_3331,Unknown,36,0.008915304606240713,0.2837268128161889,4.144916600883738e-05,1.6182830081633485e-07,0.0002804405752019491,5.5816421604475244e-09,5.5816421605265715e-09,0.06284504922372135
2111,User_3366,Unknown,62,0.015354135710747894,0.28424609320005634,5.3998640923055094e-05,1.7849779274101333e-07,0.0004443521620176842,6.253334125899137e-09,6.253334124980262e-09,0.06976216545611534
2112,User_3404,Unknown,18,0.004457652303120356,0.2833684210526316,1.7474674629940415e-05,1.451236105444001e-07,0.00015269865369779478,4.855423691380609e-09,4.855423691118731e-09,0.05778318861672372
2113,User_3406,Unknown,70,0.01733531451213472,0.28440625440202844,9.239796374663145e-05,1.8396473571070541e-07,0.00041299769557528727,6.7585715659426286e-09,6.7585715653992396e-09,0.07035813315157122
2114,User_3412,Unknown,45,0.01114413075780089,0.2839063488715461,2.6633840160449557e-05,1.6580942110476558e-07,0.0003377593012881833,5.674593915933005e-09,5.6745939152611696e-09,0.06524456423787361
2115,User_2813,Unknown,27,0.006686478454680535,0.2834678834678835,2.5929473257388785e-05,1.2374645564659466e-07,0.0002445245033764026,5.566520164770043e-09,5.566520164454738e-09,0.060799906090104605
2116,User_2971,Unknown,4,0.0009905894006934125,0.2827929126689544,1.586235221542507e-07,7.944811350679058e-08,6.82316855886028e-05,3.773495227437045e-09,3.773495227384275e-09,0.05397669056981914
2117,User_3034,Unknown,43,0.010648836057454186,0.28356741573033706,3.431494961221188e-05,1.0846461374935454e-07,0.0002986049671911537,5.182767382939441e-09,5.18276738276258e-09,0.06406242712804724
2118,User_3178,Unknown,25,0.006191183754333828,0.28320942628699675,1.7309235753338055e-05,8.835194965794589e-08,0.00021612304777027803,4.12369109134299e-09,4.1236910913159115e-09,0.05985660023298068
2119,User_3410,Unknown,16,0.00396235760277365,0.28303077030910495,5.117136654367739e-06,8.356909074481172e-08,0.00014652988410298023,3.925648283904386e-09,3.925648283045329e-09,0.057217953293314736
2120,User_3420,Unknown,23,0.005695889053987122,0.2831697054698457,9.592513808623383e-06,8.930365006955222e-08,0.0001963807244484542,4.1916763601874595e-09,4.191676358996707e-09,0.05918805987419042
2121,User_2976,Unknown,41,0.010153541357107478,0.28384647827920706,3.2639458688418543e-05,1.2296800434601275e-07,0.0002590986373968888,5.632545810263012e-09,5.632545810037823e-09,0.06318470505681059
2122,User_3011,Unknown,42,0.010401188707280832,0.2838664323374341,3.9994890817851664e-05,1.3276737772270111e-07,0.0003068005099080109,6.1259923991577835e-09,6.125992398806329e-09,0.06423373569920873
2123,User_3179,Unknown,68,0.016840019811788013,0.2840261658577759,4.554896958349748e-05,1.3941757099153633e-07,0.0003910342215479243,6.341814251686811e-09,6.341814251448758e-09,0.06946320313491881
2124,User_3289,Unknown,19,0.0047052996532937095,0.28632205913635395,3.8977717921186166e-05,3.721090069598751e-07,0.00015795726717489545,2.1887579190773583e-08,2.18875791909595e-08,0.05952597249637315
2125,User_1920,Unknown,123,0.030460624071322436,0.280904347826087,4.043243520536301e-05,0.006241985557741541,0.00036665221616317045,0.00040017284040488556,0.0004001728404048861,0.10297953902911217
2126,User_1941,Unknown,223,0.05522535908865775,0.2820620284995809,0.0017270958689600397,0.051681179576489135,0.0005334723030162657,0.0033136835110519776,0.0033136835110519794,0.32501576248487946
2127,User_1948,Unknown,108,0.02674591381872214,0.2806115357887422,6.051917170093192e-05,0.005506359255852282,0.00032666447326078945,0.0003530092636129804,0.0003530092636129804,0.09672570590550843
2128,User_1959,Unknown,120,0.029717682020802376,0.2800471599972259,0.0001063119872492194,0.006305306525355875,0.0003690319346958356,0.0004042432578319682,0.0004042432578319687,0.10248333744839075
2129,User_2028,Unknown,106,0.02625061911837543,0.28057254030016676,1.3389272218895995e-05,0.005281641725615615,0.00032664759744767586,0.00033860228013043677,0.00033860228013043704,0.09540853711128913
2130,User_2047,Unknown,205,0.050767706785537395,0.28170782754290496,0.0014761342550475064,0.007520078244794829,0.0008410291545974014,0.00048212110667934956,0.0004821211066793492,0.12972458849880975
2131,User_2053,Unknown,115,0.02847944526993561,0.2799500831946755,5.343875617899185e-05,0.005910439153728723,0.00034986437787729756,0.00037892443414715935,0.00037892443414715957,0.09959879347932625
2132,User_2065,Unknown,26,0.0064388311045071814,0.27767844863155,3.9515018890762405e-05,0.00426972104351549,0.00010364310554450125,0.0002737607495767866,0.0002737607495767868,0.07424998989250813
2133,User_2087,Unknown,156,0.03863298662704309,0.2815506902802956,0.00016040267853873694,0.0072056632832400115,0.0004760795534840445,0.0004619527163425435,0.00046195271634254324,0.114251551363194
2134,User_2125,Unknown,121,0.029965329370975728,0.2808652709188287,4.922050295376444e-05,0.0057135854974895775,0.00037046751122749136,0.00036629333542399594,0.00036629333542399566,0.10038704113730001
2135,User_2132,Unknown,94,0.023278850916295196,0.280338794779228,0.00021450536009867953,0.003911320287027614,0.00030464130638801037,0.0002507509052939779,0.0002507509052939782,0.08713749061955396
2136,User_2134,Unknown,85,0.021050024764735015,0.27936903279369035,2.893059294887518e-05,0.004409565929736341,0.00026982432495295907,0.00028269884662058723,0.0002826988466205879,0.08693998044939436
2137,User_2148,Unknown,90,0.02228826151560178,0.2802609661299278,3.819273223550934e-05,0.004879476209374287,0.00028236828676539086,0.00031282231038257596,0.00031282231038257645,0.09042684015940734
2138,User_2149,Unknown,128,0.0316988608221892,0.2810020876826722,6.423490697549011e-05,0.005536804436673502,0.0003959726253540606,0.0003549559856332154,0.0003549559856332157,0.10110570550927349
2139,User_2169,Unknown,109,0.02699356116889549,0.28063103759816527,3.034173452718708e-05,0.004884287101809489,0.00033624447399782263,0.0003131235182381566,0.00031312351823815704,0.09424982387319877
2140,User_2191,Unknown,88,0.021792966815255076,0.27942702927133073,1.816545467038379e-05,0.0053922103947474,0.0002714493693088476,0.0003457027256549792,0.0003457027256549799,0.09182140035430732
2141,User_2194,Unknown,109,0.02699356116889549,0.27983367983367985,4.300944634240134e-05,0.00561007631039725,0.0003331792265448047,0.00035966552641846736,0.000359665526418468,0.09705159002571646
2142,User_2196,Unknown,110,0.027241208519068846,0.28065054211843204,1.1695750121019069e-05,0.005557050295504536,0.0003328395897131374,0.0003562585495924428,0.0003562585495924432,0.09734881223969354
2143,User_2198,Unknown,55,0.013620604259534423,0.2795818043342796,1.0736216772172713e-05,0.0024055271766448864,0.0001901113680332948,0.0001542096150976779,0.00015420961509767802,0.07243182769960885
2144,User_2239,Unknown,44,0.010896483407627538,0.27936903279369035,3.245362798160907e-05,0.003211012619571686,0.00016000215351331343,0.00020586280828585065,0.00020586280828585076,0.07387571385975213
2145,User_2266,Unknown,234,0.05794947994056463,0.28170782754290496,0.0017078201895933834,0.08698327767886552,0.0004547583504373501,0.005577249346763373,0.005577249346763375,0.48343218069845534
2146,User_2282,Unknown,154,0.03813769192669638,0.28151143335192413,0.00020611900326276289,0.0064474432959672175,0.0004743788124140048,0.0004133396430119756,0.00041333964301197535,0.11053362091858032
2147,User_2285,Unknown,55,0.013620604259534423,0.2787903893951947,1.2526181298502346e-05,0.0031628009155096567,0.00018624657399484657,0.00020277055105494835,0.00020277055105494837,0.07535973316775788
2148,User_2293,Unknown,54,0.01337295690936107,0.2787711425612703,1.2285066035521884e-05,0.004462399131020126,0.0001784645311568458,0.0002860985054938752,0.0002860985054938757,0.08090412087811703
2149,User_2315,Unknown,73,0.018078256562654778,0.2791372874326006,6.193474354396995e-06,0.0043041432084809875,0.0002324715180331418,0.000275943668443406,0.0002759436684434066,0.08399557437949214
2150,User_2328,Unknown,166,0.04110946012877662,0.2817471392687692,0.00034403223047817905,0.00779208245769679,0.0005092577599624838,0.0004995547244016763,0.0004995547244016766,0.119034403267663
2151,User_2332,Unknown,103,0.025507677067855374,0.2797173732335827,3.285538275439398e-05,0.005210364450028319,0.00031694961502471596,0.0003340386895117358,0.0003340386895117362,0.09406693033575046
2152,User_2333,Unknown,160,0.0396235760277365,0.28162923699260706,0.0003108262531064662,0.007584333534486489,0.0004868477777117438,0.00048623622467332874,0.00048623622467332885,0.11678780295813139
2153,User_2338,Unknown,109,0.02699356116889549,0.27983367983367985,8.514587381701607e-06,0.005888247190120418,0.00032743875480096337,0.00037750070693117334,0.0003775007069311736,0.09818257549394983
2154,User_2347,Unknown,291,0.07206537890044576,0.2834081976417743,0.0031998747402823065,0.08032159723948953,0.0006288535706462458,0.0051500698407632725,0.005150069840763272,0.4658959360931451
2155,User_2351,Unknown,110,0.027241208519068846,0.2798530736710791,2.504612635297856e-05,0.006078813288111106,0.0003326956400474153,0.0003897193270943204,0.000389719327094321,0.09928936218317484
2156,User_2368,Unknown,79,0.0195641406636949,0.2800471599972259,0.0001537530116841223,0.0034613754823604364,0.00026928315413433403,0.0002219019926862041,0.00022190199268620468,0.08223072263575734
2157,User_2372,Unknown,105,0.026002971768202078,0.27975613135651933,3.387705054424894e-05,0.005016187100594428,0.00032590989352848166,0.00032158741171416273,0.0003215874117141632,0.09365730504541434
2158,User_2385,Unknown,57,0.014115898959881128,0.2788288910371496,6.778224414187379e-05,0.0037588669661718413,0.00020287881914990804,0.00024099112791724735,0.00024099112791724754,0.07866077235205224
2159,User_2399,Unknown,77,0.01906884596334819,0.2794657069693404,0.00014998397130089642,0.0033814222742478573,0.00026848326866774715,0.00021677804056844,0.00021677804056843985,0.08128666683561234
2160,User_2420,Unknown,81,0.020059435364041603,0.27929174159634806,7.80281447071091e-06,0.0055558670879648315,0.0002498809853902925,0.00035619906557877556,0.00035619906557877654,0.09112022507803531
2161,User_2496,Unknown,22,0.005448241703813769,0.27760208992162794,4.241646409288826e-08,0.0017938346047541094,9.602616578875355e-05,0.00011500769478009736,0.00011500769478009747,0.06238648548734357
2162,User_2501,Unknown,76,0.018821198613174838,0.27863648909743305,0.00014091281293992117,0.007218647396773369,0.0002508303383594226,0.00046282957260862495,0.0004628295726086252,0.09763097203947001
2163,User_2509,Unknown,134,0.03318474492322932,0.28111946532999166,0.00020090214995235043,0.005105974465309496,0.0004164805140554016,0.00032733325453264915,0.00032733325453264926,0.10047854243335633
2164,User_2512,Unknown,105,0.026002971768202078,0.28055304661988467,0.00044062998328727837,0.00896829406134025,0.00031885156956978423,0.0005749922206369196,0.0005749922206369202,0.11180278594149065
2165,User_2516,Unknown,88,0.021792966815255076,0.27942702927133073,1.7850011788320486e-05,0.004716771826297011,0.0002787503948934781,0.00030239636673713016,0.00030239636673712957,0.08892499960621882
2166,User_2530,Unknown,29,0.007181773155027241,0.2777357452369489,2.119955349450749e-05,0.003997699015140662,0.00011770912697292745,0.00025631752947399676,0.0002563175294739969,0.07372746179400536
2167,User_2542,Unknown,196,0.04853888063397721,0.28096298357918176,0.0013570237177650823,0.07899141782998471,0.0003699986694375626,0.00506482330135269,0.0050648233013526915,0.4402511866802232
2168,User_2555,Unknown,135,0.033432392273402674,0.2811390378054724,6.040512268316625e-05,0.006566784887528036,0.0004078040405366795,0.00042099442829747556,0.0004209944282974762,0.10698175058247494
2169,User_2567,Unknown,116,0.028727092620108963,0.27996949317063025,5.7283008878920453e-05,0.007297028471910515,0.0003473164473880169,0.0004678288746184182,0.00046782887461841886,0.10592713681348956
2170,User_2592,Unknown,125,0.03095591877166914,0.28014430414874425,7.177275173979149e-05,0.006554014527606091,0.0003772601838637637,0.00042018593705001435,0.0004201859370500148,0.1044787970194381
2171,User_2597,Unknown,105,0.026002971768202078,0.27975613135651933,6.696533485876145e-05,0.00655347293757406,0.00032540299102577156,0.00042015735613770396,0.0004201573561377047,0.10056323765024064
2172,User_2608,Unknown,99,0.02451708766716196,0.2796398891966759,7.647165320203798e-05,0.0043302708142944155,0.0003221987029322915,0.00027761288018998963,0.00027761288018999,0.08963901121684303
2173,User_2642,Unknown,127,0.03145121347201585,0.2809825342704057,0.0005477192676805996,0.005223489557435565,0.00045188146162157577,0.0003348759865852276,0.0003348759865852278,0.10075034220069257
2174,User_2725,Unknown,8,0.001981178801386825,0.2832690284110838,3.693686772312014e-06,9.628822830257552e-08,0.00010361876609507568,4.405355756383715e-09,4.405355756589457e-09,0.055434347654699644
2175,User_2734,Unknown,26,0.0064388311045071814,0.2834678834678835,2.3374920865341802e-05,8.674015137879082e-08,0.00025993465488669573,4.064250975851039e-09,4.06425097583411e-09,0.06095287964776972
2176,User_2764,Unknown,25,0.006191183754333828,0.28727945361411494,3.770398827319215e-05,4.810732436527372e-07,0.00023996629886565066,2.6521489365127105e-08,2.6521489364749556e-08,0.06237995718458271
2177,User_2964,Unknown,18,0.004457652303120356,0.28354750368653886,1.666794620819531e-05,1.170522064390592e-07,0.00016804841468728745,5.291408069803899e-09,5.29140806985706e-09,0.05816338246195513
2178,User_3020,Unknown,37,0.009162951956414065,0.2870752168349211,0.0001185341810910755,3.942942245714863e-07,0.0003438325128074372,2.301285067927159e-08,2.3012850678360273e-08,0.06590138041724491
2179,User_3062,Unknown,32,0.0079247152055473,0.2835873305709671,2.195734116907597e-05,1.0070760978104171e-07,0.000253749285591604,4.564044780093317e-09,4.564044779829117e-09,0.06171747010878914
2180,User_3079,Unknown,39,0.009658246656760773,0.2837268128161889,2.0924232085620855e-05,9.79030392285993e-08,0.0002450747846428554,4.587193690989773e-09,4.587193690645305e-09,0.06258217874133012
2181,User_3165,Unknown,7,0.001733531451213472,0.2833286556272804,1.4089486065093564e-06,1.0647992850717398e-07,9.242399932002792e-05,4.779582225191996e-09,4.779582225211849e-09,0.05511595415243661
2182,User_3205,Unknown,15,0.003714710252600297,0.2834280901242367,1.1987965353216283e-05,1.1903858042241481e-07,0.00015184968829397654,5.363953321905494e-09,5.363953321768532e-09,0.05738530543513239
2183,User_3258,Unknown,47,0.011639425458147598,0.28727945361411494,0.0001378878151107671,3.992595238352639e-07,0.00029984186848733025,2.321944859229914e-08,2.3219448591888334e-08,0.06654934885145755
2184,User_3386,Unknown,52,0.012877662209014363,0.283986215626978,3.672503556005427e-05,1.0938184397627487e-07,0.0003108394902098318,5.1103223624295154e-09,5.110322362533187e-09,0.06573803548838746
2185,User_3409,Unknown,16,0.00396235760277365,0.2832690284110838,9.520072885090851e-06,8.290556725399104e-08,0.0001423193614220856,3.888228887379676e-09,3.888228887293286e-09,0.05726076900097294
2186,User_2693,Unknown,18,0.004457652303120356,0.28632205913635395,3.296894405619291e-05,3.8220237394584474e-07,0.00019318276367479836,2.2591727794695817e-08,2.259172779474557e-08,0.06005188659242998
2187,User_2979,Unknown,18,0.004457652303120356,0.2864236061852745,3.433833640807239e-05,3.8315582764034124e-07,0.00017475972486757032,2.230411064738867e-08,2.230411064729708e-08,0.059756295810302236
2188,User_3101,Unknown,122,0.03021297672114908,0.288263849229012,0.0003573586110090837,4.300302883839097e-07,0.0006674953821990662,2.4939707759352798e-08,2.4939707758962633e-08,0.08431247792833409
2189,User_3265,Unknown,48,0.01188707280832095,0.28674904132935664,0.00011433106987103139,3.741265402360951e-07,0.0002805743180121755,2.2235365420753195e-08,2.2235365420576886e-08,0.0660464086702465
2190,User_3385,Unknown,53,0.013125309559187715,0.28699360341151386,0.0001657622145174652,3.957638515950661e-07,0.0003838925906092498,2.3009584064251603e-08,2.300958406498129e-08,0.0688190667460855
2191,User_1913,Unknown,19,0.0047052996532937095,0.2779460352422907,1.4166396792628224e-05,0.0009632379665193345,0.00010510350909022416,6.175558610052404e-05,6.175558610052386e-05,0.05859510651619263
2192,User_1916,Unknown,79,0.0195641406636949,0.27991127131568,5.233314597588871e-05,0.0030108995242926814,0.00026112414316057064,0.0001930183102014593,0.00019301831020145918,0.07995412528398961
2193,User_1940,Unknown,93,0.02303120356612184,0.2801831806827644,1.541855988513346e-05,0.0046435092193562065,0.0002876845759234058,0.0002976917227707147,0.00029769172277071464,0.0898313678880569
2194,User_1947,Unknown,120,0.029717682020802376,0.2807090719499479,0.00012191269045870205,0.004876068028696908,0.0003724807891289865,0.0003125981462829844,0.0003125981462829847,0.09646856852977305
2195,User_1954,Unknown,93,0.02303120356612184,0.2801831806827644,0.0006811286195315509,0.00345824323114231,0.00033029562585188684,0.0002217013778144615,0.00022170137781446102,0.08550913201477373
2196,User_1994,Unknown,64,0.0158494304110946,0.2788096388869709,5.253585958938332e-06,0.004590831943425354,0.0002060830326978381,0.0002943301346288675,0.0002943301346288685,0.08338770047872822
2197,User_2002,Unknown,85,0.021050024764735015,0.2792144931544738,2.3537964465947538e-05,0.0045692770356297345,0.0002712071623704647,0.00029294224340363435,0.0002929422434036341,0.08760359190429676
2198,User_2010,Unknown,84,0.020802377414561663,0.28000832119825253,2.9626032716829338e-06,0.0039256145613091546,0.0002644685404476147,0.0002516627858097915,0.00025166278580979163,0.08484467290611779
2199,User_2026,Unknown,96,0.0237741456166419,0.27942702927133073,0.00015035570227772043,0.010401303172955768,0.0002821669283468422,0.0006668836313945954,0.0006668836313945956,0.1156589893416606
2200,User_2052,Unknown,106,0.02625061911837543,0.28043614139870826,2.6583160095773674e-05,0.005314630083088597,0.0003246079874403457,0.0003407165102375036,0.0003407165102375038,0.0954528929511499
2201,User_2062,Unknown,76,0.018821198613174838,0.2790408403012922,9.459341535126397e-05,0.006200691188043211,0.00024800890489762284,0.0003975565700804328,0.00039755657008043303,0.09319634654092598
2202,User_2101,Unknown,71,0.017582961862308073,0.2789444597955236,5.5067881535536476e-05,0.0028191013652338723,0.00024455599041457146,0.00018073255425976934,0.00018073255425976966,0.07719596263408403
2203,User_2137,Unknown,49,0.012134720158494303,0.2785211753345289,3.3308759467450056e-05,0.0059029061091392205,0.0001619733465286956,0.00037846742591570744,0.0003784674259157082,0.08625934364590025
2204,User_2144,Unknown,78,0.019316493313521546,0.27989186941152006,4.326303520766589e-05,0.004038305970645704,0.0002529737329614254,0.00025889167811335445,0.0002588916781133552,0.08426606125042989
2205,User_2151,Unknown,86,0.02129767211490837,0.2800471599972259,1.70578542877141e-05,0.004725453901095679,0.00026843330329395765,0.0003029477230677373,0.0003029477230677374,0.08880999185191585
2206,User_2163,Unknown,31,0.007677067855373947,0.2781758060071645,2.5559619004646996e-05,0.0025983850994324405,0.00012329699712524032,0.0001665927033222848,0.00016659270332228493,0.06804526188376894
2207,User_2176,Unknown,117,0.028974739970282316,0.28065054211843204,0.00035800915235692624,0.0041543871868296185,0.0004228415828208123,0.0002663292564374473,0.00026632925643744766,0.09380689948259309
2208,User_2215,Unknown,58,0.014363546310054482,0.2786941817930844,2.109571855503192e-05,0.003920295881510448,0.00019741670277897497,0.0002513417440326572,0.0002513417440326575,0.07933746684869346
2209,User_2241,Unknown,119,0.029470034670629024,0.28068955929375783,3.3211976396478444e-05,0.005401590757197585,0.0003613120029589833,0.0003462887915714484,0.0003462887915714484,0.09844521586841139
2210,User_2246,Unknown,95,0.02352649826646855,0.28022206800832755,4.115735099104125e-05,0.0047635268112704195,0.0003022297298264167,0.00030538671874544017,0.0003053867187454401,0.09094591945497144
2211,User_2273,Unknown,91,0.022535908865775136,0.27933038184836745,9.994308610886196e-06,0.003988481104190333,0.0002862898749232129,0.0002556975492362514,0.00025569754923625163,0.08615472143180847
2212,User_2294,Unknown,122,0.03021297672114908,0.28074810540221096,0.00010518156982147051,0.004260680417199757,0.00038172686763883126,0.0002731376408630024,0.0002731376408630022,0.0941670056427241
2213,User_2295,Unknown,23,0.005695889053987122,0.2780225833103828,4.311315973128219e-06,0.0016764493055157976,0.00010214813377651703,0.00010748139860528739,0.00010748139860528739,0.06232622126169436
2214,User_2298,Unknown,17,0.004210004952947003,0.2779077770130764,2.0597478352398036e-05,0.001315680579997541,9.784557963910559e-05,8.435437668812305e-05,8.435437668812316e-05,0.05975024180673612
2215,User_2343,Unknown,79,0.0195641406636949,0.27991127131568,3.8219882509414045e-05,0.0038926150217359957,0.0002507170705012074,0.0002495501323140132,0.00024955013231401334,0.08371422092398229
2216,User_2344,Unknown,121,0.029965329370975728,0.2807285873192436,0.00013672483836596586,0.004851237676856203,0.0003803723414666731,0.0003110068020469639,0.00031100680204696363,0.0966570743716386
2217,User_2355,Unknown,30,0.007429420505200594,0.27815664393469725,2.9351579334448863e-05,0.001955674806655556,0.00013898615469686476,0.0001253855573708595,0.0001253855573708594,0.06530880350332287
2218,User_2377,Unknown,94,0.023278850916295196,0.2793883622777278,3.2145738120719085e-05,0.00386190969450731,0.0002969765860174166,0.00024758359075678003,0.0002475835907567803,0.0862343468216249
2219,User_2389,Unknown,28,0.006934125804853888,0.27811832770851985,9.678772040314803e-05,0.00105025653128221,0.00014371277754601992,6.733440243729017e-05,6.733440243729023e-05,0.06105783079355883
2220,User_2394,Unknown,95,0.02352649826646855,0.28022206800832755,0.00010704891531595731,0.0038822469638816258,0.0003049122521299968,0.0002488852722733843,0.00024888527227338495,0.08705757361585727
2221,User_2413,Unknown,17,0.004210004952947003,0.2779077770130764,1.894069786652472e-05,0.0009020016785000922,9.987355035697874e-05,5.782973823055873e-05,5.782973823055854e-05,0.05792972411441908
2222,User_2419,Unknown,109,0.02699356116889549,0.2804945818282856,0.000222165972189895,0.004112088106669989,0.0003744731365400381,0.0002636178262551778,0.0002636178262551779,0.09149026769642686
2223,User_2465,Unknown,60,0.014858841010401188,0.27873265686477533,5.016047404616431e-06,0.003422303323044417,0.00019786843833015334,0.00021940646492892414,0.00021940646492892458,0.07739717326843266
2224,User_2468,Unknown,177,0.043833580980683504,0.2810020876826722,0.0012128795643890063,0.06282485584299607,0.00036634489702468874,0.004028233161054748,0.004028233161054747,0.3649374398663249
2225,User_2519,Unknown,35,0.00866765725606736,0.2782524807056229,1.9732396805858325e-06,0.0020879803344130794,0.0001341341814800877,0.00013386332726133607,0.00013386332726133643,0.06653603399181009
2226,User_2544,Unknown,30,0.007429420505200594,0.27815664393469725,1.5577040128576484e-05,0.0023365346592672475,0.00012386932819136967,0.00014980339121632233,0.0001498033912163226,0.06673028523897839
2227,User_2582,Unknown,101,0.025012382367508666,0.280338794779228,1.3837593225979378e-05,0.004842140019598327,0.0003151470231256405,0.0003104240363209765,0.0003104240363209769,0.09241471832357458
2228,User_2588,Unknown,91,0.022535908865775136,0.28014430414874425,6.04863651081816e-05,0.004050107199227972,0.0002918931484677833,0.00025964415003059267,0.000259644150030593,0.08696517209227503
2229,User_2594,Unknown,94,0.023278850916295196,0.2793883622777278,9.566314384891074e-05,0.0048510575977391505,0.0003146250658099792,0.0003110098324490476,0.0003110098324490483,0.09102963224837071
2230,User_2605,Unknown,17,0.004210004952947003,0.2779077770130764,1.2761180580712762e-05,0.0019080291991709034,8.854260073306131e-05,0.000122333855717864,0.00012233385571786405,0.06223324277893853
2231,User_2609,Unknown,49,0.012134720158494303,0.2785211753345289,1.867614845658334e-07,0.003526763030001449,0.00016634373650255613,0.00022610903521567678,0.00022610903521567762,0.0756579780331693
2232,User_2616,Unknown,100,0.024764735017335313,0.2803193335647345,9.678805070399527e-05,0.004353056639838171,0.00032473043167442897,0.0002790678314556267,0.00027906783145562676,0.09027659458543447
2233,User_2903,Unknown,8,0.001981178801386825,0.2827929126689544,7.28736970874612e-07,7.70704159778912e-08,0.00010512351348008228,3.835056585711827e-09,3.835056585761257e-09,0.05522012703164124
2234,User_2938,Unknown,20,0.004952947003467063,0.28303077030910495,9.05121360950803e-06,8.127598738163599e-08,0.00016820807063716868,3.994013307646141e-09,3.994013307350943e-09,0.05817540229841068
2235,User_2999,Unknown,30,0.007429420505200594,0.28322929087465804,1.9702327106669068e-05,1.013797475257111e-07,0.0003132209166370502,5.147939210608216e-09,5.147939210100515e-09,0.06238328432935245
2236,User_3201,Unknown,92,0.022783556215948488,0.28446636139485737,5.105169508250747e-05,1.3794163537349516e-07,0.0004932697260766547,6.748212565103541e-09,6.748212564858075e-09,0.07490092088832111
2237,User_3319,Unknown,26,0.0064388311045071814,0.2831498492391838,1.188501708162043e-05,8.565193648209916e-08,0.00018933228166644617,4.211651505825464e-09,4.211651505506691e-09,0.059456206369813566
2238,User_3355,Unknown,54,0.01337295690936107,0.2837068783812267,1.900636585848613e-05,1.0351446997240104e-07,0.0003051400370510703,5.013808965154017e-09,5.013808964852536e-09,0.06575712614716514
2239,User_3097,Unknown,41,0.010153541357107478,0.2835873305709671,3.624734999284404e-05,1.0096284000334467e-07,0.000290862814772521,4.842374270701756e-09,4.842374270534199e-09,0.06365336339786551
2240,User_2707,Unknown,15,0.003714710252600297,0.286159733541209,2.7334828982299316e-05,3.468215690038986e-07,0.00013262702442530733,2.0887319172456503e-08,2.0887319172450226e-08,0.05841486098205333
2241,User_3111,Unknown,52,0.012877662209014363,0.2869120363791388,0.0001471284164772181,3.6842010042201607e-07,0.00032755487736428444,2.1967136015393356e-08,2.1967136015152322e-08,0.067572452058653
2242,User_3186,Unknown,23,0.005695889053987122,0.28632205913635395,5.5405352040195364e-05,3.5209005129590175e-07,0.0001867825874259465,2.1074748663147737e-08,2.1074748663455752e-08,0.06062189064438454
2243,User_2661,Unknown,99,0.02451708766716196,0.28440625440202844,2.8147563918444096e-05,1.1421706668465628e-07,0.0005311500553368943,5.686025684663041e-09,5.686025684111067e-09,0.07653594064174371
2244,User_2662,Unknown,37,0.009162951956414065,0.2831697054698457,9.56546238920311e-06,7.110234859119071e-08,0.0002557345805138727,3.4438127840279422e-09,3.4438127836466773e-09,0.06222334129470976
2245,User_2663,Unknown,26,0.0064388311045071814,0.2829514399831827,3.591267600842963e-06,5.703697128856232e-08,0.00020552412907569987,2.94756412285495e-09,2.9475641226219705e-09,0.05965837000090617
2246,User_2664,Unknown,83,0.02055473006438831,0.284086112283664,9.367349777947995e-06,9.38558804022076e-08,0.00037404293298256983,4.635004803036701e-09,4.635004803262753e-09,0.07121475022286569
2247,User_2665,Unknown,50,0.012382367508667657,0.2834280901242367,2.09244702802471e-05,8.147246222552571e-08,0.00034284256655491273,4.165372378836133e-09,4.165372378384488e-09,0.06577998496704505
2248,User_2666,Unknown,61,0.01510648836057454,0.2836470918797415,5.14704220838201e-06,8.080460434462751e-08,0.00028364501905286905,4.0434470505381575e-09,4.04344705112281e-09,0.06627495514909658
2249,User_2667,Unknown,20,0.004952947003467063,0.2828325278419836,4.3113567723040054e-06,5.3953299414404324e-08,0.0001770112043963642,2.8042690177732034e-09,2.8042690174039156e-09,0.058239332901799064
2250,User_2668,Unknown,34,0.008420009905894007,0.2831101451307579,1.5003185021157704e-05,6.101161185838435e-08,0.0002812782810464603,3.139395579956125e-09,3.1393955798697227e-09,0.06226604043422581
2251,User_2669,Unknown,97,0.024021792966815253,0.2843661971830986,1.750655991945185e-05,1.0119723300251542e-07,0.0004307661421237108,4.997620306658846e-09,4.997620307366762e-09,0.0743450922331195
2252,User_2670,Unknown,19,0.0047052996532937095,0.2828127188681888,6.042924058707481e-07,5.194758868203712e-08,0.0002568425586787771,2.7131134259289216e-09,2.713113425797289e-09,0.05959725995564304
2253,User_2671,Unknown,6,0.0014858841010401188,0.2825554544818417,0.0,4.856059249619158e-08,0.00010574436362292453,2.5210209984747997e-09,2.5210209985048904e-09,0.0548373151097628
2254,User_2672,Unknown,37,0.009162951956414065,0.2831697054698457,3.8024363910355963e-06,7.009648514881004e-08,0.00023026851030634002,3.5726846225956245e-09,3.5726846225038067e-09,0.061741244086328376
2255,User_2673,Unknown,29,0.007181773155027241,0.2830109335576114,1.8607514324429032e-06,6.159400244976439e-08,0.00016759108213826622,3.1492621832878946e-09,3.149262183333932e-09,0.05938301513824445
2256,User_2674,Unknown,70,0.01733531451213472,0.2838265270260772,8.68608534567966e-06,9.656805443109246e-08,0.0003760208225547561,4.85944311588325e-09,4.859443115566174e-09,0.0693412388782849
2257,User_2675,Unknown,38,0.009410599306587419,0.2831895644855881,7.789919454428316e-06,6.563407006375365e-08,0.0002732682131121823,3.3355223584386017e-09,3.3355223582196197e-09,0.06270046865165332
2258,User_2676,Unknown,83,0.02055473006438831,0.284086112283664,1.1849109820267932e-05,9.344781678614141e-08,0.00037813937001586874,4.61995155441647e-09,4.619951555119348e-09,0.07129276134636212
2259,User_2679,Unknown,93,0.02303120356612184,0.2842861165868769,1.9401624139937588e-05,9.733447611926144e-08,0.00042102797899795506,4.828169229854892e-09,4.828169229961082e-09,0.0735739495248434
2260,User_2680,Unknown,53,0.013125309559187715,0.2834877843302443,3.865875850298048e-06,7.670516750660626e-08,0.00025313620357794844,3.833639261323476e-09,3.833639261836704e-09,0.06452349146834582
2261,User_2681,Unknown,45,0.01114413075780089,0.2833286556272804,2.599120789656072e-06,7.07229823164951e-08,0.0002233364033209394,3.576446375495391e-09,3.576446375296941e-09,0.06278549258336395
2262,User_2682,Unknown,16,0.00396235760277365,0.2827533085918353,9.263657735226124e-07,6.134594225846488e-08,0.0001522530889833321,2.9796079864460604e-09,2.9796079864431248e-09,0.057183756328069005
2263,User_2683,Unknown,78,0.019316493313521546,0.283986215626978,2.189044987007195e-05,8.644014294966413e-08,0.00038788427833542336,4.325474550784679e-09,4.325474550301278e-09,0.07074466122199066
2264,User_2684,Unknown,28,0.006934125804853888,0.28299109958651625,1.850650661738785e-06,6.545267711237745e-08,0.00018453239384273688,3.329205567564859e-09,3.329205567655676e-09,0.05955570108587055
2265,User_2685,Unknown,12,0.0029717682020802376,0.2826741337066853,9.172164869149821e-07,5.6902954858908344e-08,0.00012554564209162086,2.9538132261189987e-09,2.953813225879256e-09,0.056092406872504996
2266,User_2686,Unknown,24,0.005943536404160475,0.28291179149443,3.3932554500176765e-06,5.954896941012964e-08,0.0001914887256719675,3.0701293807724504e-09,3.070129380453039e-09,0.05909976107767152
2267,User_2687,Unknown,21,0.005200594353640416,0.2828523395909218,3.693808879673279e-07,5.7333410469792206e-08,0.0001510655166357122,2.9558734767135434e-09,2.9558734768839857e-09,0.05789562976393309
2268,User_2688,Unknown,11,0.0027241208519068845,0.28265434691306174,1.5003087989553083e-06,5.80060748828216e-08,0.00012680198500671607,3.0363127825839036e-09,3.036312782495648e-09,0.05596940538862432
2269,User_2689,Unknown,67,0.01659237246161466,0.2837666900913563,6.051006103864271e-06,8.403644271900664e-08,0.00030891715348347145,4.198004680865885e-09,4.1980046814581175e-09,0.06763369024926351
2270,User_2690,Unknown,31,0.007677067855373947,0.28305060984158137,1.2804410047813468e-05,6.348996066912973e-08,0.00025373792391398007,3.2898082278281492e-09,3.289808227564538e-09,0.06130515180110001
2271,User_2691,Unknown,3,0.0007429420505200594,0.2824961522317056,0.0,4.6609232812374614e-08,0.00010262348308650565,2.4485753755414687e-09,2.448575375481627e-09,0.05433782700271838
2272,User_2692,Unknown,5,0.0012382367508667657,0.28253568429890846,1.8403320547933102e-08,4.9645829060688834e-08,7.033680337617345e-05,2.5461253754987973e-09,2.5461253754811544e-09,0.05402252873078047
2273,User_2694,Unknown,93,0.02303120356612184,0.2842861165868769,2.445137002151694e-05,9.957476193003254e-08,0.00042242380754033197,4.90691755679426e-09,4.9069175574263265e-09,0.07360178855179889
2274,User_2695,Unknown,11,0.0027241208519068845,0.28265434691306174,7.634972364575515e-08,5.120871342898688e-08,8.870357961975926e-05,2.6638583745374996e-09,2.6638583745300516e-09,0.055250271487179876
2275,User_2696,Unknown,19,0.0047052996532937095,0.2828127188681888,3.7400083485787043e-06,5.912056952216687e-08,0.00017144585156738523,3.0552965480454017e-09,3.055296548373773e-09,0.05798730738940998
2276,User_2697,Unknown,16,0.00396235760277365,0.2827533085918353,1.917065669112578e-06,5.609255374927728e-08,0.0001559110382786386,2.8644610494829685e-09,2.864461049811315e-09,0.05725304066069768
2277,User_2698,Unknown,69,0.017087667161961365,0.2838065785774529,5.114466979505695e-06,8.651572930312703e-08,0.0003157806571791527,4.3130340987395674e-09,4.313034099175777e-09,0.06805681254990119
2278,User_2699,Unknown,13,0.0032194155522535907,0.2826939232707925,5.502406951705251e-08,5.000273115408964e-08,0.00018315271882948737,2.616569280326591e-09,2.616569280712426e-09,0.05732569751844373
2279,User_2700,Unknown,15,0.003714710252600297,0.2827335107127853,3.9875321768184254e-06,5.349074174567817e-08,0.00015492907282920357,2.805046446321421e-09,2.805046446391694e-09,0.05708824043210794
2280,User_2701,Unknown,26,0.0064388311045071814,0.2829514399831827,3.8469971413734646e-07,6.351188465598776e-08,0.0001727772215133997,3.259689530472789e-09,3.2596895303970526e-09,0.059039707886307406
2281,User_2702,Unknown,24,0.005943536404160475,0.28291179149443,5.135825124297284e-06,5.683160950668046e-08,0.000194407394675895,2.9349034283223797e-09,2.934903428341134e-09,0.05915532611935369
2282,User_2703,Unknown,18,0.004457652303120356,0.2827929126689544,2.934807699501002e-07,5.1640237565055365e-08,0.00024243418863287988,2.6978010860215748e-09,2.697801086113314e-09,0.05917847923245644
2283,User_2705,Unknown,27,0.006686478454680535,0.28297126839523473,8.204313901440169e-07,6.158752270284062e-08,0.00014984505787946347,3.127600060326763e-09,3.127600060276284e-09,0.05875414019533372
2284,User_2706,Unknown,67,0.01659237246161466,0.2837666900913563,1.1023271247950639e-05,8.19377456507988e-08,0.00032762786196254066,4.108972797681499e-09,4.108972797536135e-09,0.06798811737986152
2285,User_2708,Unknown,34,0.008420009905894007,0.2831101451307579,1.8967320909430197e-06,7.093841267922701e-08,0.0002129954373427392,3.6192382037487485e-09,3.6192382041362276e-09,0.06097410317809774
2286,User_2709,Unknown,12,0.0029717682020802376,0.2826741337066853,1.6186158596205925e-06,5.0602077466931253e-08,0.00012501276604381947,2.641939657504532e-09,2.641939657769319e-09,0.056082539297101684
2287,User_2710,Unknown,13,0.0032194155522535907,0.2826939232707925,9.71453699212274e-07,5.1007022922672727e-08,0.0001247376118390321,2.6597150578706302e-09,2.6597150579137954e-09,0.05622403908743744
2288,User_2711,Unknown,31,0.007677067855373947,0.28305060984158137,1.0631418422311273e-05,6.541056551838447e-08,0.0002481313760040618,3.1980180427041755e-09,3.1980180429601444e-09,0.06119874322822205
2289,User_2712,Unknown,44,0.010896483407627538,0.283308777099558,4.7986025573962945e-06,7.500953821134993e-08,0.00025802219461499686,3.813895571389316e-09,3.81389557114936e-09,0.06329354552566616
2290,User_2713,Unknown,31,0.007677067855373947,0.28305060984158137,6.960035791912721e-06,6.375252588845844e-08,0.00022271307669973883,3.201450170290353e-09,3.2014501698604977e-09,0.060718162169884383
2291,User_2714,Unknown,3,0.0007429420505200594,0.2824961522317056,6.134440182644368e-08,4.8859276264621784e-08,5.909685316465827e-05,2.5754736798060678e-09,2.575473679586294e-09,0.05351677428121908
2292,User_2715,Unknown,32,0.0079247152055473,0.28307045215562565,1.0282477366485671e-05,6.09240432174787e-08,0.00024446816465548187,3.1404201444323294e-09,3.1404201444901647e-09,0.06127643577381964
2293,User_2716,Unknown,95,0.02352649826646855,0.28432615124630334,6.263063511818003e-05,1.0809314874265097e-07,0.0005625051162588024,5.422744903463295e-09,5.422744903126614e-09,0.07654964389636372
2294,User_2717,Unknown,54,0.01337295690936107,0.28350768798708137,1.1417641594940548e-06,7.777633314534335e-08,0.0002492216998270729,3.8969553045713184e-09,3.896955305052489e-09,0.06459578264121663
2295,User_2718,Unknown,37,0.009162951956414065,0.2831697054698457,1.2557224209470534e-05,9.780678936666743e-08,0.00027756177256513356,5.352487066691541e-09,5.352487066683179e-09,0.06263610496839396
2296,User_2719,Unknown,100,0.024764735017335313,0.2844262872437839,3.2487074838205744e-05,1.199855201894466e-07,0.0005426574877278271,5.996607276373528e-09,5.996607275708277e-09,0.0769013332162013
2297,User_2720,Unknown,49,0.012134720158494303,0.2834081976417743,9.22523908259384e-06,8.017424478927999e-08,0.00029625601470202465,4.045470379651882e-09,4.045470379420528e-09,0.06475076360482333
2298,User_2721,Unknown,6,0.0014858841010401188,0.2825554544818417,0.0,4.856059249619158e-08,0.00010574436362292453,2.5210209984747964e-09,2.5210209985054215e-09,0.0548373151097628
2299,User_2722,Unknown,3,0.0007429420505200594,0.2824961522317056,0.0,4.911145020525404e-08,5.411095196286969e-05,2.590894781470264e-09,2.5908947809663998e-09,0.05342270379902111
2300,User_2723,Unknown,12,0.0029717682020802376,0.2826741337066853,1.0028393377657852e-06,5.135086543809994e-08,0.00011412749596834867,2.675752758865861e-09,2.675752758865237e-09,0.05587702071708371
2301,User_2726,Unknown,17,0.004210004952947003,0.2827731092436975,1.429455129645162e-06,5.2805087091153537e-08,0.00015517452426137382,2.7458858140636704e-09,2.745885813862834e-09,0.05738587858926832
2302,User_2727,Unknown,13,0.0032194155522535907,0.2826939232707925,1.8494288528419322e-06,5.406901320973905e-08,0.00012945397024110582,2.8028787998267224e-09,2.802878799760674e-09,0.056313280104124265
2303,User_2728,Unknown,38,0.009410599306587419,0.2831895644855881,7.948448583962398e-06,7.009672023434616e-08,0.0002912733876330175,3.3650567856598163e-09,3.365056785006511e-09,0.06304017093588563
2304,User_2729,Unknown,63,0.015601783060921248,0.28368694674722494,1.9591310102767195e-05,7.776250088371765e-08,0.000326997400210379,3.9203101300295035e-09,3.9203101299061e-09,0.06739093475755438
2305,User_2730,Unknown,89,0.022040614165428428,0.2842060810810811,9.906933681043516e-05,1.017709361187221e-07,0.0006266833149576964,4.941776244495211e-09,4.941776244437251e-09,0.07688912983812742
2306,User_2731,Unknown,29,0.007181773155027241,0.2830109335576114,1.5032617968086918e-06,5.999750995622313e-08,0.00017568605340025341,3.0816612628635637e-09,3.0816612620983394e-09,0.05953560571431732
2307,User_2732,Unknown,8,0.001981178801386825,0.28259500314927566,1.7526971950412477e-08,4.819148786691636e-08,0.00017808458389766957,2.527276436461144e-09,2.5272764364933314e-09,0.056495682838076274
2308,User_2733,Unknown,24,0.005943536404160475,0.28291179149443,1.305406471332382e-06,6.24855955920307e-08,0.00016368546778215592,3.2137268922724747e-09,3.2137268924364065e-09,0.05857467470238017
2309,User_2735,Unknown,19,0.0047052996532937095,0.2828127188681888,4.6934896050138985e-06,7.874011619605496e-08,0.0001670894795753202,4.3675825490978345e-09,4.367582549215845e-09,0.057905503534968754
2310,User_2736,Unknown,5,0.0012382367508667657,0.28253568429890846,0.0,4.9572753541695424e-08,7.564659698815497e-05,2.6134511044715273e-09,2.613451104517541e-09,0.054122689498170194
2311,User_2737,Unknown,21,0.005200594353640416,0.2828523395909218,2.8992401676001184e-06,6.286837958875899e-08,0.00015975278501609912,3.111278651582018e-09,3.111278651316941e-09,0.0580602728474731
2312,User_2738,Unknown,83,0.02055473006438831,0.284086112283664,3.5121205038758356e-05,8.963141282746761e-08,0.00042596644307272224,4.452949086835641e-09,4.452949086655137e-09,0.07220186979557928
2313,User_2739,Unknown,31,0.007677067855373947,0.28305060984158137,9.159254226463228e-06,6.561405845511167e-08,0.00024376064655141596,3.1990556665095793e-09,3.199055666153025e-09,0.06111585708098084
2314,User_2741,Unknown,57,0.014115898959881128,0.28356741573033706,8.937562187248014e-06,7.626744312966912e-08,0.0002802085737043965,3.84072015190383e-09,3.840720151945626e-09,0.06562345340556518
2315,User_2742,Unknown,116,0.028727092620108963,0.2847471969536704,4.685532907832323e-05,1.2418882153857972e-07,0.000620821638209699,6.178512633625881e-09,6.178512633675846e-09,0.08073236762542099
2316,User_2743,Unknown,51,0.01263001485884101,0.28344798539941035,5.272781851633854e-06,7.231067275480298e-08,0.00025468788632527394,3.657460415554269e-09,3.6574604154732497e-09,0.06425929163934208
2317,User_2744,Unknown,13,0.0032194155522535907,0.2828325278419836,2.540599151785725e-06,7.46247190439173e-08,0.00012844262356918686,3.4800789200491593e-09,3.4800789200904377e-09,0.05636482365800347
2318,User_2745,Unknown,33,0.008172362555720653,0.2830902972518228,6.93815088949864e-06,6.314483699898428e-08,0.00020597685134572866,3.2241041931882973e-09,3.2241041934132507e-09,0.06069626340985711
2319,User_2746,Unknown,15,0.003714710252600297,0.2827335107127853,9.862193541065539e-08,5.535073837063875e-08,9.93188451633408e-05,2.8342803094694197e-09,2.834280309741386e-09,0.056038064864915214
2320,User_2747,Unknown,13,0.0032194155522535907,0.2826939232707925,7.347528711503455e-07,7.41798652653401e-08,0.00012318862485515675,4.132853352606188e-09,4.132853352793805e-09,0.0561948523452153
2321,User_2748,Unknown,75,0.018573551263001486,0.28392631134861485,3.494911700760196e-05,9.429245197576572e-08,0.0004396064151176375,4.720780081009799e-09,4.72078008100329e-09,0.0712833373818102
2322,User_2749,Unknown,53,0.013125309559187715,0.2834877843302443,4.720244126969241e-06,7.604370266768527e-08,0.0002542793519857475,3.821542903894899e-09,3.821542904105322e-09,0.06454530810662816
2323,User_2750,Unknown,85,0.021050024764735015,0.2841260906276386,8.534611384795216e-06,9.518127421997907e-08,0.0003796848719368169,4.714121136472017e-09,4.714121137070178e-09,0.07161490216230555
2324,User_2751,Unknown,35,0.00866765725606736,0.2831299957930164,1.016215970263595e-05,6.460451179427525e-08,0.00023963282162512494,3.3144108625376136e-09,3.3144108626592157e-09,0.061625932879116704
2325,User_2753,Unknown,52,0.012877662209014363,0.2834678834678835,5.889975244155671e-06,8.516481194333474e-08,0.00029911534730198223,4.241404760682114e-09,4.241404760394337e-09,0.06524453135609977
2326,User_2754,Unknown,122,0.03021297672114908,0.2848677248677249,5.751728040267652e-05,1.1230619173446802e-07,0.0005655666421479617,5.529779691672776e-09,5.5297796924810786e-09,0.08057536299057277
2327,User_2755,Unknown,89,0.022040614165428428,0.2842060810810811,1.0032746045470425e-05,9.698640565439764e-08,0.00039412067246836764,4.802175871122491e-09,4.802175871885346e-09,0.07247561659917412
2328,User_2756,Unknown,45,0.01114413075780089,0.2833286556272804,2.9370427946162893e-06,6.9975924371539e-08,0.00023027059765085264,3.5457289442681285e-09,3.5457289447103917e-09,0.06291639616502881
2329,User_2757,Unknown,83,0.02055473006438831,0.284086112283664,1.0960902611085197e-05,9.367511261177583e-08,0.00037516824302028423,4.62737498026305e-09,4.627374981095546e-09,0.07123645104722678
2330,User_2758,Unknown,46,0.011391778107974244,0.2833485369447758,1.8694406692625927e-05,7.501267814723404e-08,0.000344839429288958,3.6924137100158863e-09,3.6924137099249084e-09,0.06522923339570397
2331,User_2759,Unknown,22,0.005448241703813769,0.2828721541155867,6.926609519801949e-06,5.5752778191418334e-08,0.00016613007632779024,2.8889606464670075e-09,2.8889606463889105e-09,0.05832864336356503
2332,User_2761,Unknown,28,0.006934125804853888,0.28299109958651625,1.613885830538884e-06,5.99248635369977e-08,0.0001688569939853553,3.075875363593375e-09,3.075875363439404e-09,0.059259912037967606
2333,User_2762,Unknown,21,0.005200594353640416,0.2828523395909218,3.7866986431785473e-06,5.9390333073839086e-08,0.00017582065459893805,3.1066191033332234e-09,3.1066191032028184e-09,0.0583636333048193
2334,User_2763,Unknown,63,0.015601783060921248,0.28368694674722494,1.0908132395019337e-05,7.905385922786074e-08,0.00031447540020565484,3.973368153813195e-09,3.973368153790158e-09,0.0671521444209217
2335,User_2765,Unknown,47,0.011639425458147598,0.2833684210526316,2.142925497732279e-06,7.898824279386488e-08,0.0002637959598581729,4.026419894709287e-09,4.02641989461568e-09,0.06384247077196678
2336,User_2766,Unknown,13,0.0032194155522535907,0.2826939232707925,8.719103700279683e-07,5.152942746134796e-08,0.00011241891557670257,2.681964973548223e-09,2.6819649737499287e-09,0.055991633152581655
2337,User_2767,Unknown,6,0.0014858841010401188,0.2825554544818417,0.0,4.768459226205234e-08,0.00010148602928929836,2.5016373368178608e-09,2.501637336823228e-09,0.05475698426985927
2338,User_2768,Unknown,28,0.006934125804853888,0.28299109958651625,6.697431939534429e-06,6.766011706885012e-08,0.0002156531868487682,3.499412990599889e-09,3.499412989921272e-09,0.060144211563821486
2339,User_2769,Unknown,12,0.0029717682020802376,0.2826741337066853,7.139833404260064e-07,5.082029041770941e-08,0.00011696427377494209,2.6496430564302292e-09,2.6496430564138957e-09,0.05593044540631439
2340,User_2770,Unknown,41,0.010153541357107478,0.28324915824915825,5.527618193505139e-07,7.627839352022176e-08,0.000231268217077969,3.898579233903207e-09,3.89857923369968e-09,0.062346835162906726
2341,User_2771,Unknown,14,0.003467062902426944,0.28271371560596514,7.403729328083582e-07,5.302492027239879e-08,0.0001602195449046793,2.785858899089123e-09,2.785858899207071e-09,0.057040188151056055
2342,User_2772,Unknown,34,0.008420009905894007,0.2831101451307579,1.5743534364841535e-05,6.1985367836465e-08,0.0002624420928306321,3.1672730777165125e-09,3.1672730780284064e-09,0.06191094008053464
2343,User_2773,Unknown,57,0.014115898959881128,0.28356741573033706,4.6078503691330115e-06,7.663552978978408e-08,0.00027259153969179004,3.856419389090592e-09,3.856419388751235e-09,0.06547848081101648
2344,User_2774,Unknown,6,0.0014858841010401188,0.2825554544818417,2.4537760730577472e-08,4.754276244519694e-08,0.00015905631643127726,2.4950593593930524e-09,2.4950593597739505e-09,0.05584298888469844
2345,User_2776,Unknown,6,0.0014858841010401188,0.2825554544818417,1.0973831882286035e-07,4.758380575942403e-08,0.00013489060742214639,2.4969506482891584e-09,2.4969506479760234e-09,0.0553871558118177
2346,User_2777,Unknown,83,0.02055473006438831,0.284086112283664,1.1342846531297367e-05,9.364920259361947e-08,0.00037756590532714486,4.626773323315007e-09,4.626773323982325e-09,0.07128179369774826
2347,User_2778,Unknown,95,0.02352649826646855,0.28432615124630334,3.676887269467069e-05,1.1626633430224319e-07,0.0005206432887380887,5.841142474310611e-09,5.841142473889256e-09,0.07575231136603962
2348,User_2779,Unknown,19,0.0047052996532937095,0.2828127188681888,4.609519425772612e-07,5.951069917237942e-08,0.00016465873211096222,2.9180471083301676e-09,2.9180471082106615e-09,0.057858295434205564
2349,User_2780,Unknown,59,0.014611193660227836,0.2836072482090181,3.745659657125518e-05,8.355922162319202e-08,0.0003830003398430857,4.258370047385246e-09,4.258370047483289e-09,0.06786490302290109
2350,User_2781,Unknown,66,0.016344725111441305,0.28374675005270183,2.845995093047826e-05,9.626877366016216e-08,0.0003985266065736997,4.821569912098997e-09,4.821569911843688e-09,0.06918382240663684
2351,User_2782,Unknown,98,0.024269440316988605,0.28438622438199873,1.8354355113878083e-05,1.0140231026886185e-07,0.00043939097520909886,4.99227910371345e-09,4.992279104652022e-09,0.07465504382701509
2352,User_2783,Unknown,33,0.008172362555720653,0.2830902972518228,8.51786161112594e-06,6.537571382414524e-08,0.00023444138411160052,3.3603567512649047e-09,3.3603567509473492e-09,0.061233693721510114
2353,User_2784,Unknown,28,0.006934125804853888,0.28299109958651625,9.130204718313894e-06,6.172879600601293e-08,0.0002295736512071307,3.17956397405972e-09,3.1795639735809793e-09,0.060407504694013334
2354,User_2785,Unknown,44,0.010896483407627538,0.283308777099558,1.554136361506639e-05,7.144830977617974e-08,0.00029318421664911184,3.6417507484084197e-09,3.6417507486829374e-09,0.06396001741878132
2355,User_2786,Unknown,102,0.02526002971768202,0.28446636139485737,2.3341490067174855e-05,1.019529313746162e-07,0.0004664836476012923,5.045947609741427e-09,5.045947610124606e-09,0.0757556239034992
2356,User_2787,Unknown,49,0.012134720158494303,0.2834081976417743,2.0522617920530933e-05,7.593631170844538e-08,0.0003264696755566392,3.841145003349851e-09,3.841145003476588e-09,0.06532405267575746
2357,User_2788,Unknown,2,0.0004952947003467063,0.2824763903462749,0.0,4.6311154234029545e-08,6.568026546710652e-05,2.4336921140968434e-09,2.4336921141416174e-09,0.05349406699942951
2358,User_2789,Unknown,19,0.0047052996532937095,0.2828127188681888,2.4235234912767874e-06,5.342702750866562e-08,0.0001749735851340814,2.776871371192529e-09,2.7768713710195955e-09,0.05805344114382658
2359,User_2790,Unknown,9,0.002228826151560178,0.2826147816349384,6.513261780936237e-07,5.067838219064044e-08,0.00010215924245225814,2.6294552119506764e-09,2.6294552119682524e-09,0.05521051034766909
2360,User_2791,Unknown,12,0.0029717682020802376,0.2826741337066853,1.9048092156019167e-06,5.099464456373282e-08,0.00013253455555647549,2.6582364670539986e-09,2.658236466828269e-09,0.05622451571548483
2361,User_2792,Unknown,3,0.0007429420505200594,0.2824961522317056,0.0,4.6609232812374614e-08,0.00010262348308650565,2.448575375540444e-09,2.4485753756481295e-09,0.05433782700271838
2362,User_2793,Unknown,99,0.02451708766716196,0.28440625440202844,3.12991831236821e-05,1.0953918113087356e-07,0.0005354436765603439,5.421017507870016e-09,5.42101750778721e-09,0.07661785250030803
2363,User_2794,Unknown,19,0.0047052996532937095,0.2828127188681888,4.1569450419260303e-07,5.500791431441743e-08,0.00012601393224459585,2.8449980274988504e-09,2.844998027383046e-09,0.05712928172904406
2364,User_2795,Unknown,24,0.005943536404160475,0.28291179149443,7.3075443389528185e-06,6.0447436952351e-08,0.0002042302390505294,3.1497513232469162e-09,3.149751323392631e-09,0.059341283977851704
2365,User_2796,Unknown,60,0.014858841010401188,0.2836271686450797,8.073777669654962e-06,8.935133047099703e-08,0.0003361907203501702,4.529452057655306e-09,4.529452057468402e-09,0.06712012644074686
2366,User_2797,Unknown,27,0.006686478454680535,0.28297126839523473,1.5917414526128336e-06,6.363761953710127e-08,0.00018102552093391368,3.2711429450593644e-09,3.27114294496749e-09,0.05934256316962281
2367,User_2798,Unknown,3,0.0007429420505200594,0.2824961522317056,1.0224066971073945e-08,4.700571243353592e-08,5.373683202074864e-05,2.4657576560856154e-09,2.4657576560007107e-09,0.0534156404947154
2368,User_2799,Unknown,8,0.001981178801386825,0.28259500314927566,1.363208929476526e-08,4.8228506153163114e-08,0.00016587616639844984,2.5289794546754944e-09,2.52897945475011e-09,0.056265383936026724
2369,User_2800,Unknown,82,0.020307082714214955,0.2840661273302849,1.0161942879417429e-05,9.311790998191825e-08,0.00037309660309748445,4.618511864943069e-09,4.618511866116853e-09,0.0710501527431938
2370,User_2801,Unknown,10,0.0024764735017335313,0.28263456288933997,1.7927342976338568e-07,5.031005879729352e-08,0.0001059494401821215,2.627404709850058e-09,2.627404710134084e-09,0.055428744125922254
2371,User_2802,Unknown,10,0.0024764735017335313,0.28263456288933997,2.8886569083801295e-07,5.390854763829131e-08,9.2103674154778e-05,2.8145134141315684e-09,2.8145134140480727e-09,0.05516760624222551
2372,User_2803,Unknown,22,0.005448241703813769,0.2828721541155867,5.696892674003728e-06,5.848729916967275e-08,0.00019110838416897357,3.020756215713999e-09,3.0207562156224385e-09,0.05879947532445393
2373,User_2804,Unknown,9,0.002228826151560178,0.2826147816349384,5.846593374074132e-07,4.984174218366513e-08,9.049944175920489e-05,2.601632032456502e-09,2.6016320323787663e-09,0.054990539127062324
2374,User_2805,Unknown,8,0.001981178801386825,0.28259500314927566,8.097461041090565e-07,4.843842461032347e-08,0.000134113589966326,2.5386283254142643e-09,2.538628325340501e-09,0.05566645658775295
2375,User_2806,Unknown,50,0.012382367508667657,0.2834280901242367,1.2172165147851618e-05,7.18641800294426e-08,0.00027617484007393144,3.6358686863337584e-09,3.6358686863587687e-09,0.06451973314299791
2376,User_2807,Unknown,22,0.005448241703813769,0.2828721541155867,3.826276935245356e-06,5.4281162212364494e-08,0.00018069601502125938,2.8199729809280948e-09,2.8199729807145047e-09,0.05860248604366146
2377,User_2808,Unknown,3,0.0007429420505200594,0.2824961522317056,0.0,4.6887399947883595e-08,7.10905737667879e-05,2.4586836640031854e-09,2.45868366426286e-09,0.05374299550312394
2378,User_2809,Unknown,19,0.0047052996532937095,0.2828127188681888,2.1983914305109206e-06,5.384100869725467e-08,0.0001646804835103398,2.7944613622935933e-09,2.7944613620478686e-09,0.057859208025448236
2379,User_2810,Unknown,58,0.014363546310054482,0.2835873305709671,1.0973386925023039e-05,7.710587766314513e-08,0.0002896288940374178,3.883447093803488e-09,3.883447093658837e-09,0.0659487103206547
2380,User_2811,Unknown,7,0.001733531451213472,0.2825752274317705,3.419706971658257e-07,5.050125508761899e-08,8.134196300375543e-05,2.591921064906658e-09,2.591921065147637e-09,0.05452397231548239
2381,User_2812,Unknown,25,0.006191183754333828,0.28293161434977576,1.0440582884472885e-05,6.026772688380955e-08,0.0002064835260331226,3.0870892102195014e-09,3.0870892101280247e-09,0.05953161604138752
2382,User_2815,Unknown,57,0.014115898959881128,0.28356741573033706,2.907876747886356e-06,7.939277765863011e-08,0.00026577413539131,3.956697756043918e-09,3.9566977566468254e-09,0.06534938166353861
2383,User_2816,Unknown,11,0.0027241208519068845,0.28265434691306174,3.181145408999865e-07,5.1017447647641146e-08,0.00010894897439526571,2.658106050815164e-09,2.6581060507716363e-09,0.05563224910196191
2384,User_2817,Unknown,5,0.0012382367508667657,0.28253568429890846,0.0,4.723833381570683e-08,0.00013530540770155452,2.479880193380958e-09,2.479880193366562e-09,0.05524807521993166
2385,User_2818,Unknown,16,0.00396235760277365,0.2827533085918353,4.161135896716035e-06,5.427790110772518e-08,0.00015670199881207296,2.7877364783851054e-09,2.7877364788588834e-09,0.05726862208680084
2386,User_2819,Unknown,24,0.005943536404160475,0.28291179149443,5.447287143528717e-06,6.138002458330864e-08,0.00018655583215715368,3.199597677305748e-09,3.1995976773539903e-09,0.059007327113313926
2387,User_2820,Unknown,15,0.003714710252600297,0.2827335107127853,1.8336266602213723e-06,5.432845092746506e-08,0.00015295025233651193,2.736945681620475e-09,2.73694568160589e-09,0.05705026996074595
2388,User_2821,Unknown,13,0.0032194155522535907,0.2826939232707925,7.883435615656431e-07,5.1419092743562256e-08,0.00011370259711161395,2.6773495055616948e-09,2.6773495055396785e-09,0.056015823116360705
2389,User_2823,Unknown,38,0.009410599306587419,0.2831895644855881,2.2098857376381547e-06,7.095321369701762e-08,0.00023241485071639312,3.613638293788196e-09,3.6136382934590745e-09,0.06192817856154441
2390,User_2824,Unknown,6,0.0014858841010401188,0.2825554544818417,0.0,4.856059249619158e-08,0.00010574436362292453,2.5210209984748013e-09,2.521020998504603e-09,0.0548373151097628
2391,User_2825,Unknown,20,0.004952947003467063,0.2831299957930164,1.1967015839475613e-05,8.257163407804117e-08,0.00017043889701708984,3.783044639801546e-09,3.783044639588188e-09,0.05826870858476019
2392,User_2827,Unknown,75,0.018573551263001486,0.28392631134861485,7.593194350491165e-06,8.911689276987324e-08,0.00034033862977736874,4.4304910303061084e-09,4.43049103084024e-09,0.06940260959871092
2393,User_2828,Unknown,78,0.019316493313521546,0.283986215626978,1.0262961801425456e-05,1.0236694103809495e-07,0.00041515376358704155,5.119318911121723e-09,5.119318910999197e-09,0.07125567306964567
2394,User_2829,Unknown,28,0.006934125804853888,0.28299109958651625,1.6235201938523196e-06,6.599495469853563e-08,0.00022731269344580097,3.155008847061159e-09,3.155008847410209e-09,0.06036262782074279
2395,User_2830,Unknown,22,0.005448241703813769,0.2828721541155867,1.6932136695840805e-06,6.21952762384003e-08,0.0001712065070717355,3.042127244673063e-09,3.0421272442603845e-09,0.05842286536411212
2396,User_2831,Unknown,18,0.004457652303120356,0.2827929126689544,2.2307630590008197e-06,5.612967785263543e-08,0.00016032627792218103,2.93661357745038e-09,2.936613577093152e-09,0.05763020092289992
2397,User_2832,Unknown,30,0.007429420505200594,0.28303077030910495,8.520404822335894e-06,6.084142477728891e-08,0.00022922424258846647,3.1430508530010908e-09,3.143050853066353e-09,0.06069453811277832
2398,User_2833,Unknown,82,0.020307082714214955,0.2840661273302849,1.4412387883429339e-05,1.0715584779261244e-07,0.0004418342101788239,5.356938668520029e-09,5.356938669259405e-09,0.07234812850113348
2399,User_2834,Unknown,9,0.002228826151560178,0.2826147816349384,4.2941081278510575e-07,4.877716819290662e-08,0.0001318426411179655,2.5538360596308353e-09,2.5538360595712183e-09,0.05577038147209013
2400,User_2835,Unknown,44,0.010896483407627538,0.283308777099558,2.1950290220694124e-06,7.156465857909494e-08,0.00021692052990562066,3.6164590833145245e-09,3.6164590826964076e-09,0.06251742105768365
2401,User_2836,Unknown,31,0.007677067855373947,0.28305060984158137,1.2667806090944307e-05,6.253088165718918e-08,0.0002732944348880671,3.2078660385048687e-09,3.2078660386565546e-09,0.06167401721171545
2402,User_2837,Unknown,14,0.003467062902426944,0.28271371560596514,7.890395596830243e-07,5.101706840591139e-08,0.0001352993765581502,2.662216691686269e-09,2.6622166916404123e-09,0.05657010327028045
2403,User_2839,Unknown,137,0.03392768697374938,0.2851694915254237,5.758107540327041e-05,1.2045041240815101e-07,0.0006164365020273615,5.900549317090468e-09,5.900549317482002e-09,0.08374073068964323
2404,User_2840,Unknown,33,0.008172362555720653,0.2830902972518228,6.218745104527919e-06,6.612008421604413e-08,0.00022618690848714857,3.389866677078924e-09,3.3898666768146785e-09,0.061077301418336914
2405,User_2841,Unknown,31,0.007677067855373947,0.28305060984158137,1.3637981666629006e-05,6.125459617251313e-08,0.0002650163345776527,3.1905920225427612e-09,3.1905920226591215e-09,0.061518145999597484
2406,User_2842,Unknown,1,0.00024764735017335313,0.2824566312255176,0.0,4.600463966989186e-08,4.3996951131635546e-05,2.4184156671506717e-09,2.418415667059676e-09,0.05293816904830197
2407,User_2843,Unknown,29,0.007181773155027241,0.2830109335576114,2.6941490897086844e-06,6.146729713208878e-08,0.00023504696674132904,3.183542070215646e-09,3.1835420701028565e-09,0.06065574268357028
2408,User_2844,Unknown,29,0.007181773155027241,0.2830109335576114,6.8541883562281475e-06,6.47251805561061e-08,0.00022076090318477737,3.3566937720093768e-09,3.3566937718610153e-09,0.060387502117485274
2409,User_2845,Unknown,26,0.0064388311045071814,0.2829514399831827,3.4400672341447616e-06,7.005059057583571e-08,0.00018513614651056664,3.5139685104615186e-09,3.513968509808026e-09,0.05927377493997848
2410,User_2846,Unknown,27,0.006686478454680535,0.28297126839523473,1.4347501508722555e-06,5.9418973281655884e-08,0.00019295987295203345,3.058423241778429e-09,3.0584232419540593e-09,0.059567628190535744
2411,User_2847,Unknown,12,0.0029717682020802376,0.2826741337066853,1.9580548830602476e-06,7.857156628077804e-08,0.00012139383960052246,4.353977842780595e-09,4.3539778427384445e-09,0.05601449513223466
2412,User_2848,Unknown,21,0.005200594353640416,0.2828523395909218,6.0307510701400185e-06,5.60767492746786e-08,0.00018308345998113392,2.8914815286785724e-09,2.891481528787306e-09,0.058501289991953156
2413,User_2849,Unknown,81,0.020059435364041603,0.28404614518852,1.019414284509517e-05,1.039108421103585e-07,0.0004296930019654932,5.1969051883973035e-09,5.1969051882988335e-09,0.07197085306490322
2414,User_2850,Unknown,33,0.008172362555720653,0.2830902972518228,9.624690962489203e-07,6.510630576461793e-08,0.000170696166497098,3.308528224725247e-09,3.308528225161481e-09,0.060028963829450895
2415,User_2851,Unknown,22,0.005448241703813769,0.2828721541155867,2.424581696527716e-06,5.452628397369719e-08,0.00018312781913324197,2.830620384463434e-09,2.830620384582689e-09,0.05864794339899504
2416,User_2852,Unknown,11,0.0027241208519068845,0.28265434691306174,3.52268348287406e-08,5.216626233946526e-08,8.290788138871653e-05,2.704812501066727e-09,2.7048125007731664e-09,0.055140933367711586
2417,User_2853,Unknown,62,0.015354135710747894,0.2836670179135933,5.347679348969312e-06,9.153839837654824e-08,0.0003344566948582085,4.632483248173426e-09,4.632483248246801e-09,0.06738051321720177
2418,User_2854,Unknown,36,0.008915304606240713,0.2831498492391838,6.126842942532522e-06,6.341293680535899e-08,0.00021157798718533593,3.2430702812876175e-09,3.2430702809235323e-09,0.06124241925001831
2419,User_2855,Unknown,4,0.0009905894006934125,0.28251591688239,0.0,4.7803754304232917e-08,5.9585665375477487e-05,2.5033830328602484e-09,2.50338303284548e-09,0.05367284055985998
2420,User_2856,Unknown,18,0.004457652303120356,0.2827929126689544,3.4978037949070014e-06,5.7518817891597996e-08,0.00016416092130204225,3.0186898370828547e-09,3.0186898365823752e-09,0.057702919701304
2421,User_2857,Unknown,2,0.0004952947003467063,0.2824763903462749,0.0,4.6323635408494164e-08,6.178131645568159e-05,2.4342742718819516e-09,2.4342742717619637e-09,0.05342051781683358
2422,User_2858,Unknown,17,0.004210004952947003,0.2827731092436975,3.4749213593050742e-06,5.5498652951645944e-08,0.0001675912077600637,2.8809409036411283e-09,2.88094090343334e-09,0.05762072362345292
2423,User_2859,Unknown,20,0.004952947003467063,0.2828325278419836,2.646854156165683e-06,6.058801549200507e-08,0.000159939189774851,3.1549787341619714e-09,3.154978733987881e-09,0.05791682026843281
2424,User_2860,Unknown,3,0.0007429420505200594,0.2824961522317056,0.0,4.884967130220292e-08,5.654265954415125e-05,2.5062917274245828e-09,2.506291727448601e-09,0.05346857084705951
2425,User_2861,Unknown,11,0.0027241208519068845,0.28265434691306174,5.981079178078258e-07,4.914370183312291e-08,0.0002257792927075198,2.574623196248344e-09,2.574623195990919e-09,0.057836196412359195
2426,User_2862,Unknown,71,0.017582961862308073,0.28384647827920706,6.31759600794405e-06,8.616368286660862e-08,0.0003286224681105367,4.300990115958596e-09,4.300990116063266e-09,0.06859334043927573
2427,User_2863,Unknown,104,0.025755324418028726,0.28450644683999154,9.39314704476196e-05,1.1494927305877293e-07,0.0006335200977397432,5.77074834262707e-09,5.770748342054482e-09,0.0792216351528886
2428,User_2864,Unknown,75,0.018573551263001486,0.28392631134861485,8.28203408668142e-06,8.871291920205993e-08,0.00034427377141656005,4.419541864757447e-09,4.419541865065863e-09,0.06947704523436009
2429,User_2865,Unknown,39,0.009658246656760773,0.28320942628699675,1.540909612850205e-05,7.3885309429615e-08,0.00032238922588376945,3.851195718565141e-09,3.851195718442598e-09,0.06377630005995943
2430,User_2866,Unknown,78,0.019316493313521546,0.283986215626978,1.020334040927413e-05,9.090929295842917e-08,0.00035742791787008073,4.497950527394593e-09,4.497950528119214e-09,0.07016667689202054
2431,User_2867,Unknown,80,0.01981178801386825,0.2840261658577759,1.1387169437157197e-05,9.09375671555927e-08,0.000367019453534975,4.526552422282159e-09,4.526552423108368e-09,0.07064191442145462
2432,User_2868,Unknown,21,0.005200594353640416,0.2828523395909218,5.311738316547839e-06,5.538917466188175e-08,0.00017681490891079398,2.8628292629830128e-09,2.8628292625733743e-09,0.05838282479293424
2433,User_2870,Unknown,22,0.005448241703813769,0.2828721541155867,4.394790730829237e-06,5.976701660094878e-08,0.00018906407818821062,3.032615982652701e-09,3.0326159826343933e-09,0.058760527180126476
2434,User_2871,Unknown,42,0.010401188707280832,0.2832690284110838,1.1733847945729499e-05,6.925870082818954e-08,0.00029404982478713925,3.527891140278533e-09,3.527891140078941e-09,0.063681357050788
2435,User_2872,Unknown,76,0.018821198613174838,0.28394627663314814,7.069362870375499e-06,8.978536499886676e-08,0.0003437132625359688,4.461437795309819e-09,4.461437795889414e-09,0.06961308532828146
2436,User_2873,Unknown,73,0.018078256562654778,0.28388638920134984,9.344306076261169e-06,8.517396193001396e-08,0.00034347880036463934,4.2591655059007765e-09,4.259165505871393e-09,0.06916841547378083
2437,User_2874,Unknown,47,0.011639425458147598,0.2833684210526316,3.895006546745174e-06,7.048555497547178e-08,0.00023839113816367686,3.571440887966829e-09,3.571440887929514e-09,0.06336372467981072
2438,User_2875,Unknown,52,0.012877662209014363,0.2834678834678835,1.0384120251248513e-05,8.552247316474461e-08,0.0003091390456012867,4.3757378450142406e-09,4.375737844915367e-09,0.06543495990872214
2439,User_2876,Unknown,14,0.003467062902426944,0.28271371560596514,1.0387072122728543e-06,5.36157888076892e-08,0.0001224017328388072,2.7612613170976587e-09,2.7612613170462564e-09,0.05632688666714296
2440,User_2877,Unknown,104,0.025755324418028726,0.28450644683999154,2.4728911996322138e-05,1.0387521084201169e-07,0.0004710583788921481,5.1306661177639295e-09,5.1306661182283906e-09,0.07613635975483914
2441,User_2878,Unknown,11,0.0027241208519068845,0.28265434691306174,1.014011590767976e-06,5.279637259750448e-08,0.00010821041452689379,2.765751418291974e-09,2.765751418341974e-09,0.05561853159223742
2442,User_2879,Unknown,16,0.00396235760277365,0.2827533085918353,8.832531622283624e-08,5.1003222639656466e-08,0.00021774077552494416,2.66615341157233e-09,2.666153411908292e-09,0.05841882760694549
2443,User_2880,Unknown,66,0.016344725111441305,0.28374675005270183,5.582320397688069e-06,8.371829559410428e-08,0.00030694818302446123,4.18650360691477e-09,4.186503607441368e-09,0.0674494499102564
2444,User_2881,Unknown,45,0.01114413075780089,0.2833286556272804,2.280311083363331e-05,7.585555659678238e-08,0.0003047931423991412,3.792831863940129e-09,3.7928318639087126e-09,0.06432810550997256
2445,User_2882,Unknown,10,0.0024764735017335313,0.28263456288933997,1.1554656258309426e-06,5.293938610301242e-08,0.00010742436524774915,2.7645272572215607e-09,2.7645272568917977e-09,0.055456867467545065
2446,User_2884,Unknown,6,0.0014858841010401188,0.2825554544818417,3.321892304965298e-07,4.821250634541687e-08,8.057803976498663e-05,2.523817868191808e-09,2.5238178683706175e-09,0.05436267946732905
2447,User_2886,Unknown,10,0.0024764735017335313,0.28263456288933997,2.9766640695783865e-07,4.928023303251989e-08,0.00016533115343032084,2.580353782343868e-09,2.5803537823666683e-09,0.056548943912327974
2448,User_2887,Unknown,40,0.009905894006934125,0.28322929087465804,3.4608310247234935e-06,6.658858850432776e-08,0.0002125156202856751,3.389009061202753e-09,3.389009061003218e-09,0.06184699433651743
2449,User_2888,Unknown,15,0.003714710252600297,0.2827335107127853,6.230885565853099e-07,5.183854198645043e-08,0.00013280893105970833,2.699985607647727e-09,2.6999856075873747e-09,0.05666996154978774
2450,User_2889,Unknown,19,0.0047052996532937095,0.2828127188681888,2.756222563274789e-06,5.208072078058356e-08,0.00024831155995124854,2.719556062469256e-09,2.7195560625371725e-09,0.05943697265474229
2451,User_2890,Unknown,88,0.021792966815255076,0.2841860792455486,2.1153883292140763e-05,9.338475094618587e-08,0.0004169384000959002,4.644524258553059e-09,4.644524258648373e-09,0.07276235158714048
2452,User_2891,Unknown,22,0.005448241703813769,0.2828721541155867,6.981354874674295e-07,5.728898901619377e-08,0.00013376004168693618,2.94878185494415e-09,2.948781854677164e-09,0.05771617294079214
2453,User_2893,Unknown,8,0.001981178801386825,0.28259500314927566,8.967967314627717e-07,4.872182025665685e-08,0.000112385784324794,2.5476104202815916e-09,2.5476104202455604e-09,0.05525661302689294
2454,User_2894,Unknown,61,0.01510648836057454,0.2836470918797415,1.7608820769992178e-05,1.0867842185548125e-07,0.0003605923570811949,5.784168425892672e-09,5.78416842589998e-09,0.06773030686730676
2455,User_2895,Unknown,9,0.002228826151560178,0.2826147816349384,5.959657323472199e-07,5.057056651125752e-08,9.890287762298275e-05,2.6181967507123925e-09,2.6181967509452835e-09,0.055149065591439415
2456,User_2896,Unknown,50,0.012382367508667657,0.2834280901242367,5.226733605958787e-06,7.457492219666583e-08,0.00024901937748478644,3.738776102974278e-09,3.738776103198263e-09,0.06400542029851647
2457,User_2897,Unknown,54,0.01337295690936107,0.28350768798708137,2.890734187693774e-06,7.724965573772214e-08,0.00025461772730480097,3.8784087237339364e-09,3.878408724188281e-09,0.06469809085908106
2458,User_2898,Unknown,8,0.001981178801386825,0.28259500314927566,4.62074715056329e-08,5.0838180008607634e-08,9.910864097805705e-05,2.6752702659973274e-09,2.675270266190134e-09,0.05500591110577915
2459,User_2899,Unknown,6,0.0014858841010401188,0.2825554544818417,8.763485975206239e-09,4.774567060948864e-08,8.237874134033054e-05,2.504090415782971e-09,2.5040904159926627e-09,0.054396549875544147
2460,User_2900,Unknown,11,0.0027241208519068845,0.28265434691306174,8.118396035364669e-08,5.490915971652598e-08,0.00010964192084075781,2.727831914703294e-09,2.727831914657987e-09,0.05564525939155552
2461,User_2901,Unknown,77,0.01906884596334819,0.2839662447257384,3.7956333591064996e-05,1.1608587039516184e-07,0.0004567620820004493,6.119885544712005e-09,6.119885544719358e-09,0.07190189375971383
2462,User_2902,Unknown,7,0.001733531451213472,0.2825752274317705,0.0,4.7882855030788426e-08,0.00015833869856357477,2.5119012717562153e-09,2.5119012718308597e-09,0.055976318633703274
2463,User_2904,Unknown,72,0.017830609212481426,0.2838664323374341,4.102386146547192e-05,8.632577529004141e-08,0.000446021944705703,4.3191275478550195e-09,4.319127547822686e-09,0.07096523165301469
2464,User_2905,Unknown,74,0.01832590391282813,0.2839063488715461,6.700469663471194e-06,8.91744634937193e-08,0.00033669495265685115,4.421993034157048e-09,4.421993034120244e-09,0.06918664107505824
2465,User_2906,Unknown,92,0.022783556215948488,0.2842661034846885,1.1129622595124735e-05,9.902348876976087e-08,0.0004083077736840356,4.900320593105154e-09,4.900320593551627e-09,0.07318454931129245
2466,User_2907,Unknown,32,0.0079247152055473,0.28307045215562565,1.3063942928953254e-06,6.275779942620706e-08,0.00017528127580364872,3.206446547247309e-09,3.2064465472828126e-09,0.059968641242129715
2467,User_2908,Unknown,27,0.006686478454680535,0.28297126839523473,2.193045445334907e-07,6.188053227868736e-08,0.0001449652810084732,3.1568930827493845e-09,3.156893083163208e-09,0.05866191186037678
2468,User_2909,Unknown,77,0.01906884596334819,0.2839662447257384,1.4086377340451254e-05,8.883999756787434e-08,0.0003653406077010438,4.423125965637876e-09,4.4231259659739435e-09,0.07017011532385227
2469,User_2910,Unknown,83,0.02055473006438831,0.284086112283664,1.1857452266339801e-05,9.434422548062587e-08,0.00037047711488214164,4.676212656436197e-09,4.676212657485675e-09,0.07114822808804848
2470,User_2911,Unknown,69,0.017087667161961365,0.2838065785774529,4.411879273565122e-06,8.576895681129855e-08,0.0003136188446977882,4.273355310004217e-09,4.273355310671584e-09,0.06801582057235868
2471,User_2912,Unknown,61,0.01510648836057454,0.2836470918797415,3.246252330473246e-06,8.148753978266595e-08,0.0002812833028426983,4.072685791708752e-09,4.0726857924002395e-09,0.06622984135191468
2472,User_2913,Unknown,75,0.018573551263001486,0.28392631134861485,1.50497934846403e-05,8.92200056717131e-08,0.00034478701676918873,4.439449540940383e-09,4.43944954155152e-09,0.06948874075440088
2473,User_2914,Unknown,41,0.010153541357107478,0.28324915824915825,1.3057321909096929e-05,7.310714129771393e-08,0.00027618226172520177,3.7468849439224204e-09,3.746884943846602e-09,0.06319779316446406
2474,User_2915,Unknown,91,0.022535908865775136,0.28424609320005634,2.3444975861419492e-05,9.542841158833577e-08,0.0004274462849222811,4.7255056209698615e-09,4.725505620915045e-09,0.07340223003402876
2475,User_2916,Unknown,87,0.021545319465081723,0.2841660802251935,1.0428977312916817e-05,9.622598218362182e-08,0.00038965524328405196,4.751134521447539e-09,4.751134522340641e-09,0.07209751913313192
2476,User_2917,Unknown,18,0.004457652303120356,0.2827929126689544,1.9964017847697753e-07,5.550031987979906e-08,0.00011144522587980599,2.8623683595816435e-09,2.8623683593329724e-09,0.05670750733914154
2477,User_2918,Unknown,20,0.004952947003467063,0.2828325278419836,1.120553131147067e-06,7.893742728392383e-08,0.00017252942506914963,4.381929898628725e-09,4.381929898702061e-09,0.058153951719879915
2478,User_2919,Unknown,70,0.01733531451213472,0.2838265270260772,9.923008752114742e-06,8.668436975161745e-08,0.0003273711828506155,4.299681698627134e-09,4.2996816992371806e-09,0.06842384567519878
2479,User_2920,Unknown,74,0.01832590391282813,0.2839063488715461,1.2095565568224911e-05,8.846879823919139e-08,0.00034455824292807725,4.39054599241996e-09,4.3905459933093995e-09,0.06933657450894944
2480,User_2921,Unknown,40,0.009905894006934125,0.28322929087465804,1.3929916916211638e-05,7.252568109798909e-08,0.00028321627450489747,3.675434974259761e-09,3.675434974025146e-09,0.06318381629052545
2481,User_2922,Unknown,3,0.0007429420505200594,0.2824961522317056,0.0,4.6643400045471407e-08,7.072224653671588e-05,2.4501604875529996e-09,2.4501604875916e-09,0.05373604666636928
2482,User_2923,Unknown,16,0.00396235760277365,0.2827533085918353,3.713728332183426e-06,6.191146156898547e-08,0.00015262615795247602,3.246530599833501e-09,3.246530600013216e-09,0.05719163584033498
2483,User_2924,Unknown,40,0.009905894006934125,0.28322929087465804,3.51806125474066e-06,6.771241344508124e-08,0.0002073794638527879,3.4200110685541657e-09,3.4200110685555314e-09,0.06175012674557389
2484,User_2925,Unknown,79,0.0195641406636949,0.2840061893374596,1.06726856892688e-05,9.106616627560093e-08,0.00036265133387627577,4.511623100405374e-09,4.511623101081419e-09,0.07041232578368932
2485,User_2926,Unknown,10,0.0024764735017335313,0.28263456288933997,4.345228462706427e-07,4.921680316468295e-08,0.00014228408826443535,2.5768831055139347e-09,2.5768831056765928e-09,0.05611422773067682
2486,User_2927,Unknown,92,0.022783556215948488,0.2842661034846885,1.663648936863541e-05,9.805797307839246e-08,0.000420202820114676,4.8589927814733406e-09,4.85899278227553e-09,0.07341056960780803
2487,User_2928,Unknown,86,0.02129767211490837,0.2841460840194216,1.920072461135509e-05,9.367510913795191e-08,0.00040197499813236537,4.658393189927871e-09,4.6583931904367654e-09,0.07218553082517765
2488,User_2929,Unknown,48,0.01188707280832095,0.2833883079514352,3.3612199541140833e-06,7.203394463471907e-08,0.0002396526217185199,3.640116121755167e-09,3.6401161215110494e-09,0.06353429859119762
2489,User_2930,Unknown,8,0.001981178801386825,0.28259500314927566,1.7526971950412477e-08,4.819148786691636e-08,0.00017808458389766957,2.5272764364617563e-09,2.527276436393949e-09,0.05649568283807627
2490,User_2931,Unknown,53,0.013125309559187715,0.2834877843302443,6.829987142921593e-06,7.374667361164516e-08,0.000264711519560449,3.723789428837158e-09,3.723789428992002e-09,0.06474271827333046
2491,User_2932,Unknown,40,0.009905894006934125,0.28322929087465804,8.61862420297827e-06,6.957617501950472e-08,0.0002924879187480392,3.583964258212989e-09,3.5839642581913233e-09,0.06335712756367909
2492,User_2933,Unknown,14,0.003467062902426944,0.28271371560596514,1.0256199752983033e-06,5.35166325432315e-08,0.00017810553522232283,2.805869357552991e-09,2.805869357253193e-09,0.057377673443471715
2493,User_2934,Unknown,20,0.004952947003467063,0.2828325278419836,3.6340516588048607e-06,6.142624530249135e-08,0.00018754473758627073,3.0976711946639295e-09,3.097671194861088e-09,0.05843785952933566
2494,User_2935,Unknown,12,0.0029717682020802376,0.2826741337066853,6.410489990863365e-07,5.265643688112322e-08,0.0001550759831690238,2.765013365520698e-09,2.7650133653054217e-09,0.05664936581299461
2495,User_2936,Unknown,60,0.014858841010401188,0.2836271686450797,1.6384391283631643e-05,8.578677014102148e-08,0.0003597163634218626,4.323215492880205e-09,4.3232154925104165e-09,0.06756636663943213
2496,User_2937,Unknown,63,0.015601783060921248,0.28368694674722494,1.045339039485738e-05,9.189576125783395e-08,0.000355278501276243,4.6131211669317935e-09,4.613121166451881e-09,0.06792176232404355
2497,User_2939,Unknown,69,0.017087667161961365,0.2838065785774529,7.414410059358732e-06,9.64860446036365e-08,0.0003746410568617107,4.860249998043315e-09,4.860249997746418e-09,0.06916787114785496
2498,User_2940,Unknown,64,0.0158494304110946,0.2837068783812267,5.110727304404787e-06,8.30988045450574e-08,0.00029581520273891024,4.151907119559683e-09,4.151907120378953e-09,0.06694538524194056
2499,User_2942,Unknown,10,0.0024764735017335313,0.28263456288933997,7.25567952713881e-07,5.256902954261637e-08,9.947896077733791e-05,2.667265009807864e-09,2.6672650097900747e-09,0.05530685356453909
2500,User_2943,Unknown,82,0.020307082714214955,0.2840661273302849,1.534685370211577e-05,9.113565097883329e-08,0.00038127376353539133,4.532501975618668e-09,4.5325019765545234e-09,0.0712059400324274
2501,User_2944,Unknown,106,0.02625061911837543,0.28454654358396164,3.4157163380659e-05,1.0379033123865315e-07,0.0004889080462353033,5.129308251263332e-09,5.1293082516558235e-09,0.0767699013752396
2502,User_2945,Unknown,54,0.01337295690936107,0.28350768798708137,4.652663230325059e-06,7.509042521721476e-08,0.00026256195205969716,3.784179180004732e-09,3.784179180196309e-09,0.064848465787095
2503,User_2946,Unknown,59,0.014611193660227836,0.2836072482090181,4.568367558691712e-05,1.052794376964206e-07,0.000339639104162106,5.6182655186314845e-09,5.618265518682201e-09,0.06704948467509134
2504,User_2947,Unknown,17,0.004210004952947003,0.2827731092436975,4.5412749389985706e-07,6.37223324418736e-08,0.00014862851286155372,3.0636901380381894e-09,3.063690137933606e-09,0.05726213677351204
2505,User_2948,Unknown,21,0.005200594353640416,0.2828523395909218,1.3306388742942703e-06,5.588316772702976e-08,0.00013931710988885748,2.8863074913231952e-09,2.8863074912486266e-09,0.057674289822877194
2506,User_2949,Unknown,20,0.004952947003467063,0.2828325278419836,4.053988612130407e-06,5.6850563817391764e-08,0.0002768800770579753,2.9941764124892094e-09,2.994176412268794e-09,0.06012318203150035
2507,User_2950,Unknown,48,0.01188707280832095,0.2833883079514352,1.7263561870718006e-05,8.019322029579267e-08,0.0003053427134253877,4.076014319289417e-09,4.076014319092986e-09,0.06477763300457126
2508,User_2951,Unknown,102,0.02526002971768202,0.28446636139485737,0.00011415230063833938,1.1687319925291026e-07,0.0006728882867537071,5.547290681966459e-09,5.547290681064933e-09,0.07967625577299561
2509,User_2952,Unknown,3,0.0007429420505200594,0.2824961522317056,6.134440182644368e-08,4.6998627854938147e-08,6.13531505818044e-05,2.468618396050855e-09,2.4686183960046047e-09,0.05355932898309817
2510,User_2953,Unknown,34,0.008420009905894007,0.2831101451307579,1.1297263809378297e-06,6.457002251447847e-08,0.00017934881920499672,3.288986055474411e-09,3.2889860553280674e-09,0.06033914509272104
2511,User_2954,Unknown,13,0.0032194155522535907,0.2826939232707925,1.5156448994119192e-06,5.27898210924155e-08,0.0001349698561023457,2.772370197818559e-09,2.7723701981625974e-09,0.05641722842935161
2512,User_2955,Unknown,44,0.010896483407627538,0.283308777099558,1.4264779994275546e-05,7.205923174232471e-08,0.00033037559038043187,3.6927557071197804e-09,3.6927557072079433e-09,0.06466121405876936
2513,User_2956,Unknown,96,0.0237741456166419,0.28434617280473207,1.6416491784721016e-05,9.956105968343363e-08,0.0004330368761538306,4.933413867823026e-09,4.933413868128883e-09,0.07424059710562456
2514,User_2957,Unknown,14,0.003467062902426944,0.28271371560596514,2.4131719213726243e-06,5.953744161312259e-08,0.00014535844760501536,3.104407161195178e-09,3.1044071612575985e-09,0.056760372441161354
2515,User_2958,Unknown,42,0.010401188707280832,0.2832690284110838,1.9047958749637534e-05,7.564227115430107e-08,0.0002888890756541098,3.760929942626725e-09,3.760929942949826e-09,0.0635862003158563
2516,User_2959,Unknown,17,0.004210004952947003,0.2827731092436975,2.9629570786940893e-07,5.1314819729202987e-08,0.00023185990503617667,2.681663479944773e-09,2.681663480014686e-09,0.05883211876248497
2517,User_2960,Unknown,92,0.022783556215948488,0.2842661034846885,1.485662626047249e-05,9.815042818454636e-08,0.0004140353581906268,4.858865290601405e-09,4.858865291371464e-09,0.07329369845168594
2518,User_2961,Unknown,11,0.0027241208519068845,0.28265434691306174,8.249640643312696e-07,5.112256093878727e-08,0.00010301678482316643,2.6469491682421606e-09,2.64694916799009e-09,0.055520495429842665
2519,User_2963,Unknown,4,0.0009905894006934125,0.28251591688239,3.271701430743663e-08,4.7353545864193e-08,5.9558784573944855e-05,2.482846604358561e-09,2.482846604241435e-09,0.05367234157759793
2520,User_2965,Unknown,17,0.004210004952947003,0.2827731092436975,2.4330543651179705e-06,5.5710095384538745e-08,0.0001398282275214944,2.854896428651712e-09,2.8548964289711947e-09,0.05709669600481853
2521,User_2966,Unknown,107,0.026498266468548786,0.2845665961945032,2.6836664021885612e-05,1.0563970250330628e-07,0.00047929482252548144,5.213362579029892e-09,5.213362579564626e-09,0.07673340393522148
2522,User_2967,Unknown,22,0.005448241703813769,0.2828721541155867,1.2959802158508879e-06,5.723384701963689e-08,0.00014198378002321685,2.9466777179664077e-09,2.946677717848631e-09,0.057871481947114
2523,User_2969,Unknown,71,0.017582961862308073,0.28384647827920706,6.658660592633006e-06,8.724259747062719e-08,0.0003259437830799526,4.331330546393703e-09,4.3313305467161694e-09,0.06854291453021709
2524,User_2970,Unknown,44,0.010896483407627538,0.283308777099558,7.77238118947534e-07,7.798838931341904e-08,0.00024379902080538977,3.973341381862758e-09,3.973341381691118e-09,0.06302405792870433
2525,User_2972,Unknown,17,0.004210004952947003,0.2827731092436975,2.5550566405753983e-07,5.1313361153784076e-08,0.00023061571966048703,2.681581012364885e-09,2.6815810125357237e-09,0.05880863649084681
2526,User_2973,Unknown,73,0.018078256562654778,0.28388638920134984,1.3379145653375513e-05,9.439192605514022e-08,0.00039773524261796215,4.696005989802626e-09,4.696005989341621e-09,0.07019313516295386
2527,User_2974,Unknown,59,0.014611193660227836,0.2836072482090181,3.4539764876688814e-06,7.990731473485919e-08,0.00027442701885333403,4.001076817234433e-09,4.0010768175167475e-09,0.06580666468925521
2528,User_2975,Unknown,3,0.0007429420505200594,0.2824961522317056,6.134440182644368e-08,4.665982946920383e-08,6.980601871186415e-05,2.4508526355750915e-09,2.45085263552055e-09,0.053718781367417846
2529,User_2977,Unknown,33,0.008172362555720653,0.2830902972518228,9.576648922201234e-07,6.2955771572463e-08,0.00017777541517989122,3.217459513396542e-09,3.217459513026633e-09,0.060162496883997836
2530,User_2978,Unknown,25,0.006191183754333828,0.28293161434977576,4.030634233797787e-06,5.5908013213458286e-08,0.00021475743434705696,2.8965265954340617e-09,2.896526595650375e-09,0.05968577279546062
2531,User_2980,Unknown,5,0.0012382367508667657,0.28253568429890846,0.0,5.080325387440167e-08,6.965007374290448e-05,2.6530711959862746e-09,2.6530711959920793e-09,0.05400957561589469
2532,User_2981,Unknown,23,0.005695889053987122,0.2828919714165616,1.53927416630015e-06,5.767642159994733e-08,0.0001451810643410567,2.968667864231724e-09,2.968667864355397e-09,0.05807876439473193
2533,User_2982,Unknown,15,0.003714710252600297,0.2827335107127853,4.887328716941941e-08,5.067643755445824e-08,0.00020573585136756731,2.6499373780011226e-09,2.649937378188694e-09,0.05804546997723047
2534,User_2983,Unknown,17,0.004210004952947003,0.2827731092436975,1.4938822425734902e-06,5.4049218482057104e-08,0.00022686078650846318,2.835327507540247e-09,2.8353275072300623e-09,0.05873818340188212
2535,User_2984,Unknown,24,0.005943536404160475,0.28291179149443,3.6949607086105096e-06,6.255615864638405e-08,0.0001786799391127572,3.242768753339256e-09,3.2427687528700714e-09,0.05885824018318845
2536,User_2985,Unknown,60,0.014858841010401188,0.2836271686450797,2.0759159679676486e-06,8.130786068225836e-08,0.00027353630169386553,4.063087703104915e-09,4.063087703666523e-09,0.06593640527685102
2537,User_2986,Unknown,100,0.024764735017335313,0.2844262872437839,1.5361860149334497e-05,1.0225996593863365e-07,0.00044156280490744565,5.0518222057088655e-09,5.051822206800871e-09,0.07498913530484212
2538,User_2987,Unknown,27,0.006686478454680535,0.28297126839523473,1.1259133837984391e-06,6.000011912880765e-08,0.0001544749079063947,3.076996861560169e-09,3.0769968615461702e-09,0.058841563117142816
2539,User_2988,Unknown,63,0.015601783060921248,0.28368694674722494,7.199182035821687e-06,8.018707024714994e-08,0.00030162709416760406,4.0226133084580655e-09,4.02261330859128e-09,0.06690867710672085
2540,User_2989,Unknown,58,0.014363546310054482,0.2835873305709671,1.364022445211034e-05,8.426641630013658e-08,0.000339613169192904,4.2167870684746924e-09,4.2167870682467264e-09,0.06689242582833245
2541,User_2990,Unknown,13,0.0032194155522535907,0.2826939232707925,3.9150117568831507e-07,5.277603284007564e-08,0.00011890699524092491,2.710676748346498e-09,2.7106767482162195e-09,0.05611388376216903
2542,User_2991,Unknown,61,0.01510648836057454,0.2836470918797415,3.7302192164122837e-06,9.187375772258092e-08,0.00032813633496759726,4.643265788482057e-09,4.643265788357087e-09,0.067113856476354
2543,User_2992,Unknown,72,0.017830609212481426,0.2838664323374341,2.1153100911885655e-05,9.44786722472444e-08,0.0004028201871669964,4.7384133596379026e-09,4.738413359311959e-09,0.07014440399532859
2544,User_2993,Unknown,56,0.013868251609707775,0.28354750368653886,4.810451000870708e-06,7.598372673945536e-08,0.00027177360785606404,3.827110225837329e-09,3.827110225680227e-09,0.06531616595412035
2545,User_2994,Unknown,65,0.016097077761267953,0.2837268128161889,7.841830844184327e-06,8.0884135581969e-08,0.0003080668303534193,4.0569612804225825e-09,4.056961280377403e-09,0.06732425719053074
2546,User_2995,Unknown,15,0.003714710252600297,0.2827335107127853,2.3091724170121385e-06,5.628021956700801e-08,0.00012971108679828397,2.815493624980672e-09,2.8154936249078067e-09,0.05661203756448004
2547,User_2996,Unknown,39,0.009658246656760773,0.28320942628699675,1.3916525438959534e-05,6.942649879341196e-08,0.00027517815607051984,3.5449743579447597e-09,3.5449743578948824e-09,0.0628852523291316
2548,User_2997,Unknown,14,0.003467062902426944,0.28271371560596514,1.6370191801685255e-06,5.307122278206918e-08,0.00017827698519894464,2.7858652365439884e-09,2.785865236357282e-09,0.05738108781845187
2549,User_2998,Unknown,3,0.0007429420505200594,0.2824961522317056,4.089626788429578e-08,4.6927643585997646e-08,5.733237910593593e-05,2.462863131617019e-09,2.462863131720969e-09,0.05348347525841756
2550,User_3000,Unknown,91,0.022535908865775136,0.28424609320005634,1.5608513666854406e-05,9.637591931706892e-08,0.0004157884422457044,4.78618052226712e-09,4.786180522377492e-09,0.07317999260815043
2551,User_3002,Unknown,72,0.017830609212481426,0.2838664323374341,5.198475341455086e-05,1.011845855056514e-07,0.0004904508913707007,4.893224276778085e-09,4.893224275877764e-09,0.07180664080046031
2552,User_3004,Unknown,53,0.013125309559187715,0.2834877843302443,3.3943937444150705e-06,7.672139802431215e-08,0.000255156667477252,3.854383017439561e-09,3.8543830171546355e-09,0.06456146603896494
2553,User_3006,Unknown,2,0.0004952947003467063,0.2824763903462749,0.0,4.675777425332375e-08,4.916237492585448e-05,2.453955534318065e-09,2.4539555338945564e-09,0.05318247743918576
2554,User_3007,Unknown,24,0.005943536404160475,0.28291179149443,3.999067997700967e-06,6.228632745929488e-08,0.00017330245390956867,3.181995006334449e-09,3.1819950057010446e-09,0.058756887222928815
2555,User_3008,Unknown,16,0.00396235760277365,0.2827533085918353,5.705254074627857e-08,5.100746861222122e-08,0.00021745041812683405,2.6663511400392577e-09,2.666351140033365e-09,0.0584133410638785
2556,User_3009,Unknown,19,0.0047052996532937095,0.2828127188681888,2.6934199716120415e-06,5.641819739543428e-08,0.0001475837004220308,2.895373483717944e-09,2.895373483594432e-09,0.057536852445269106
2557,User_3010,Unknown,32,0.0079247152055473,0.28307045215562565,8.478011240042033e-06,6.029405660864418e-08,0.00023462356077870388,3.0973130703194284e-09,3.0973130701329905e-09,0.061090189122952755
2558,User_3012,Unknown,11,0.0027241208519068845,0.28265434691306174,2.577925457706502e-07,5.1751092597236295e-08,0.00015364637827564335,2.72205558837777e-09,2.722055588178753e-09,0.05647540082487428
2559,User_3013,Unknown,24,0.005943536404160475,0.28291179149443,1.1508885615168398e-06,5.749918381223302e-08,0.00017762885144256802,2.968215391994061e-09,2.9682153920740452e-09,0.05883763586917012
2560,User_3014,Unknown,43,0.010648836057454186,0.2832889013610215,2.4147482177818053e-06,6.951618448656727e-08,0.00021639295071373973,3.5208570051172375e-09,3.520857004902224e-09,0.062360601702161865
2561,User_3015,Unknown,10,0.0024764735017335313,0.28263456288933997,1.0310812023974969e-06,5.025690510942308e-08,0.00010191503159534055,2.6225127128871537e-09,2.6225127125655864e-09,0.05535289253978846
2562,User_3016,Unknown,29,0.007181773155027241,0.2830109335576114,6.2506974020888044e-06,6.443976227845259e-08,0.00020351938370339825,3.2962212238415054e-09,3.296221223691381e-09,0.060062077838467176
2563,User_3017,Unknown,70,0.01733531451213472,0.2838265270260772,3.202102393866421e-05,9.396953835548536e-08,0.0004277303438533285,4.782297760188486e-09,4.7822977596934525e-09,0.07032360999145341
2564,User_3018,Unknown,30,0.007429420505200594,0.28303077030910495,7.424834830988114e-06,7.213229212644053e-08,0.00022742304118253086,3.4874901030657898e-09,3.487490102763285e-09,0.06066026778430857
2565,User_3021,Unknown,50,0.012382367508667657,0.2834280901242367,1.5779760477858003e-06,8.4035566107534e-08,0.00027436741845915434,4.272180896722932e-09,4.272180895765521e-09,0.06448253650601717
2566,User_3022,Unknown,80,0.01981178801386825,0.2840261658577759,7.940135627580808e-06,9.2202986729804e-08,0.0003592431409075989,4.577266465337753e-09,4.577266465942397e-09,0.0704942026149801
2567,User_3023,Unknown,35,0.00866765725606736,0.2831299957930164,2.363397740808684e-06,6.399848542663693e-08,0.0001942773090680445,3.265883394821671e-09,3.265883394753439e-09,0.06076803110638853
2568,User_3024,Unknown,14,0.003467062902426944,0.28271371560596514,1.8044528724856262e-06,5.522592743010318e-08,0.00012633687362286156,2.7899216582778503e-09,2.789921658513192e-09,0.05640135001647461
2569,User_3025,Unknown,54,0.01337295690936107,0.28350768798708137,9.769205075343332e-06,7.318491351609562e-08,0.00029082921353165193,3.7032838453466442e-09,3.703283845084049e-09,0.06538320995835457
2570,User_3026,Unknown,96,0.0237741456166419,0.28434617280473207,2.5756772201756147e-05,9.797924653875045e-08,0.00045028789396269565,4.859737921178958e-09,4.859737920660865e-09,0.0745687889298029
2571,User_3027,Unknown,66,0.016344725111441305,0.28374675005270183,3.8009071799600934e-05,8.434858050092059e-08,0.0004336267789624251,4.239108072016982e-09,4.239108072102877e-09,0.0698487410291287
2572,User_3028,Unknown,12,0.0029717682020802376,0.2826741337066853,1.2422241369854848e-06,4.997929117852243e-08,0.00017346547941954937,2.6159033111346582e-09,2.6159033121222502e-09,0.05699643045188228
2573,User_3029,Unknown,52,0.012877662209014363,0.2834678834678835,3.1185128352752984e-06,7.448589882134126e-08,0.0002528981902357166,3.754548041418106e-09,3.754548041399824e-09,0.06437183469366783
2574,User_3030,Unknown,8,0.001981178801386825,0.28259500314927566,6.846401821022234e-08,4.877357757470023e-08,8.94785406732646e-05,2.552825168055857e-09,2.552825168094321e-09,0.054824248047892876
2575,User_3031,Unknown,1,0.00024764735017335313,0.2824566312255176,0.0,4.600463966989186e-08,4.3996951131635546e-05,2.4184156671506717e-09,2.41841566714938e-09,0.05293816904830197
2576,User_3032,Unknown,22,0.005448241703813769,0.2828721541155867,1.332839266265654e-06,5.824717146936901e-08,0.00018401080549024964,3.033746785639752e-09,3.0337467857999215e-09,0.05866429041571391
2577,User_3033,Unknown,88,0.021792966815255076,0.2841860792455486,1.2824629024642823e-05,9.648198233368943e-08,0.00039723148826764973,4.764611404183132e-09,4.764611405107518e-09,0.07238813713489999
2578,User_3035,Unknown,90,0.02228826151560178,0.28422608573238545,2.6149946062177573e-05,1.0777577331661024e-07,0.0004866013839250802,5.399501743866469e-09,5.3995017434368094e-09,0.07437198586436507
2579,User_3036,Unknown,38,0.009410599306587419,0.2831895644855881,5.977714922727492e-06,6.579047674093331e-08,0.00022307965456294461,3.333825599169792e-09,3.333825599018811e-09,0.0617531800971756
2580,User_3037,Unknown,3,0.0007429420505200594,0.2824961522317056,0.0,4.6609232812374614e-08,0.00010262348308650565,2.4485753755416093e-09,2.4485753754588177e-09,0.05433782700271838
2581,User_3038,Unknown,88,0.021792966815255076,0.2841860792455486,3.9039154957137206e-05,1.0243134774674006e-07,0.0005084194827407165,5.103621180753143e-09,5.1036211806002015e-09,0.07449339017384463
2582,User_3039,Unknown,22,0.005448241703813769,0.2828721541155867,3.931906251824525e-07,6.015188088624697e-08,0.0001544003671703009,3.1137079036599935e-09,3.1137079033126405e-09,0.05810545048222664
2583,User_3040,Unknown,51,0.01263001485884101,0.28344798539941035,1.4409319806302008e-06,7.587669276070477e-08,0.00023917321582893192,3.81257220102023e-09,3.812572201365782e-09,0.06396549844873531
2584,User_3041,Unknown,27,0.006686478454680535,0.28297126839523473,4.0460219186267036e-06,6.141022422647693e-08,0.00019049532575839175,3.1764499054187085e-09,3.176449905565876e-09,0.059521922137650285
2585,User_3042,Unknown,20,0.004952947003467063,0.2828325278419836,2.569079259469388e-06,5.557462590516833e-08,0.00014563581091242296,2.8714846885052194e-09,2.871484688293284e-09,0.05764695946141053
2586,User_3043,Unknown,17,0.004210004952947003,0.2827731092436975,2.637809669066756e-06,5.997477316610125e-08,0.00014734684386975876,3.1526621554212222e-09,3.1526621554128325e-09,0.057238607297869414
2587,User_3044,Unknown,6,0.0014858841010401188,0.2825554544818417,1.6358507153718312e-07,4.880733380885354e-08,7.111370146845115e-05,2.5498064233829653e-09,2.5498064234014065e-09,0.05418409749306001
2588,User_3045,Unknown,8,0.001981178801386825,0.28259500314927566,6.584299129371621e-07,4.832879754526412e-08,0.00011686440967988788,2.533349488809498e-09,2.5333494888477673e-09,0.05534102506820652
2589,User_3046,Unknown,37,0.009162951956414065,0.2831697054698457,9.016214224383529e-06,6.744983305499414e-08,0.0002456337874548747,3.4428583160923035e-09,3.442858316161527e-09,0.062032632543972586
2590,User_3047,Unknown,50,0.012382367508667657,0.2834280901242367,1.2813830794271823e-06,7.525492474282517e-08,0.0002348342587175773,3.781750064067185e-09,3.781750064425952e-09,0.06373666428323828
2591,User_3048,Unknown,15,0.003714710252600297,0.2827335107127853,1.7922417095332896e-06,5.2333949282288325e-08,0.00014188937447679337,2.7241942031951633e-09,2.7241942032874825e-09,0.05684160322312539
2592,User_3049,Unknown,76,0.018821198613174838,0.28394627663314814,1.5507179864394238e-05,1.005043713776626e-07,0.00040671852529641284,5.052523385347088e-09,5.05252338504863e-09,0.07080415999192047
2593,User_3050,Unknown,16,0.00396235760277365,0.2827533085918353,1.8919788510602684e-06,5.305327428653501e-08,0.00014472048500984268,2.7636300845452134e-09,2.763630084451895e-09,0.0570419269114783
2594,User_3051,Unknown,101,0.025012382367508666,0.28444632290786137,5.442788698032851e-05,1.1753842121130156e-07,0.0005658730400097418,5.716523595343656e-09,5.716523594834387e-09,0.07749278050364783
2595,User_3052,Unknown,50,0.012382367508667657,0.2834280901242367,9.386355105863725e-06,7.197187014883434e-08,0.0002630414009503256,3.6409632244648394e-09,3.6409632241761848e-09,0.0642711579684405
2596,User_3053,Unknown,10,0.0024764735017335313,0.28263456288933997,1.5779143358690793e-07,4.885425125079979e-08,0.0002015172502006797,2.5601241546241747e-09,2.560124154750085e-09,0.057231510210125396
2597,User_3054,Unknown,83,0.02055473006438831,0.284086112283664,1.5874692039152293e-05,9.249380729794757e-08,0.00038394704180627593,4.59599125480312e-09,4.595991255013011e-09,0.07140351070483844
2598,User_3055,Unknown,6,0.0014858841010401188,0.2825554544818417,2.4537760730577472e-08,4.754276244519694e-08,0.00015905631643127726,2.4950593593952647e-09,2.495059359414763e-09,0.05584298888469843
2599,User_3056,Unknown,78,0.019316493313521546,0.283986215626978,9.982933801713431e-06,9.014431311489376e-08,0.0003570019720034532,4.468047904637394e-09,4.468047905077393e-09,0.0701585738402543
2600,User_3058,Unknown,15,0.003714710252600297,0.2827335107127853,5.603616559822294e-08,5.3199277958486314e-08,0.00012133566495674429,2.7616209979759475e-09,2.761620998064232e-09,0.056453367796360544
2601,User_3059,Unknown,5,0.0012382367508667657,0.28253568429890846,0.0,4.736983055971331e-08,8.005190724883398e-05,2.485771095617417e-09,2.485771095581292e-09,0.0542057813924217
2602,User_3060,Unknown,78,0.019316493313521546,0.283986215626978,2.1591302961222292e-05,1.0185387502368611e-07,0.00044054844641249673,5.128372964870846e-09,5.128372964546292e-09,0.0717380823620347
2603,User_3061,Unknown,14,0.003467062902426944,0.28271371560596514,1.3364802972521473e-06,5.7604924358408056e-08,0.00015677131791224034,2.9843314458950213e-09,2.9843314458902456e-09,0.05697533462900234
2604,User_3063,Unknown,11,0.0027241208519068845,0.28265434691306174,1.3116017342892005e-07,5.176779342164439e-08,0.00015150696156891738,2.722973801563869e-09,2.722973801285929e-09,0.05643500558786137
2605,User_3064,Unknown,64,0.0158494304110946,0.2837068783812267,3.359782442611766e-06,8.317195544534383e-08,0.00029185720596372684,4.150413160164034e-09,4.150413160665252e-09,0.06687020163177554
2606,User_3065,Unknown,53,0.013125309559187715,0.2834877843302443,2.8203226371846788e-06,7.67677922195118e-08,0.0002506615597065385,3.85534555308664e-09,3.855345553819722e-09,0.06447650039922795
2607,User_3066,Unknown,14,0.003467062902426944,0.28271371560596514,1.1472863722540833e-06,5.0849921065617895e-08,0.0002040666382439827,2.6582866622399935e-09,2.658286661990764e-09,0.05786742534269907
2608,User_3067,Unknown,13,0.0032194155522535907,0.2826939232707925,2.2968123020351643e-06,5.2321075006906544e-08,0.00012693878882705727,2.7083622762843772e-09,2.708362276332959e-09,0.05626596004846202
2609,User_3068,Unknown,16,0.00396235760277365,0.2827533085918353,8.98473720711456e-07,5.816920126405655e-08,0.00014619049675750978,2.8553006923690505e-09,2.8553006922414653e-09,0.05706937358197691
2610,User_3069,Unknown,16,0.00396235760277365,0.2827533085918353,1.990669866350748e-06,5.873526307023098e-08,0.0001453588765509734,2.9516430746839555e-09,2.951643074702258e-09,0.05705401607005923
2611,User_3070,Unknown,62,0.015354135710747894,0.2836670179135933,4.7847882919196214e-06,8.903442105914547e-08,0.0003367563961649833,4.493432358245835e-09,4.493432357961508e-09,0.06742371687048788
2612,User_3071,Unknown,1,0.00024764735017335313,0.2824566312255176,0.0,4.600463966989186e-08,4.3996951131635546e-05,2.4184156671506717e-09,2.4184156671389493e-09,0.05293816904830197
2613,User_3072,Unknown,46,0.011391778107974244,0.2833485369447758,3.105148127974415e-05,8.060699470588217e-08,0.0003838746720032413,4.199328992930141e-09,4.19932899242362e-09,0.0659692945393119
2614,User_3073,Unknown,62,0.015354135710747894,0.2836670179135933,7.84722784115154e-06,7.940551976242787e-08,0.00029782479839755095,3.986873940336984e-09,3.986873940682723e-09,0.06669018903940717
2615,User_3074,Unknown,6,0.0014858841010401188,0.2825554544818417,2.4537760730577472e-08,4.754276244519694e-08,0.00015905631643127726,2.495059359395329e-09,2.4950593594043753e-09,0.05584298888469843
2616,User_3075,Unknown,23,0.005695889053987122,0.2828919714165616,5.232912738252125e-06,5.740519555595778e-08,0.0001829793983347651,2.9566632885809596e-09,2.956663288221517e-09,0.05879288402229383
2617,User_3076,Unknown,86,0.02129767211490837,0.2841460840194216,3.4024317725345794e-05,1.052795590941313e-07,0.00049216241051734,5.292852065482705e-09,5.2928520649133325e-09,0.07389126758618998
2618,User_3077,Unknown,55,0.013620604259534423,0.2835275944389833,3.766893116152364e-05,8.742513232562864e-08,0.00046411353891822975,4.232818417033545e-09,4.232818416541187e-09,0.0688073023675749
2619,User_3078,Unknown,99,0.02451708766716196,0.28440625440202844,1.5926978432004515e-05,1.0328035372571606e-07,0.0004322977689302388,5.094912052861926e-09,5.094912053830388e-09,0.07466752780358434
2620,User_3080,Unknown,28,0.006934125804853888,0.28299109958651625,4.575142690671393e-06,5.809734810539324e-08,0.00020961167494750333,2.997121290157419e-09,2.997121289769413e-09,0.06002957659734241
2621,User_3081,Unknown,25,0.006191183754333828,0.28293161434977576,8.974061687835677e-06,6.41440750810687e-08,0.00023381243593419956,3.3303593713371358e-09,3.3303593713046007e-09,0.0600467259453017
2622,User_3082,Unknown,116,0.028727092620108963,0.2847471969536704,4.739671072389198e-05,1.2380959021162035e-07,0.0006214442563998057,6.126001838446663e-09,6.126001837835504e-09,0.08074427053917968
2623,User_3083,Unknown,10,0.0024764735017335313,0.28263456288933997,2.6275852115660044e-07,5.147568501421769e-08,0.00015500533597911546,2.707108256079023e-09,2.707108254869326e-09,0.05635415796657275
2624,User_3084,Unknown,76,0.018821198613174838,0.28394627663314814,2.6263653958957704e-05,8.496004014736097e-08,0.00039227610526015335,4.256594996137945e-09,4.25659499551276e-09,0.07053485763177066
2625,User_3085,Unknown,52,0.012877662209014363,0.2834678834678835,3.6588465382232966e-06,7.581315316564505e-08,0.0002501347602836448,3.7956502835368426e-09,3.795650283789091e-09,0.06431987028510558
2626,User_3086,Unknown,37,0.009162951956414065,0.2831697054698457,6.766042812005746e-06,7.526442905284828e-08,0.000287815477779079,3.631430489984147e-09,3.6314304894669707e-09,0.06282769358348991
2627,User_3087,Unknown,51,0.01263001485884101,0.28344798539941035,2.2747549926532562e-05,7.482138048041637e-08,0.00037707422430474554,3.808619540804744e-09,3.808619541012026e-09,0.06657317642634415
2628,User_3088,Unknown,10,0.0024764735017335313,0.28263456288933997,8.486153395851743e-07,5.090122025463179e-08,9.939955197072476e-05,2.650530922789654e-09,2.6505309227494995e-09,0.05530538891081838
2629,User_3089,Unknown,52,0.012877662209014363,0.2834678834678835,1.6460744592870164e-05,8.19934148106725e-08,0.00031968632949473387,4.160614380150063e-09,4.1606143797379416e-09,0.06563571363342918
2630,User_3090,Unknown,108,0.02674591381872214,0.28458665163154556,6.357663729454571e-05,1.017408475638748e-07,0.0005384250159182709,5.0464409972120325e-09,5.046440997291203e-09,0.07800675289762692
2631,User_3091,Unknown,6,0.0014858841010401188,0.2825554544818417,0.0,4.856059249619158e-08,0.0001057443636229245,2.5210209984757824e-09,2.5210209983452855e-09,0.054837315109762794
2632,User_3092,Unknown,11,0.0027241208519068845,0.28265434691306174,1.9934509308733387e-07,5.118648270320739e-08,8.949765908540969e-05,2.6628392089789467e-09,2.6628392090779404e-09,0.05526528737649401
2633,User_3093,Unknown,16,0.00396235760277365,0.2827533085918353,1.3058427802505136e-06,5.360762306693927e-08,0.0001346347025746375,2.7783009187947984e-09,2.7783009185764645e-09,0.05685149738126407
2634,User_3094,Unknown,7,0.001733531451213472,0.2825752274317705,2.489208467095153e-08,4.9699419616546486e-08,7.321099358335154e-05,2.5940011774745215e-09,2.5940011773798444e-09,0.05437049547594406
2635,User_3095,Unknown,15,0.003714710252600297,0.2827335107127853,1.9098154155447045e-06,5.2013733551269976e-08,0.00013821684211136144,2.707198809913232e-09,2.707198809540126e-09,0.05677235876775878
2636,User_3096,Unknown,76,0.018821198613174838,0.28394627663314814,5.934158648826508e-06,8.986484159731737e-08,0.0003410260542800956,4.4645136113836565e-09,4.464513611837385e-09,0.06956205697636182
2637,User_3098,Unknown,65,0.016097077761267953,0.2837268128161889,6.244235736022944e-06,8.332802138805728e-08,0.00029978065538470964,4.162632341323428e-09,4.162632341684512e-09,0.06716748157833312
2638,User_3099,Unknown,10,0.0024764735017335313,0.28263456288933997,4.3160168427890724e-07,4.937020976109045e-08,0.00011121827997145713,2.5836668910601664e-09,2.583666890932565e-09,0.05552820634893775
2639,User_3102,Unknown,49,0.012134720158494303,0.2834081976417743,9.995384361197732e-07,8.217581505242291e-08,0.0002682037126494925,4.171222639928893e-09,4.171222639756951e-09,0.06421915228968321
2640,User_3103,Unknown,20,0.004952947003467063,0.2828325278419836,2.210048854184948e-06,5.844803033872669e-08,0.00017256806999412568,2.9878312772143625e-09,2.98783127684143e-09,0.058154908824912456
2641,User_3104,Unknown,83,0.02055473006438831,0.284086112283664,2.506962703299598e-05,9.032308680035061e-08,0.00041317115638648264,4.505519196723914e-09,4.505519196771997e-09,0.07195751647361416
2642,User_3105,Unknown,12,0.0029717682020802376,0.2826741337066853,1.8536233418557063e-06,4.988270490796433e-08,0.00022893921288361923,2.60868197414072e-09,2.6086819736613673e-09,0.05804306048209083
2643,User_3106,Unknown,62,0.015354135710747894,0.2836670179135933,7.247649919998552e-06,8.72337549866983e-08,0.0003462216284259737,4.35750587713839e-09,4.357505876770458e-09,0.06760299084659219
2644,User_3107,Unknown,51,0.01263001485884101,0.28344798539941035,3.1564096976173705e-05,7.658686806020612e-08,0.0003643763166551336,3.943817012874652e-09,3.94381701266269e-09,0.06633627497491264
2645,User_3108,Unknown,63,0.015601783060921248,0.28368694674722494,2.4397806874375614e-06,8.29090990114413e-08,0.00028616313382124833,4.137051114623004e-09,4.137051115012619e-09,0.06661556158246841
2646,User_3109,Unknown,18,0.004457652303120356,0.2827929126689544,1.0867518230742396e-06,5.465323967557286e-08,0.00013824321517179463,2.8300956303239638e-09,2.8300956305131793e-09,0.05721328181959949
2647,User_3110,Unknown,17,0.004210004952947003,0.2827731092436975,2.448537669044575e-06,5.623070987445147e-08,0.00014771870895907802,2.9317388170933785e-09,2.9317388169453103e-09,0.05724554991404611
2648,User_3112,Unknown,12,0.0029717682020802376,0.2826741337066853,9.541294099038792e-08,5.26637826866786e-08,9.9934476143393e-05,2.7369496427137056e-09,2.7369496427032426e-09,0.05560902062543823
2649,User_3113,Unknown,68,0.016840019811788013,0.283786632932743,1.6014912625657726e-05,9.510441101898706e-08,0.00038361554623019553,4.702829762812171e-09,4.7028297624444545e-09,0.06919275170321412
2650,User_3114,Unknown,46,0.011391778107974244,0.2833485369447758,9.219613233236344e-06,6.83899682040471e-08,0.0002642814167427021,3.479465807529842e-09,3.479465807075741e-09,0.06370676162037484
2651,User_3115,Unknown,61,0.01510648836057454,0.2836470918797415,1.325940147677376e-05,8.862136434263424e-08,0.0003446897873305335,4.488383076795687e-09,4.488383076486762e-09,0.06742893938947908
2652,User_3116,Unknown,103,0.025507677067855374,0.28448640270536846,3.811840889949336e-05,1.1701562146855514e-07,0.0005608391141785073,5.8675151820818974e-09,5.86751518211803e-09,0.07768699530349629
2653,User_3117,Unknown,63,0.015601783060921248,0.28368694674722494,4.7035990996173326e-05,1.0562210544750201e-07,0.00033567256252465535,5.615129043004204e-09,5.615129043672525e-09,0.06756286193227642
2654,User_3118,Unknown,44,0.010896483407627538,0.283308777099558,1.4201550863215498e-05,8.507904081142975e-08,0.00029681295952281513,4.152878129781322e-09,4.1528781291175095e-09,0.06402811547525475
2655,User_3119,Unknown,69,0.017087667161961365,0.2838065785774529,1.2726361966379475e-05,8.297575342514306e-08,0.0003389179730265311,4.159488110617584e-09,4.159488110505862e-09,0.06849552216818858
2656,User_3120,Unknown,71,0.017582961862308073,0.28384647827920706,7.533561283983019e-06,9.407616946576395e-08,0.00038167361364407025,4.6893457082866805e-09,4.689345708213462e-09,0.06959448131437064
2657,User_3121,Unknown,4,0.0009905894006934125,0.28251591688239,1.2268880365288735e-07,4.719968157200379e-08,8.705919902489607e-05,2.4742224230567804e-09,2.4742224230675937e-09,0.054191131662243895
2658,User_3122,Unknown,9,0.002228826151560178,0.2826147816349384,2.896818975137618e-08,4.854543353616929e-08,0.000183703251446278,2.5447415218259555e-09,2.544741521874751e-09,0.05674855294456784
2659,User_3123,Unknown,33,0.008172362555720653,0.2830902972518228,2.281507235606508e-06,6.214423804353528e-08,0.0001915924075778486,3.1826391056200725e-09,3.1826391052940595e-09,0.06042352942926873
2660,User_3124,Unknown,30,0.007429420505200594,0.28303077030910495,1.1300856067980235e-05,8.36420125935579e-08,0.00022578150064588668,4.587663066201274e-09,4.5876630661871086e-09,0.06063052294609605
2661,User_3125,Unknown,2,0.0004952947003467063,0.2824763903462749,0.0,4.6581826002155656e-08,5.119961595471707e-05,2.4444840027201295e-09,2.4444840024295724e-09,0.05322090696299969
2662,User_3126,Unknown,8,0.001981178801386825,0.28259500314927566,1.7526971950412477e-08,4.830164228350426e-08,0.00014041113460846541,2.5327848471227655e-09,2.5327848470755488e-09,0.05578501658548056
2663,User_3127,Unknown,6,0.0014858841010401188,0.2825554544818417,2.4537760730577472e-08,4.754276244519694e-08,0.00015905631643127726,2.495059359396521e-09,2.4950593592107108e-09,0.05584298888469842
2664,User_3128,Unknown,10,0.0024764735017335313,0.28263456288933997,1.831568568818104e-07,4.930822167809239e-08,0.0001619738063797466,2.581649841156951e-09,2.581649840867991e-09,0.05648557744640618
2665,User_3129,Unknown,35,0.00866765725606736,0.2831299957930164,4.493895512984749e-06,6.435625729639949e-08,0.00019120169232148343,3.2801270234305007e-09,3.2801270233221127e-09,0.060710647696577545
2666,User_3130,Unknown,13,0.0032194155522535907,0.2826939232707925,6.164054048130103e-07,5.065890844052184e-08,0.0001264653252986547,2.644693970842593e-09,2.6446939707702797e-09,0.056256523654308874
2667,User_3131,Unknown,8,0.001981178801386825,0.28259500314927566,1.7526971950412477e-08,4.819148786691636e-08,0.00017808458389766957,2.527276436460514e-09,2.5272764365956247e-09,0.056495682838076274
2668,User_3132,Unknown,84,0.020802377414561663,0.2841061000492507,1.1106764911133531e-05,1.0546331171824912e-07,0.00044238318781367273,5.2803205813759446e-09,5.280320581522026e-09,0.07265145769919497
2669,User_3133,Unknown,10,0.0024764735017335313,0.28263456288933997,4.716216035656824e-07,5.509073770423228e-08,0.00010430426872044159,2.7883873364261726e-09,2.788387336487127e-09,0.05539781143347887
2670,User_3134,Unknown,2,0.0004952947003467063,0.2824763903462749,0.0,4.640220929815576e-08,5.103978543118074e-05,2.437750022988263e-09,2.4377500231738638e-09,0.05321789135890716
2671,User_3135,Unknown,35,0.00866765725606736,0.2831299957930164,2.045699442039917e-06,6.408835503734494e-08,0.00018925138194506242,3.2701688709060467e-09,3.2701688713373623e-09,0.060673128604145546
2672,User_3137,Unknown,49,0.012134720158494303,0.2834081976417743,1.252785451131095e-05,6.919127553400972e-08,0.0002930906648372543,3.520287633395743e-09,3.520287633456783e-09,0.0646919937749926
2673,User_3138,Unknown,19,0.0047052996532937095,0.2828127188681888,2.8572828520268634e-06,5.3777375954130797e-08,0.0001743489606846012,2.79213373796939e-09,2.792133738077209e-09,0.05804178850892965
2674,User_3139,Unknown,21,0.005200594353640416,0.2828523395909218,2.419550268367726e-06,5.413192530451414e-08,0.00018542646645523732,2.8114680585490248e-09,2.8114680584369687e-09,0.05854440788561116
2675,User_3140,Unknown,71,0.017582961862308073,0.28384647827920706,4.983263438161055e-05,8.760332426556068e-08,0.0004551862824115005,4.378735846719796e-09,4.378735846877873e-09,0.07099376524691274
2676,User_3141,Unknown,11,0.0027241208519068845,0.28265434691306174,5.289250646368921e-07,4.9154562358978325e-08,0.00022445202863025947,2.5751110495581703e-09,2.575111049704111e-09,0.05781113855967513
2677,User_3142,Unknown,56,0.013868251609707775,0.28354750368653886,2.8342901014331097e-06,7.856309846723808e-08,0.00026200574328944323,3.935831225978152e-09,3.93583122636179e-09,0.06513132775512205
2678,User_3143,Unknown,4,0.0009905894006934125,0.28251591688239,2.044813394214789e-08,4.708188582297297e-08,6.621919592415213e-05,2.471118286537781e-09,2.4711182862700673e-09,0.053797978043084047
2679,User_3144,Unknown,16,0.00396235760277365,0.2827533085918353,3.1214457779871824e-06,5.370246730703372e-08,0.00014575799745936437,2.7705003392627055e-09,2.7705003393179467e-09,0.057061865212330386
2680,User_3145,Unknown,69,0.017087667161961365,0.2838065785774529,1.7279644572585992e-05,9.987623203718532e-08,0.0003921173326832484,5.077045383734653e-09,5.077045383305072e-09,0.06950048928710964
2681,User_3146,Unknown,61,0.01510648836057454,0.2836470918797415,1.0481572252320017e-05,8.768989228922335e-08,0.00033866331042597774,4.443793299350303e-09,4.44379329909821e-09,0.0673144274517094
2682,User_3147,Unknown,5,0.0012382367508667657,0.28253568429890846,0.0,4.723833381570683e-08,0.00013530540770155452,2.479880193380958e-09,2.479880193158349e-09,0.05524807521993165
2683,User_3148,Unknown,30,0.007429420505200594,0.28303077030910495,6.127203911868974e-06,6.284076729307932e-08,0.0002080218710403877,3.2012925821879024e-09,3.2012925822765964e-09,0.06029387376297628
2684,User_3149,Unknown,66,0.016344725111441305,0.28374675005270183,6.130741571691625e-06,8.355443028770392e-08,0.00030476032550202307,4.175161326203704e-09,4.175161326678682e-09,0.0674083407416471
2685,User_3150,Unknown,89,0.022040614165428428,0.2842060810810811,3.632381957468386e-05,1.1121730670088605e-07,0.0005023583384445415,5.595349025594465e-09,5.595349025075866e-09,0.07452527142420869
2686,User_3151,Unknown,14,0.003467062902426944,0.28271371560596514,1.3546745115562907e-06,5.39145000199361e-08,0.0001251585041473549,2.7740572272945942e-09,2.7740572272328026e-09,0.056378984996702027
2687,User_3152,Unknown,85,0.021050024764735015,0.2841260906276386,3.455949244607575e-05,1.0531365231071418e-07,0.0004784676554325715,5.3065745174454335e-09,5.306574516973537e-09,0.07348610675722773
2688,User_3153,Unknown,11,0.0027241208519068845,0.28265434691306174,1.0463921108363089e-06,5.0336033008679205e-08,0.00011702712311985577,2.6262290783799523e-09,2.6262290783461016e-09,0.05578484817535217
2689,User_3154,Unknown,91,0.022535908865775136,0.28424609320005634,8.521519325444872e-05,1.0461775185554539e-07,0.0005815612831276755,4.954760766163109e-09,4.9547607657989026e-09,0.07632782243051252
2690,User_3155,Unknown,12,0.0029717682020802376,0.2826741337066853,1.1036150004776392e-06,5.230981992601411e-08,0.0001621064827281342,2.7502478735908757e-09,2.7502478734650827e-09,0.05678212448410603
2691,User_3156,Unknown,13,0.0032194155522535907,0.2826939232707925,7.749957319446277e-07,5.5500941917810424e-08,0.00012992409197195318,2.916418109669726e-09,2.916418109525678e-09,0.056321836434725485
2692,User_3157,Unknown,15,0.003714710252600297,0.2827335107127853,2.6407569827444155e-06,5.5604666107084294e-08,0.0001454446396601594,2.8938945395677656e-09,2.893894539713555e-09,0.05690893433342122
2693,User_3158,Unknown,52,0.012877662209014363,0.2834678834678835,5.492102069785702e-06,7.347789452836523e-08,0.00026269729009338925,3.711401636431393e-09,3.7114016365842512e-09,0.06455738568114756
2694,User_3159,Unknown,7,0.001733531451213472,0.2825752274317705,3.8033529132395087e-07,5.1198042252149234e-08,9.151209866939115e-05,2.5987598088391968e-09,2.5987598092824853e-09,0.054715833099784277
2695,User_3160,Unknown,30,0.007429420505200594,0.28303077030910495,3.561864399410079e-06,6.667772655412145e-08,0.00019787330288061286,3.3746342729490194e-09,3.3746342728178612e-09,0.06010168376417576
2696,User_3161,Unknown,6,0.0014858841010401188,0.2825554544818417,3.8559338290907455e-07,5.459441981647516e-08,8.05161441625809e-05,2.8901678351875245e-09,2.890167835285845e-09,0.05436155442098175
2697,User_3163,Unknown,23,0.005695889053987122,0.2828919714165616,6.548362935792041e-07,5.846289648113003e-08,0.00013272985053231704,3.0017204956297765e-09,3.001720495721656e-09,0.05784362621967619
2698,User_3166,Unknown,38,0.009410599306587419,0.2831895644855881,2.766570081782138e-06,6.570774526135664e-08,0.00020440431056023553,3.34641798691116e-09,3.3464179869365962e-09,0.06139993681840787
2699,User_3167,Unknown,17,0.004210004952947003,0.2827731092436975,1.2924246890701131e-06,5.59460822415835e-08,0.00015256469153263912,2.925111743871245e-09,2.9251117438890566e-09,0.05733661940511802
2700,User_3169,Unknown,61,0.01510648836057454,0.2836470918797415,2.9538564426139854e-06,9.375544450443848e-08,0.00032732343894216096,4.752204966786387e-09,4.752204966913235e-09,0.0670982992139215
2701,User_3170,Unknown,25,0.006191183754333828,0.28293161434977576,1.5819024302282305e-06,6.359369313127148e-08,0.00016512866874557238,3.25557489470055e-09,3.2555748946081705e-09,0.05874888298130173
2702,User_3171,Unknown,19,0.0047052996532937095,0.2828127188681888,4.020422934143111e-06,5.5378942357830965e-08,0.00016672759903497563,2.842481912095267e-09,2.8424819115402354e-09,0.0578983707584897
2703,User_3172,Unknown,72,0.017830609212481426,0.2838664323374341,1.5229874725986705e-05,9.517455373689191e-08,0.0004109925122605025,4.793121616480727e-09,4.793121616243066e-09,0.07029680822504202
2704,User_3174,Unknown,74,0.01832590391282813,0.2839063488715461,5.716995463046743e-06,8.973850818963778e-08,0.00033371830977340706,4.446220168150702e-09,4.446220168475088e-09,0.06913019969134833
2705,User_3175,Unknown,6,0.0014858841010401188,0.2825554544818417,7.66805022830546e-09,4.82489087823963e-08,7.333621701096264e-05,2.526542299188324e-09,2.5265422992960984e-09,0.05422597443862818
2706,User_3176,Unknown,27,0.006686478454680535,0.28297126839523473,4.997936512410267e-06,6.458921181314486e-08,0.00022705742787134346,3.1166034563606877e-09,3.1166034563897883e-09,0.06021190948217999
2707,User_3177,Unknown,41,0.010153541357107478,0.28324915824915825,1.4479572641625173e-05,7.442700209433865e-08,0.00030444882413671885,3.5880613848532805e-09,3.5880613846894722e-09,0.06373142703255577
2708,User_3180,Unknown,8,0.001981178801386825,0.28259500314927566,1.7526971950412477e-08,4.819148786691636e-08,0.00017808458389766957,2.5272764364613704e-09,2.5272764364565297e-09,0.056495682838076274
2709,User_3181,Unknown,8,0.001981178801386825,0.28259500314927566,1.7526971950412477e-08,4.819148786691636e-08,0.00017808458389766957,2.5272764364603563e-09,2.5272764366212867e-09,0.056495682838076274
2710,User_3182,Unknown,68,0.016840019811788013,0.283786632932743,1.3634284124766393e-05,9.576415914334618e-08,0.0003883150089571955,4.836663220391322e-09,4.836663219727801e-09,0.06928070119259909
2711,User_3183,Unknown,1,0.00024764735017335313,0.2824566312255176,0.0,4.600463966989186e-08,4.3996951131635546e-05,2.4184156671506717e-09,2.4184156671465676e-09,0.05293816904830197
2712,User_3184,Unknown,61,0.01510648836057454,0.2836470918797415,9.303300094108311e-06,7.867879847535847e-08,0.0003013235643845546,3.952075037912124e-09,3.9520750380354854e-09,0.06660966895118889
2713,User_3185,Unknown,80,0.01981178801386825,0.2840261658577759,3.401343009928774e-05,1.0666560682153826e-07,0.0004582185509236904,5.421253506673389e-09,5.421253505987952e-09,0.07236907351484492
2714,User_3187,Unknown,34,0.008420009905894007,0.2831101451307579,7.9634490167823e-06,6.38470198978629e-08,0.00028651165717895696,3.285380269267806e-09,3.2853802697807064e-09,0.0623626802725078
2715,User_3188,Unknown,51,0.01263001485884101,0.28344798539941035,1.304990660648866e-05,7.814680073738651e-08,0.0003157201386333144,3.987677072692062e-09,3.987677072689876e-09,0.06541293179184438
2716,User_3189,Unknown,19,0.0047052996532937095,0.2828127188681888,1.5325602765890524e-06,5.790919304175845e-08,0.00015584732382370174,2.9707440529780935e-09,2.970744052977396e-09,0.0576923969119222
2717,User_3190,Unknown,12,0.0029717682020802376,0.2826741337066853,9.355994999196572e-07,5.2472999772534976e-08,0.00012647806473003133,2.7570806685920464e-09,2.757080668863945e-09,0.05610998560612781
2718,User_3191,Unknown,40,0.009905894006934125,0.28322929087465804,1.0842893466262696e-05,7.579549038683549e-08,0.00027138271382438564,3.736186931625165e-09,3.73618693079564e-09,0.06295967962512129
2719,User_3192,Unknown,16,0.00396235760277365,0.2827533085918353,8.311796509267782e-07,5.5876579101378084e-08,0.0001300360176619562,2.912514602917033e-09,2.912514603094321e-09,0.05676461698219998
2720,User_3193,Unknown,27,0.006686478454680535,0.28297126839523473,2.6107972497599517e-06,5.8295550878670995e-08,0.00016384786382425646,3.001970026934538e-09,3.0019700271082205e-09,0.0590188086425031
2721,User_3194,Unknown,17,0.004210004952947003,0.2827731092436975,5.486614093952765e-07,5.446442230422492e-08,0.00013579627604999825,2.8218517276048723e-09,2.821851727707155e-09,0.05702007420139488
2722,User_3195,Unknown,72,0.017830609212481426,0.2838664323374341,8.41551171653545e-06,8.737013181783246e-08,0.00033052931136500033,4.3516031576435764e-09,4.351603158273088e-09,0.0687769034594607
2723,User_3196,Unknown,40,0.009905894006934125,0.28322929087465804,1.2611672974060925e-05,7.114949793926962e-08,0.0003089899870174114,3.698394178046812e-09,3.698394178029677e-09,0.06366961509641379
2724,User_3197,Unknown,8,0.001981178801386825,0.28259500314927566,3.680664109586621e-07,4.975643673981815e-08,9.212650309721137e-05,2.5959041279201434e-09,2.595904128062971e-09,0.054874291395430916
2725,User_3198,Unknown,86,0.02129767211490837,0.2841460840194216,4.958771521563127e-05,1.0002044608597568e-07,0.0005080156558767621,4.999581369062334e-09,4.9995813688191785e-09,0.07419492638520696
2726,User_3199,Unknown,22,0.005448241703813769,0.2828721541155867,2.5345772249661137e-06,6.197586119238183e-08,0.00015524749320047724,3.1625050071201124e-09,3.162505007109225e-09,0.058122072189653186
2727,User_3200,Unknown,11,0.0027241208519068845,0.28265434691306174,7.098910500249009e-07,4.915271782705368e-08,0.00022746580038714287,2.5750241701165033e-09,2.5750241701605444e-09,0.05786804372234074
2728,User_3202,Unknown,11,0.0027241208519068845,0.28265434691306174,1.421681389517208e-07,5.219403051936092e-08,8.597837007992827e-05,2.706293168626798e-09,2.706293168715422e-09,0.05519888654084102
2729,User_3203,Unknown,31,0.007677067855373947,0.28305060984158137,7.77061199323306e-06,6.65370885803549e-08,0.00022486510546874114,3.263946964041586e-09,3.263946964116666e-09,0.06075900581064108
2730,User_3204,Unknown,47,0.011639425458147598,0.2833684210526316,1.0081872064030633e-05,7.766693177708209e-08,0.0002831424692200855,3.898608269385211e-09,3.898608269097234e-09,0.06420977290314499
2731,User_3206,Unknown,51,0.01263001485884101,0.28344798539941035,3.7812783040537914e-06,8.06738884529872e-08,0.0002833377107773737,4.0775004906834745e-09,4.0775004906431345e-09,0.06479932663788025
2732,User_3207,Unknown,41,0.010153541357107478,0.28324915824915825,7.19428497711454e-06,7.334922951267106e-08,0.00030821597468234886,3.4777584161687515e-09,3.4777584154573906e-09,0.06380031736495505
2733,User_3208,Unknown,15,0.003714710252600297,0.2827335107127853,2.7082092825379013e-06,5.205501156052497e-08,0.000141887545492624,2.7109155425635208e-09,2.7109155425634194e-09,0.056841839999042895
2734,User_3209,Unknown,24,0.005943536404160475,0.28291179149443,8.065623748025165e-07,5.8115200832352886e-08,0.0001702013350301267,2.99621577036206e-09,2.996215770207381e-09,0.05869742410171557
2735,User_3210,Unknown,14,0.003467062902426944,0.28271371560596514,1.3729414771650992e-06,7.804057826568277e-08,0.0001265476942827113,4.221572484460526e-09,4.221572484508069e-09,0.05640529964847496
2736,User_3211,Unknown,25,0.006191183754333828,0.28293161434977576,8.577076516799013e-06,5.9402438087467175e-08,0.00020649775179076694,3.0786102585640404e-09,3.0786102580052795e-09,0.05953132868541171
2737,User_3212,Unknown,35,0.00866765725606736,0.2831299957930164,4.84586739575871e-06,6.563690830783502e-08,0.00022953139937700493,3.333774391270365e-09,3.333774391229026e-09,0.06143380298987233
2738,User_3213,Unknown,36,0.008915304606240713,0.2831498492391838,3.520901942497733e-06,6.49412643389565e-08,0.0002004656508822329,3.3117914140113392e-09,3.3117914142586067e-09,0.0610320284498696
2739,User_3214,Unknown,63,0.015601783060921248,0.28368694674722494,4.8599005810539834e-05,8.032639020758901e-08,0.000454268755517058,4.10257019941469e-09,4.102570199161148e-09,0.06980040007818668
2740,User_3215,Unknown,25,0.006191183754333828,0.28293161434977576,5.9147044474091415e-06,5.881388883619761e-08,0.00018691254304910779,3.037399574815225e-09,3.0373995746673135e-09,0.05916108172437485
2741,User_3216,Unknown,7,0.001733531451213472,0.2825752274317705,3.557975305933733e-07,4.7910532488227244e-08,0.0001434462116946995,2.5131213639234814e-09,2.513121363823595e-09,0.05569549472206529
2742,User_3217,Unknown,6,0.0014858841010401188,0.2825554544818417,1.9109268029269163e-07,4.8631317262740315e-08,7.751601673207655e-05,2.5420071569049773e-09,2.5420071568886877e-09,0.054304877422289524
2743,User_3218,Unknown,9,0.002228826151560178,0.2826147816349384,2.896818975137618e-08,4.854543353616929e-08,0.000183703251446278,2.54474152182738e-09,2.544741521643538e-09,0.056748552944567834
2744,User_3219,Unknown,39,0.009658246656760773,0.28320942628699675,9.025466188163093e-06,7.007015019632631e-08,0.00028388792633426247,3.5659790411879103e-09,3.5659790409530767e-09,0.06304810005828738
2745,User_3220,Unknown,54,0.01337295690936107,0.28350768798708137,4.098333678092981e-06,7.588392604088177e-08,0.0002617279162072172,3.818292317609096e-09,3.818292317764633e-09,0.06483257063177623
2746,User_3221,Unknown,26,0.0064388311045071814,0.2829514399831827,7.621301082122804e-06,8.202288163346387e-08,0.0002280118370307777,4.509224558751511e-09,4.509224558901595e-09,0.06008388344954637
2747,User_3223,Unknown,23,0.005695889053987122,0.2828919714165616,4.307747172316008e-06,6.474747921789442e-08,0.00018837042456007973,3.2407753505430236e-09,3.240775350509033e-09,0.058894328800160586
2748,User_3224,Unknown,55,0.013620604259534423,0.2835275944389833,1.2376339201114155e-05,8.296973806192057e-08,0.0003245878085772295,4.188357386499867e-09,4.188357385859232e-09,0.0661677803286895
2749,User_3225,Unknown,28,0.006934125804853888,0.28299109958651625,4.837518553105543e-06,6.527793495063186e-08,0.00019781211891213162,3.3836674290209255e-09,3.3836674289980813e-09,0.059807098233408164
2750,User_3226,Unknown,79,0.0195641406636949,0.2840061893374596,9.14290227428885e-06,9.13232605530804e-08,0.00035686601300069824,4.533667411628738e-09,4.533667412405979e-09,0.07030273891313531
2751,User_3227,Unknown,5,0.0012382367508667657,0.28253568429890846,2.8968189751376184e-07,4.7574695847809325e-08,7.801447894794148e-05,2.494254189558145e-09,2.4942541894156854e-09,0.05416743445496366
2752,User_3228,Unknown,36,0.008915304606240713,0.2831498492391838,1.7032544050697326e-06,6.65214386133507e-08,0.00018688320129250365,3.3818725845712043e-09,3.3818725848433083e-09,0.06077527627774033
2753,User_3229,Unknown,14,0.003467062902426944,0.28271371560596514,6.799062414265175e-07,5.143343497286876e-08,0.00013503978528009775,2.6802643964359494e-09,2.680264396422819e-09,0.056565175397988075
2754,User_3230,Unknown,1,0.00024764735017335313,0.2824566312255176,0.0,4.600463966989186e-08,4.3996951131635546e-05,2.4184156671506717e-09,2.418415667075708e-09,0.05293816904830197
2755,User_3231,Unknown,28,0.006934125804853888,0.28299109958651625,4.985218682429829e-06,5.6567689852884586e-08,0.0002268901850252405,2.9311673148980174e-09,2.931167314702558e-09,0.06035563253720362
2756,User_3232,Unknown,105,0.026002971768202078,0.28452649379932354,2.2788877503577938e-05,1.0488813847752684e-07,0.00047191902758477556,5.173624447846113e-09,5.173624448629423e-09,0.07629903353993868
2757,User_3234,Unknown,33,0.008172362555720653,0.2830902972518228,3.275430151971474e-06,6.207342793529041e-08,0.00019090972294346612,3.1787178415641244e-09,3.178717841378219e-09,0.0604109465641558
2758,User_3235,Unknown,8,0.001981178801386825,0.28259500314927566,1.7716343831256014e-07,5.058920491605719e-08,8.08563494387022e-05,2.634928900315994e-09,2.634928900345481e-09,0.054661639108658996
2759,User_3236,Unknown,21,0.005200594353640416,0.2828523395909218,2.6905743589087402e-06,5.74746883984158e-08,0.00017529195823004053,2.9962808335421955e-09,2.9962808336424506e-09,0.05835332615292894
2760,User_3237,Unknown,28,0.006934125804853888,0.28299109958651625,2.996656095037741e-06,5.976612944347762e-08,0.00017280647680622798,3.071780136900901e-09,3.0717801368355297e-09,0.05933482519526175
2761,User_3238,Unknown,41,0.010153541357107478,0.28324915824915825,1.7117213057109196e-06,6.853067337788477e-08,0.0002073212755221592,3.4746153804531434e-09,3.4746153805232445e-09,0.06189541656273912
2762,User_3239,Unknown,62,0.015354135710747894,0.2836670179135933,4.279354879006685e-06,9.204734800844632e-08,0.00033273201102614454,4.630944448319139e-09,4.630944448153417e-09,0.0673476621020693
2763,User_3240,Unknown,66,0.016344725111441305,0.28374675005270183,2.024880905609695e-05,8.994910700243753e-08,0.0003842932793835336,4.4960131552974394e-09,4.496013155126808e-09,0.06891286108895123
2764,User_3241,Unknown,19,0.0047052996532937095,0.2828127188681888,5.716281134151428e-07,5.520597510093429e-08,0.00016757001579584195,2.8190031464001187e-09,2.8190031460747807e-09,0.05791323531440431
2765,User_3242,Unknown,15,0.003714710252600297,0.2827335107127853,2.6959146272138624e-06,5.2224508725368796e-08,0.00014196377405090797,2.7154214762368523e-09,2.715421476025012e-09,0.056843274772969334
2766,User_3243,Unknown,27,0.006686478454680535,0.28297126839523473,4.724717379063074e-07,6.097922559628675e-08,0.0001497497289101408,3.1196886064143485e-09,3.119688606468257e-09,0.05875223719488894
2767,User_3244,Unknown,14,0.003467062902426944,0.28271371560596514,1.1470606461001769e-06,5.3862946353247024e-08,0.00014278145396182508,2.732897193055387e-09,2.732897193219751e-09,0.05671135813274909
2768,User_3246,Unknown,14,0.003467062902426944,0.28271371560596514,1.109072262198563e-06,5.4813774047408776e-08,0.00013713195864501537,2.822625637374109e-09,2.822625637576013e-09,0.05660478116446619
2769,User_3247,Unknown,66,0.016344725111441305,0.28374675005270183,3.8339766455618115e-06,9.176974227002349e-08,0.0003522143394841401,4.62730481116668e-09,4.62730481085992e-09,0.06830285721497242
2770,User_3249,Unknown,14,0.003467062902426944,0.28271371560596514,1.3957528690415208e-06,5.224267192064685e-08,0.00012802058113131127,2.7178552772323166e-09,2.7178552772287336e-09,0.056432981900612966
2771,User_3250,Unknown,34,0.008420009905894007,0.2831101451307579,3.00467021380941e-07,6.635055888963089e-08,0.00017180577208351054,3.3636191523545826e-09,3.3636191528331744e-09,0.06019661372211411
2772,User_3251,Unknown,9,0.002228826151560178,0.2826147816349384,4.4693778473551816e-07,4.8513238558072656e-08,0.00019499426796008236,2.543243988791205e-09,2.543243988872058e-09,0.05696166924329479
2773,User_3252,Unknown,86,0.02129767211490837,0.2841460840194216,1.3762824559726133e-05,1.0884300134299736e-07,0.0004565786623734,5.444898058457905e-09,5.444898058115961e-09,0.07321400947375419
2774,User_3253,Unknown,51,0.01263001485884101,0.28344798539941035,2.2720529775420357e-05,8.221745831676101e-08,0.0003545745594309908,4.196384829600389e-09,4.1963848294950515e-09,0.06614876704951672
2775,User_3254,Unknown,12,0.0029717682020802376,0.2826741337066853,1.5831472206344437e-06,5.216573858226879e-08,0.00011842656031044836,2.700190047118851e-09,2.700190046799249e-09,0.05595829255114172
2776,User_3255,Unknown,32,0.0079247152055473,0.28307045215562565,8.967603795964816e-06,6.341284279924696e-08,0.0002528883206151511,3.262304862832322e-09,3.262304862533311e-09,0.06143489092724459
2777,User_3256,Unknown,63,0.015601783060921248,0.28368694674722494,4.934370081359643e-05,8.063596914583822e-08,0.0005037927694072384,4.1528100645923675e-09,4.152810064662286e-09,0.07073483835159532
2778,User_3257,Unknown,42,0.010401188707280832,0.2832690284110838,4.149755430564393e-06,6.786227396036737e-08,0.00022507545882284884,3.4485264218352115e-09,3.4485264215471467e-09,0.06237797373000335
2779,User_3259,Unknown,31,0.007677067855373947,0.28305060984158137,8.510568143147979e-06,6.544254343968281e-08,0.00023582388854517924,3.3678046651394907e-09,3.3678046647874777e-09,0.06096595396033448
2780,User_3260,Unknown,28,0.006934125804853888,0.28299109958651625,3.5134869989330004e-06,6.180272818660098e-08,0.00018936401851168594,3.146068454162528e-09,3.1460684541990856e-09,0.05964732451676808
2781,User_3261,Unknown,54,0.01337295690936107,0.28350768798708137,9.82003444891823e-06,8.257843051319215e-08,0.00032030181558027665,4.1940008158042415e-09,4.194000815402188e-09,0.06593922909482211
2782,User_3262,Unknown,24,0.005943536404160475,0.28291179149443,3.8261390917197453e-07,6.153903326724085e-08,0.00016420918294799685,3.1704685275261315e-09,3.170468527308213e-09,0.058584276209680305
2783,User_3264,Unknown,31,0.007677067855373947,0.28305060984158137,3.033498821778694e-06,6.254165867648828e-08,0.0002504384524098376,3.220165310056299e-09,3.220165310408456e-09,0.06124000148576875
2784,User_3266,Unknown,8,0.001981178801386825,0.28259500314927566,1.533610045661092e-08,5.422115911265804e-08,0.00010728724833673111,2.8316239268539514e-09,2.831623926603175e-09,0.05516019440050078
2785,User_3267,Unknown,72,0.017830609212481426,0.2838664323374341,1.556744110423734e-05,9.667069243944857e-08,0.0004068891476808509,4.877439641671671e-09,4.87743964147933e-09,0.07021950946615753
2786,User_3268,Unknown,2,0.0004952947003467063,0.2824763903462749,0.0,4.6304939702087664e-08,7.667181264573597e-05,2.4334020746964985e-09,2.4334020751228547e-09,0.05370140998423534
2787,User_3269,Unknown,9,0.002228826151560178,0.2826147816349384,7.424133201995553e-07,4.886263284306115e-08,0.00010986049991765158,2.5585654555264292e-09,2.5585654559922986e-09,0.055355806840926315
2788,User_3270,Unknown,6,0.0014858841010401188,0.2825554544818417,2.4537760730577472e-08,5.122095833908913e-08,7.659794867281497e-05,2.673247125982314e-09,2.6732471259386874e-09,0.05428751960571932
2789,User_3271,Unknown,5,0.0012382367508667657,0.28253568429890846,1.8403320547933104e-07,4.7251621457015283e-08,0.0001265488875335209,2.4804969153042448e-09,2.4804969155310697e-09,0.0550829482104341
2790,User_3272,Unknown,44,0.010896483407627538,0.283308777099558,1.1460677080164537e-05,7.137515528495822e-08,0.00028800401976275476,3.618038322847437e-09,3.6180383225396856e-09,0.06386108451204238
2791,User_3273,Unknown,26,0.0064388311045071814,0.2829514399831827,3.55389607535101e-06,6.594530122956896e-08,0.00021386881938266882,3.1242297868172855e-09,3.1242297868569533e-09,0.0598157935506861
2792,User_3274,Unknown,63,0.015601783060921248,0.28368694674722494,3.9436704526041964e-05,8.595407932286524e-08,0.00041242560006581047,4.393761243468259e-09,4.393761243350343e-09,0.06900837474151797
2793,User_3275,Unknown,29,0.007181773155027241,0.2830109335576114,1.2481287824960637e-05,6.250241648687541e-08,0.000250408324057699,3.2571122740669556e-09,3.257112274280933e-09,0.06094843186257658
2794,User_3276,Unknown,20,0.004952947003467063,0.2828325278419836,4.426207685410664e-06,5.562412098908875e-08,0.000166682362129563,2.8753286617300558e-09,2.875328661586415e-09,0.058044531032525
2795,User_3277,Unknown,71,0.017582961862308073,0.28384647827920706,1.3543789500442861e-05,9.670150170352229e-08,0.0003861134767822495,4.8714819329800525e-09,4.871481932438635e-09,0.0696800335389345
2796,User_3279,Unknown,25,0.006191183754333828,0.28293161434977576,9.386034451909138e-06,6.35964313614684e-08,0.00021323746041711775,3.3188128402237162e-09,3.3188128401216264e-09,0.05965872360615686
2797,User_3280,Unknown,107,0.026498266468548786,0.2845665961945032,6.30339778440045e-05,1.1693523639734334e-07,0.000603864553896909,5.859320270423572e-09,5.859320269775478e-09,0.07909407839207236
2798,User_3281,Unknown,12,0.0029717682020802376,0.2826741337066853,5.869590652394536e-08,5.2323405971794996e-08,0.00010367140462336463,2.7202321559259137e-09,2.7202321558807807e-09,0.055679501314907565
2799,User_3282,Unknown,2,0.0004952947003467063,0.2824763903462749,0.0,4.667432643089847e-08,5.028203169702008e-05,2.448793300416742e-09,2.4487933004069166e-09,0.053203598121758074
2800,User_3283,Unknown,16,0.00396235760277365,0.2827533085918353,1.6513553444048888e-07,5.098596383740051e-08,0.00021872097921100562,2.665336779972429e-09,2.6653367800661814e-09,0.058437340803648034
2801,User_3284,Unknown,70,0.01733531451213472,0.2838265270260772,3.82032771334267e-06,8.698130550710029e-08,0.00031566548010711945,4.3273126204639264e-09,4.3273126213371165e-09,0.06820121835618824
2802,User_3285,Unknown,27,0.006686478454680535,0.28297126839523473,2.6075291196979965e-06,6.293990129674535e-08,0.00022151185796116668,3.0778585572995934e-09,3.077858557067097e-09,0.06010658368458573
2803,User_3286,Unknown,23,0.005695889053987122,0.2828919714165616,1.6290651859392814e-06,5.716796907541042e-08,0.0001458909753737973,2.9457933048502507e-09,2.945793304587368e-09,0.05809218092209482
2804,User_3287,Unknown,48,0.01188707280832095,0.2833883079514352,1.2827539877765754e-05,8.026449408961586e-08,0.0003064303302592539,4.076190240872505e-09,4.076190240471817e-09,0.06479683095004911
2805,User_3288,Unknown,48,0.01188707280832095,0.2833883079514352,1.0748751933799605e-05,7.776423261533381e-08,0.0002868456061081519,3.917975348743146e-09,3.917975348642697e-09,0.06442675830145579
2806,User_3291,Unknown,119,0.029470034670629024,0.28480744815911974,7.755307788278451e-05,1.20435359556477e-07,0.0006636532449854325,5.95856301953441e-09,5.958563019295911e-09,0.08199053917543778
2807,User_3292,Unknown,12,0.0029717682020802376,0.2826741337066853,1.7407735429113457e-06,5.1895259895284817e-08,0.00011964383963724562,2.6765922679020906e-09,2.6765922682867904e-09,0.055981300492856254
2808,User_3293,Unknown,60,0.014858841010401188,0.2836271686450797,5.84295799790798e-06,7.818271099863645e-08,0.00028962678887984515,3.931075800487179e-09,3.9310758000333825e-09,0.06624104306468927
2809,User_3294,Unknown,23,0.005695889053987122,0.2828919714165616,2.744080595724671e-06,5.708840024524442e-08,0.00015226634680867045,2.9457399138481476e-09,2.9457399136765986e-09,0.05821277640697758
2810,User_3296,Unknown,41,0.010153541357107478,0.28324915824915825,1.1942580939556774e-05,7.325230428726996e-08,0.0002560752546164906,3.710285119973603e-09,3.710285119708502e-09,0.06281816449392025
2811,User_3297,Unknown,63,0.015601783060921248,0.28368694674722494,4.300547099279883e-06,9.465082600626051e-08,0.00034038468155010964,4.796478655829007e-09,4.796478655989281e-09,0.06763899085335424
2812,User_3298,Unknown,45,0.01114413075780089,0.2833286556272804,1.0029009431550635e-05,7.40941631655455e-08,0.0002799165737598192,3.746109708911463e-09,3.7461097087002934e-09,0.06385503486423362
2813,User_3299,Unknown,60,0.014858841010401188,0.2836271686450797,1.978417610643879e-05,8.184369510979035e-08,0.00036698955685255806,4.120389619254963e-09,4.1203896190631225e-09,0.06770456251484422
2814,User_3300,Unknown,18,0.004457652303120356,0.2827929126689544,1.7793572242188514e-06,5.2395262202556704e-08,0.00017687548031659756,2.7300190022734225e-09,2.7300190023336785e-09,0.05794223331768115
2815,User_3301,Unknown,40,0.009905894006934125,0.28322929087465804,3.4443306503860715e-06,6.820633382476833e-08,0.0002069287504639485,3.456587981919181e-09,3.456587982110976e-09,0.061741605079244456
2816,User_3302,Unknown,67,0.01659237246161466,0.2837666900913563,6.246532257979857e-05,9.77739758958052e-08,0.00046299073235290953,4.957835844428789e-09,4.957835844277396e-09,0.0705569406089887
2817,User_3303,Unknown,36,0.008915304606240713,0.2831498492391838,8.248776106369422e-06,6.321564313664288e-08,0.00022815932552432947,3.234156294543028e-09,3.2341562947217427e-09,0.061555837430888556
2818,User_3305,Unknown,5,0.0012382367508667657,0.28253568429890846,1.1976764166115192e-07,4.7679215992305535e-08,7.416439357923756e-05,2.5007914928382066e-09,2.5007914928665032e-09,0.05409475693004418
2819,User_3306,Unknown,22,0.005448241703813769,0.2828721541155867,3.1040002334521523e-06,6.004810300938752e-08,0.00016287800794583478,3.020490504102623e-09,3.020490503864835e-09,0.05826617292084553
2820,User_3307,Unknown,19,0.0047052996532937095,0.2828127188681888,3.706262834309826e-06,5.522074521781718e-08,0.00016667584522700216,2.842411065682657e-09,2.842411065745565e-09,0.057897300842493525
2821,User_3308,Unknown,9,0.002228826151560178,0.2826147816349384,7.375934029131916e-08,5.460544020475937e-08,0.000116537414261549,2.850625776945534e-09,2.8506257768196315e-09,0.05548158266898317
2822,User_3309,Unknown,18,0.004457652303120356,0.2827929126689544,1.1099455466401481e-06,5.179267221047607e-08,0.00023495857923595045,2.704424128907903e-09,2.7044241291897754e-09,0.059037703654103234
2823,User_3310,Unknown,5,0.0012382367508667657,0.28253568429890846,3.067220091322184e-08,4.976351637271137e-08,8.820934701520843e-05,2.6235852696144638e-09,2.623585269749662e-09,0.05435968133421654
2824,User_3311,Unknown,11,0.0027241208519068845,0.28265434691306174,1.966166725206528e-08,4.935193228053594e-08,0.00015894206601621948,2.58426560185703e-09,2.5842656019004136e-09,0.05657521711338894
2825,User_3312,Unknown,17,0.004210004952947003,0.2827731092436975,1.3661429088525663e-06,5.3458729323154834e-08,0.00015319437511578126,2.7805965303393473e-09,2.7805965302135898e-09,0.0573485091102378
2826,User_3313,Unknown,32,0.0079247152055473,0.28307045215562565,8.082344631909209e-06,6.440132532264578e-08,0.00022883180960154626,3.3161247911800376e-09,3.3161247911636065e-09,0.06098083307819816
2827,User_3314,Unknown,16,0.00396235760277365,0.2827533085918353,2.2551370576197388e-07,5.099234077254493e-08,0.00021972749001081973,2.665647649981361e-09,2.6656476502387937e-09,0.0584563454568972
2828,User_3315,Unknown,14,0.003467062902426944,0.28271371560596514,3.0111762123148435e-07,5.189600435497434e-08,0.00010606742589428116,2.6999803324397056e-09,2.6999803320530412e-09,0.056018533865672675
2829,User_3316,Unknown,39,0.009658246656760773,0.28320942628699675,2.7663649621152325e-06,7.366191894185248e-08,0.0002269579438928671,3.774372167409808e-09,3.774372167224538e-09,0.061972335129162816
2830,User_3317,Unknown,7,0.001733531451213472,0.2825752274317705,0.0,4.821666367073927e-08,8.509541713898463e-05,2.5266104014850356e-09,2.526610401528792e-09,0.05459466881049154
2831,User_3318,Unknown,20,0.004952947003467063,0.2828325278419836,1.36087336173022e-06,5.2351061241480073e-08,0.0002644608889592952,2.7330499728925905e-09,2.7330499730277088e-09,0.05988808861362478
2832,User_3320,Unknown,113,0.027984150569588903,0.2846869712351946,6.156881040840766e-05,1.2678171506502307e-07,0.0006258879880523712,6.351254255939371e-09,6.35125425540923e-09,0.08039124609500904
2833,User_3321,Unknown,69,0.017087667161961365,0.2838065785774529,2.1721549040220376e-05,8.662600044906103e-08,0.0004070058563597238,4.3107259277822216e-09,4.310725927430743e-09,0.06978260925216347
2834,User_3322,Unknown,8,0.001981178801386825,0.28259500314927566,1.7526971950412477e-08,4.830164228350426e-08,0.00014041113460846541,2.532784847122507e-09,2.5327848471175344e-09,0.05578501658548056
2835,User_3323,Unknown,7,0.001733531451213472,0.2825752274317705,1.6417942724030493e-07,4.935120456430631e-08,7.907715564279836e-05,2.575848097973807e-09,2.5758480977427103e-09,0.054481193976650855
2836,User_3324,Unknown,87,0.021545319465081723,0.2841660802251935,3.2431928308902935e-05,9.244320645860018e-08,0.0004338663100987456,4.5848673728584845e-09,4.584867371857974e-09,0.07293803851712331
2837,User_3325,Unknown,19,0.0047052996532937095,0.2828127188681888,1.3158874670574946e-06,5.1991665543974434e-08,0.00025100030908560377,2.7152901108853503e-09,2.715290110831143e-09,0.05948726430053667
2838,User_3326,Unknown,16,0.00396235760277365,0.2827533085918353,3.013017556057586e-06,5.350743377041959e-08,0.00013937747498624819,2.772639664877269e-09,2.7726396651349947e-09,0.0569414715017579
2839,User_3327,Unknown,50,0.012382367508667657,0.2834280901242367,3.5752954125263185e-05,7.169857449540259e-08,0.00039700659140133734,3.6583162387343488e-09,3.658316237844259e-09,0.06680609771480481
2840,User_3329,Unknown,19,0.0047052996532937095,0.2828127188681888,3.850276770067601e-06,5.4547029873149955e-08,0.00017022385355686294,2.828410163504832e-09,2.828410163098378e-09,0.057964271127435116
2841,User_3330,Unknown,93,0.02303120356612184,0.2842861165868769,4.985714170687033e-05,1.0729379017499313e-07,0.0005180245764773491,5.336966118180175e-09,5.336966118000776e-09,0.07541277281044108
2842,User_3332,Unknown,62,0.015354135710747894,0.2836670179135933,9.414014644783434e-06,8.935590159057888e-08,0.00034806160375872475,4.484175410495515e-09,4.4841754100672185e-09,0.06763835303382866
2843,User_3333,Unknown,7,0.001733531451213472,0.2825752274317705,1.5745063135453875e-07,4.8214993279543305e-08,8.37867427578829e-05,2.52642346876265e-09,2.52642346908623e-09,0.05457002895867343
2844,User_3334,Unknown,9,0.002228826151560178,0.2826147816349384,6.738146994269686e-08,5.2881175354109543e-08,9.763524116603173e-05,2.657201710587022e-09,2.657201710555315e-09,0.055125001209141614
2845,User_3335,Unknown,65,0.016097077761267953,0.2837268128161889,2.3154057587211325e-05,1.1911119768456533e-07,0.00037787324990861906,6.337124083494362e-09,6.337124083276268e-09,0.06864579175262728
2846,User_3336,Unknown,7,0.001733531451213472,0.2825752274317705,0.0,4.79700383246577e-08,0.00012664511606292353,2.516214834697286e-09,2.5162148342818183e-09,0.05537845566109336
2847,User_3337,Unknown,24,0.005943536404160475,0.28291179149443,2.8395889278760396e-06,5.988709408483159e-08,0.00018474270357876204,3.0852001642214835e-09,3.08520016380084e-09,0.0589723416671884
2848,User_3338,Unknown,9,0.002228826151560178,0.2826147816349384,1.2157345089240656e-07,4.894179259578239e-08,0.00012906700602147001,2.5629608541852116e-09,2.5629608546717096e-09,0.05571793143329306
2849,User_3339,Unknown,73,0.018078256562654778,0.28388638920134984,6.8639932463345315e-06,8.820592708518825e-08,0.00033153488286448364,4.391082004232958e-09,4.391082004655727e-09,0.06894238039440784
2850,User_3340,Unknown,16,0.00396235760277365,0.2827533085918353,3.0842315449411677e-06,6.873267273784428e-08,0.00015015257056675253,3.6267008323161492e-09,3.6267008326378364e-09,0.057144815255788926
2851,User_3341,Unknown,31,0.007677067855373947,0.28305060984158137,9.573108980593656e-06,6.27540714183562e-08,0.00023885799502559507,3.2390874283853573e-09,3.2390874284450313e-09,0.061023494774343316
2852,User_3342,Unknown,68,0.016840019811788013,0.283786632932743,3.7793556950473624e-05,8.716800798603532e-08,0.00043056192275083726,4.396670578609808e-09,4.396670577698576e-09,0.07008479014750282
2853,User_3343,Unknown,14,0.003467062902426944,0.28271371560596514,2.5605445438556763e-06,5.560067457773963e-08,0.00014165033397138627,2.874305688971371e-09,2.874305689256093e-09,0.05669045027633131
2854,User_3344,Unknown,76,0.018821198613174838,0.28394627663314814,1.3303627931792956e-05,9.608362615741015e-08,0.000412220485714606,4.774279492719083e-09,4.774279492478525e-09,0.07090727347623078
2855,User_3345,Unknown,65,0.016097077761267953,0.2837268128161889,2.16786672537001e-05,8.394129865070457e-08,0.00038738367897496066,4.186615040219165e-09,4.1866150397479295e-09,0.06882460342146199
2856,User_3346,Unknown,35,0.00866765725606736,0.2831299957930164,1.0883126252364497e-05,7.312686191264038e-08,0.00026975871229279467,3.555358336318146e-09,3.5553583359686717e-09,0.06219446182103777
2857,User_3347,Unknown,76,0.018821198613174838,0.28394627663314814,1.9146241054956455e-05,1.0019368467864502e-07,0.0004208964469442126,4.968486031529307e-09,4.968486031514546e-09,0.07107268781757335
2858,User_3348,Unknown,84,0.020802377414561663,0.2841061000492507,1.0430137262166724e-05,9.393609378518356e-08,0.0003751912651199423,4.656810949326467e-09,4.656810950141542e-09,0.07138371113129609
2859,User_3349,Unknown,12,0.0029717682020802376,0.2826741337066853,8.446053038770991e-07,5.092149638451423e-08,0.00011974739120105353,2.656505655863544e-09,2.6565056553446148e-09,0.05598298504966486
2860,User_3350,Unknown,82,0.020307082714214955,0.2840661273302849,2.974195980057012e-05,1.0913914534940863e-07,0.00046262587602792694,5.486139482599861e-09,5.486139482625272e-09,0.07274490603355095
2861,User_3351,Unknown,84,0.020802377414561663,0.2841061000492507,1.4784752780209078e-05,1.0502150562824116e-07,0.0004487327140394189,5.2658891866478566e-09,5.265889186761486e-09,0.07277232639674465
2862,User_3352,Unknown,13,0.0032194155522535907,0.2826939232707925,2.930150182479214e-08,5.216470744780551e-08,0.00011100554184856437,2.712992836665214e-09,2.712992836675845e-09,0.05596472336273395
2863,User_3353,Unknown,62,0.015354135710747894,0.2836670179135933,2.7946602395381695e-05,8.693108208816258e-08,0.0003887320621535476,4.405933269863908e-09,4.405933269214095e-09,0.06841105728811643
2864,User_3354,Unknown,9,0.002228826151560178,0.2826147816349384,2.896818975137618e-08,4.854543353616929e-08,0.000183703251446278,2.544741521825899e-09,2.544741521884068e-09,0.05674855294456784
2865,User_3356,Unknown,20,0.004952947003467063,0.2828325278419836,6.155617352751611e-07,6.134636809884007e-08,0.00017071510251222586,2.9681127581752026e-09,2.9681127579523197e-09,0.058119484086409635
2866,User_3357,Unknown,15,0.003714710252600297,0.2827335107127853,1.4162717801936694e-06,5.3582616896429865e-08,0.0001267729198668636,2.7803609861212188e-09,2.780360986089768e-09,0.0565563412568278
2867,User_3358,Unknown,11,0.0027241208519068845,0.28265434691306174,7.621709275758589e-07,5.339445840219356e-08,0.00010972222388927672,2.7753168271030994e-09,2.775316827134334e-09,0.055646976623000506
2868,User_3359,Unknown,18,0.004457652303120356,0.2827929126689544,1.7349851120234447e-06,5.9158025940297155e-08,0.0001534936283821234,2.9094203756788723e-09,2.9094203755636266e-09,0.05750116664876046
2869,User_3360,Unknown,74,0.01832590391282813,0.2839063488715461,3.7613800099306355e-05,9.409230924365162e-08,0.0004492514880621375,4.748418037043247e-09,4.748418036923497e-09,0.07131910489224384
2870,User_3362,Unknown,75,0.018573551263001486,0.28392631134861485,1.4949452012414801e-05,8.650369638173009e-08,0.0003588865640020058,4.321099834261284e-09,4.321099834025998e-09,0.06975467321386895
2871,User_3363,Unknown,131,0.03244180287270926,0.28504870817450234,5.331767378340953e-05,1.1720931352584067e-07,0.0005929920269574417,5.764940196622905e-09,5.764940197220689e-09,0.08241487285772386
2872,User_3364,Unknown,49,0.012134720158494303,0.2834081976417743,2.7595143525445304e-06,7.323127774126359e-08,0.0002405512715020846,3.696315210929854e-09,3.696315210631001e-09,0.06369800817348362
2873,User_3365,Unknown,46,0.011391778107974244,0.2833485369447758,2.199783062525908e-05,6.955944973629605e-08,0.000359773422155741,3.565791079557801e-09,3.5657910794594406e-09,0.0655119141695267
2874,User_3367,Unknown,11,0.0027241208519068845,0.28265434691306174,3.718136757791052e-08,5.20045009228872e-08,9.740353480375035e-05,2.7043094595476673e-09,2.7043094589867627e-09,0.05541437766036752
2875,User_3368,Unknown,9,0.002228826151560178,0.2826147816349384,5.52099616437993e-08,5.106235921382969e-08,0.00012814399368537408,2.68772222046517e-09,2.687722220271973e-09,0.05570050913034885
2876,User_3369,Unknown,43,0.010648836057454186,0.2832889013610215,1.5405613832809312e-05,6.762263081212331e-08,0.00033294425658467186,3.4769950895564514e-09,3.476995089800685e-09,0.06456306650078064
2877,User_3370,Unknown,6,0.0014858841010401188,0.2825554544818417,4.52337508417211e-08,5.088247495704257e-08,7.625445063360987e-05,2.585622835052708e-09,2.5856228350998816e-09,0.054281041460253095
2878,User_3371,Unknown,15,0.003714710252600297,0.2827335107127853,1.7478354009571013e-07,5.343745741029863e-08,0.00013880589561653022,2.738434114619402e-09,2.7384341145033168e-09,0.05678295835952998
2879,User_3372,Unknown,7,0.001733531451213472,0.2825752274317705,0.0,4.7882855030788426e-08,0.00015833869856357477,2.5119012717562153e-09,2.5119012718615e-09,0.055976318633703274
2880,User_3373,Unknown,17,0.004210004952947003,0.2827731092436975,3.4930465995603936e-06,5.842633104374345e-08,0.000150713747145859,2.9678417486144507e-09,2.967841748675287e-09,0.057302363399646526
2881,User_3374,Unknown,16,0.00396235760277365,0.2827533085918353,2.5230076122618767e-06,5.230822006261645e-08,0.00016384525202812436,2.718150157333832e-09,2.7181501576234365e-09,0.057402878203810605
2882,User_3375,Unknown,3,0.0007429420505200594,0.2824961522317056,3.067220091322184e-08,4.8948813745621756e-08,5.9166110139752444e-05,2.5755011110204566e-09,2.5755011107849475e-09,0.05351807175166508
2883,User_3376,Unknown,8,0.001981178801386825,0.28259500314927566,0.0,4.845627706911852e-08,0.00012198682472339874,2.5396485714161883e-09,2.5396485717091632e-09,0.0554374583237619
2884,User_3377,Unknown,31,0.007677067855373947,0.28305060984158137,3.681886818980981e-06,6.54510106466969e-08,0.00020818911104520974,3.345217076001415e-09,3.3452170758505245e-09,0.06044321878480153
2885,User_3378,Unknown,60,0.014858841010401188,0.2836271686450797,9.787307056886878e-06,8.607290736598658e-08,0.0003451470674860388,4.346059216202216e-09,4.346059215991561e-09,0.06728957367429463
2886,User_3379,Unknown,25,0.006191183754333828,0.28293161434977576,2.405169218070607e-06,6.437055776903807e-08,0.00019036738496858006,3.1258712122687243e-09,3.1258712120062553e-09,0.05922522245284871
2887,User_3380,Unknown,21,0.005200594353640416,0.2828523395909218,2.6831945373842544e-06,5.787515150029695e-08,0.00016143460103843702,2.963058324046633e-09,2.9630583240857505e-09,0.058091919760203115
2888,User_3381,Unknown,54,0.01337295690936107,0.28350768798708137,3.869579694363926e-06,1.0779634756026413e-07,0.0002973790015102376,5.743995462732511e-09,5.74399546263595e-09,0.06550515743309801
2889,User_3382,Unknown,17,0.004210004952947003,0.2827731092436975,1.284351174170494e-07,5.132570159631452e-08,0.00022986728842841153,2.682169241535481e-09,2.6821692417267424e-09,0.058794480456942945
2890,User_3383,Unknown,17,0.004210004952947003,0.2827731092436975,3.0231561671242395e-06,5.4511705082710233e-08,0.00016634740831242612,2.857250939441652e-09,2.857250939455078e-09,0.05759712387152033
2891,User_3384,Unknown,49,0.012134720158494303,0.2834081976417743,2.6828453097542484e-06,7.263650392300229e-08,0.0002396191338729819,3.6676423463006182e-09,3.667642346060804e-09,0.06368039943636249
2892,User_3387,Unknown,97,0.024021792966815253,0.2843661971830986,1.7759547080126542e-05,1.0010605481047252e-07,0.00043470553607131176,4.953694813680766e-09,4.953694814065816e-09,0.07441947593637299
2893,User_3388,Unknown,10,0.0024764735017335313,0.28263456288933997,4.1007519431625067e-07,5.017827970087768e-08,9.663549112045488e-05,2.617291089499647e-09,2.6172910895810147e-09,0.05525311504161023
2894,User_3389,Unknown,7,0.001733531451213472,0.2825752274317705,7.361328219173241e-08,5.040573659942415e-08,9.48805906667135e-05,2.6568051110435826e-09,2.6568051113417957e-09,0.05477928619820506
2895,User_3390,Unknown,25,0.006191183754333828,0.28293161434977576,2.363304386691642e-06,5.8803184268671644e-08,0.0001577025516297644,3.020611011248263e-09,3.0206110111294317e-09,0.05860901190944371
2896,User_3391,Unknown,53,0.013125309559187715,0.2834877843302443,2.428450547991985e-06,8.261553028189686e-08,0.0002917361124258633,4.1419941566938795e-09,4.141994156643622e-09,0.06525123065458946
2897,User_3392,Unknown,17,0.004210004952947003,0.2827731092436975,1.356782849741187e-06,5.235176473299086e-08,0.000160959648405393,2.7261643025904424e-09,2.72616430269669e-09,0.05749498515623628
2898,User_3393,Unknown,19,0.0047052996532937095,0.2828127188681888,3.810928769223167e-06,5.5088567892317104e-08,0.00015783543144662042,2.849908685066445e-09,2.8499086852121337e-09,0.05773056778345819
2899,User_3394,Unknown,31,0.007677067855373947,0.28305060984158137,6.230253441804033e-06,5.999750612753857e-08,0.000216050885131746,3.0857258257524483e-09,3.0857258255343787e-09,0.06059225953001383
2900,User_3395,Unknown,38,0.009410599306587419,0.2831895644855881,1.0017152070638728e-05,6.942563111052597e-08,0.00027310314954299687,3.5403926353575805e-09,3.540392635195752e-09,0.06269803231370631
2901,User_3396,Unknown,76,0.018821198613174838,0.28394627663314814,2.4164025353732037e-05,9.962648231065072e-08,0.00043822234953782506,5.021240689096151e-09,5.021240688619657e-09,0.07140101461198128
2902,User_3397,Unknown,115,0.02847944526993561,0.28472711888309127,7.907224379332909e-05,1.2339275819091992e-07,0.0006443413667682788,6.131486677304216e-09,6.131486676687555e-09,0.08103858746870374
2903,User_3398,Unknown,8,0.001981178801386825,0.28259500314927566,5.5502077842972845e-08,5.381652646332895e-08,0.00010710227779154449,2.828575220926483e-09,2.828575220899552e-09,0.05515671633502762
2904,User_3399,Unknown,37,0.009162951956414065,0.2831697054698457,1.218788548838608e-06,6.700847703133863e-08,0.00018538335056305312,3.3986730145017173e-09,3.3986730147220492e-09,0.06089375584985939
2905,User_3400,Unknown,35,0.00866765725606736,0.2831299957930164,4.546127928603508e-06,6.353636508131583e-08,0.000204012484088406,3.2467902501319384e-09,3.24679024952041e-09,0.060952321423448315
2906,User_3401,Unknown,8,0.001981178801386825,0.28259500314927566,0.0,4.845627706911852e-08,0.00012198682472339874,2.539648571419264e-09,2.5396485712097178e-09,0.05543745832376189
2907,User_3402,Unknown,15,0.003714710252600297,0.2827335107127853,1.3887511599446125e-06,5.169938253376205e-08,0.00017262732844499084,2.700530533038427e-09,2.7005305330708237e-09,0.05742131767245553
2908,User_3403,Unknown,52,0.012877662209014363,0.2834678834678835,1.9719433362676154e-05,8.823279969969902e-08,0.00033407816174801073,4.526506085892343e-09,4.526506086429927e-09,0.06590819437689871
2909,User_3405,Unknown,13,0.0032194155522535907,0.2826939232707925,1.7851752051857243e-06,5.7774676410705447e-08,0.00014950576871136998,2.958964672668446e-09,2.958964672944981e-09,0.05669152816043722
2910,User_3407,Unknown,2,0.0004952947003467063,0.2824763903462749,0.0,4.6304939702087664e-08,7.667181264573597e-05,2.4334020746993216e-09,2.4334020746644365e-09,0.053701409984235324
2911,User_3408,Unknown,2,0.0004952947003467063,0.2824763903462749,0.0,4.6420681829497264e-08,5.118505628450468e-05,2.4386490877508173e-09,2.4386490877941148e-09,0.0532206317976044
2912,User_3411,Unknown,62,0.015354135710747894,0.2836670179135933,2.6371787948931168e-05,8.731660921152887e-08,0.00037405686483801934,4.413924062928102e-09,4.4139240627748074e-09,0.06813375918086152
2913,User_3413,Unknown,3,0.0007429420505200594,0.2824961522317056,0.0,4.6673733341201814e-08,5.877486373084911e-05,2.451421668004008e-09,2.451421668096111e-09,0.053510673013537326
2914,User_3414,Unknown,18,0.004457652303120356,0.2827929126689544,3.446720818063802e-07,5.483338047475953e-08,0.00012060862810807851,2.8349445516361926e-09,2.8349445516999392e-09,0.05688040531453659
2915,User_3415,Unknown,29,0.007181773155027241,0.2830109335576114,7.673486978157232e-06,6.81480987124163e-08,0.0002184791954600052,3.314535452772633e-09,3.314535452658369e-09,0.060344707034519884
2916,User_3416,Unknown,53,0.013125309559187715,0.2834877843302443,3.259391677698772e-06,8.541399182742535e-08,0.000291489172082239,4.338797119930803e-09,4.338797119709406e-09,0.06524683282592737
2917,User_3417,Unknown,89,0.022040614165428428,0.2842060810810811,1.47593971124266e-05,9.498491423558029e-08,0.00040595503123576636,4.715754315103478e-09,4.715754315312441e-09,0.0727002564780435
2918,User_3418,Unknown,10,0.0024764735017335313,0.28263456288933997,5.159790058098829e-07,7.331260709049697e-08,0.00010249005954202997,4.097725678963105e-09,4.097725679578514e-09,0.05536369007123456
2919,User_3419,Unknown,63,0.015601783060921248,0.28368694674722494,1.0193216123942926e-05,9.16087178065553e-08,0.0003498826262250065,4.637432861655804e-09,4.637432861503195e-09,0.06781989864862202
2920,User_3421,Unknown,20,0.004952947003467063,0.2828325278419836,2.3066301981139138e-06,5.693205199957774e-08,0.0001562464996504977,2.91462700107106e-09,2.914627001891718e-09,0.057847044030665526
2921,User_3422,Unknown,40,0.009905894006934125,0.28322929087465804,6.504943639559945e-06,7.11344173358155e-08,0.0002502877825068762,3.6193706584239162e-09,3.6193706582562757e-09,0.06256044569330453
2922,User_3423,Unknown,16,0.00396235760277365,0.2827533085918353,1.4401328619255585e-07,5.0999525624304e-08,0.00021789618473152825,2.6659671545604704e-09,2.6659671548824075e-09,0.05842177576616446
2923,User_3424,Unknown,7,0.001733531451213472,0.2825752274317705,1.533610045661092e-08,5.030041070561324e-08,9.349476876000166e-05,2.649576742640268e-09,2.6495767427812643e-09,0.05475312642669257
2924,User_3425,Unknown,10,0.0024764735017335313,0.28263456288933997,5.371043182137512e-07,4.949648589120802e-08,0.00013573460247351429,2.5892706229247754e-09,2.58927062310219e-09,0.05599071064198556
2925,User_3426,Unknown,113,0.027984150569588903,0.2846869712351946,5.254701487389548e-05,1.0724920117302196e-07,0.0005336866768163027,5.29204916800469e-09,5.292049168315221e-09,0.07864921258244216
2926,User_3427,Unknown,9,0.002228826151560178,0.2826147816349384,1.2157345089240656e-07,4.894179259578239e-08,0.00012906700602147001,2.562960854189363e-09,2.5629608539976066e-09,0.055717931433293046
2927,User_3428,Unknown,8,0.001981178801386825,0.28259500314927566,3.9338757422338667e-07,4.845729811258938e-08,9.648111700679538e-05,2.539000006734276e-09,2.5390000066952293e-09,0.05495643914768335
2928,User_3429,Unknown,5,0.0012382367508667657,0.28253568429890846,3.067220091322184e-08,4.805622437724995e-08,7.481957445699397e-05,2.5173615470175463e-09,2.517361546989788e-09,0.05410709102094846
2929,User_3430,Unknown,21,0.005200594353640416,0.2828523395909218,2.1901671198074634e-06,5.5840936992567206e-08,0.00015058521871921454,2.8850073157278977e-09,2.8850073157260932e-09,0.05788710526303682
2930,User_3431,Unknown,23,0.005695889053987122,0.2828919714165616,7.006494983828446e-06,8.097253071001697e-08,0.00019076299401670532,4.4802411947535096e-09,4.4802411952326175e-09,0.05894034641333367
2931,User_3432,Unknown,6,0.0014858841010401188,0.2828523395909218,1.7212431110231119e-06,7.412483838354507e-08,9.077046416008138e-05,3.3521051410542795e-09,3.3521051409913232e-09,0.054706132731747965
2932,User_3433,Unknown,65,0.016097077761267953,0.2837268128161889,5.753220465105054e-06,8.156970077838421e-08,0.00030609152495041813,4.087113130911626e-09,4.087113130774937e-09,0.06728637680063032
2933,User_3434,Unknown,107,0.026498266468548786,0.2845665961945032,3.369197131976529e-05,1.1774410642728093e-07,0.0005671585743594182,5.8516140177145595e-09,5.851614017522532e-09,0.0783929394577968
2934,User_3435,Unknown,49,0.012134720158494303,0.2834081976417743,3.3397346798230557e-06,7.218317056607253e-08,0.00024263220473120598,3.6490561251853474e-09,3.64905612490624e-09,0.06373743132845741
2935,User_3436,Unknown,7,0.001733531451213472,0.2825752274317705,1.1484666397254917e-07,4.869890055911376e-08,7.165427617343715e-05,2.5469009625212954e-09,2.546900962373717e-09,0.05434115282193878
2936,User_2003,Unknown,48,0.01188707280832095,0.27873265686477533,7.772615052749492e-05,0.0017861781709136533,0.00018212625022175056,0.00011450816184255406,0.00011450816184255427,0.06813056859497288
2937,User_2031,Unknown,53,0.013125309559187715,0.2788288910371496,0.00023800077194766848,0.001518054367657686,0.00026303846902495803,9.732005082049957e-05,9.732005082049984e-05,0.06923330123453206
2938,User_2155,Unknown,41,0.010153541357107478,0.2785980405685111,9.512804524326332e-05,0.0014247839989961026,0.00017852119096579944,9.133987815925336e-05,9.13398781592525e-05,0.06541832301212873
2939,User_2185,Unknown,17,0.004210004952947003,0.27813748450199755,1.4683802651042715e-05,0.0009765330862972978,9.445646070700733e-05,6.260388605820468e-05,6.260388605820467e-05,0.05827744804400734
2940,User_2325,Unknown,79,0.0195641406636949,0.27933038184836745,0.00027486819751747845,0.002218250954259477,0.0003384622270583907,0.0001422069642528111,0.00014220696425281076,0.07762426429106448
2941,User_2330,Unknown,48,0.01188707280832095,0.27873265686477533,1.9001759175937833e-05,0.002256112042277403,0.0001676861748143869,0.0001446343383861478,0.00014463433838614862,0.06995144149962498
2942,User_1914,Unknown,47,0.011639425458147598,0.2605665612699232,1.5331225800186976e-06,0.0008440370255033657,0.0002506389261324237,5.411700655881174e-05,5.411700655881138e-05,0.055811319780648065
2943,User_1915,Unknown,11,0.0027241208519068845,0.2599626601429215,4.493645962363445e-07,0.0006303769429467951,0.00012841081436741313,4.0418187356559945e-05,4.041818735655983e-05,0.04731292395874314
2944,User_1917,Unknown,190,0.0470529965329371,0.2629933567799922,7.645647272384068e-06,0.07975543669210788,0.0003454684402758519,0.005113814471244772,0.005113814471244771,0.4328773406809008
2945,User_1918,Unknown,161,0.039871223377909853,0.26249756224403564,4.731491102467617e-06,0.0692334913410062,0.0002968055263453243,0.004439160345784516,0.004439160345784517,0.3804731967651365
2946,User_1919,Unknown,55,0.013620604259534423,0.2607011427464652,5.320222073982523e-06,0.000916043389855846,0.0002891659552280174,5.873325016184559e-05,5.8733250161845186e-05,0.058025641179370376
2947,User_1921,Unknown,40,0.009905894006934125,0.26044891640866874,3.788174977120883e-06,0.0008933753398511808,0.00021432957142914923,5.727944200498013e-05,5.727944200497884e-05,0.05433106774747206
2948,User_1922,Unknown,15,0.003714710252600297,0.260029621997553,8.516681205915239e-07,0.0006503321990746113,0.0001597963629933568,4.1697635014034666e-05,4.169763501403412e-05,0.04857606816811013
2949,User_1923,Unknown,56,0.013868251609707775,0.26071797520661155,1.3248199115866964e-05,0.0015594377865018993,0.00025931181906066486,9.997699283240654e-05,9.99769928324064e-05,0.060499928853104915
2950,User_1924,Unknown,6,0.0014858841010401188,0.259879006307118,2.4743960400582322e-08,0.0006463763975441734,7.621882425605381e-05,4.1443932591043306e-05,4.1443932591043435e-05,0.04567347738147629
2951,User_1925,Unknown,125,0.03095591877166914,0.2618846877229392,5.538938797403366e-06,0.054588892613149635,0.00024114855446970106,0.0035001672655939286,0.0035001672655939294,0.3084016853923135
2952,User_1927,Unknown,55,0.013620604259534423,0.2607011427464652,2.771959159317389e-06,0.0008972741847619997,0.0002862776385490868,5.7530088715054135e-05,5.753008871505376e-05,0.05788609991857168
2953,User_1928,Unknown,23,0.005695889053987122,0.26016364924940405,4.827218678695801e-07,0.0007497947602273694,0.0001389687914922918,4.807411207298706e-05,4.8074112072986844e-05,0.04979254069607249
2954,User_1929,Unknown,151,0.037394749876176324,0.2623270317676866,2.63517900995182e-06,0.06669649825212837,0.00027868801017176726,0.004276492655614254,0.004276492655614254,0.3672795698465522
2955,User_1930,Unknown,13,0.0032194155522535907,0.25999613675874056,6.431244694845815e-07,0.000724408928864583,0.00012393481769426822,4.644639102543194e-05,4.644639102543199e-05,0.047941563656621396
2956,User_1931,Unknown,39,0.009658246656760773,0.2604321186713963,1.445806289721745e-06,0.000837494203662063,0.0002118251822075002,5.369701164439111e-05,5.3697011644390914e-05,0.05388677187337853
2957,User_1933,Unknown,11,0.0027241208519068845,0.2599626601429215,3.8797150837670527e-07,0.0006332393547555077,0.00012376575402229885,4.060170363835208e-05,4.060170363835205e-05,0.047238139272692305
2958,User_1934,Unknown,12,0.0029717682020802376,0.25997939737316506,9.846838733868477e-07,0.0006482642865608077,0.0001287604565736156,4.156498584806636e-05,4.1564985848066346e-05,0.04754535654084555
2959,User_1935,Unknown,50,0.012382367508667657,0.2606170130373048,2.720334740495391e-06,0.00087023652524516,0.0002633044815754154,5.579655282145315e-05,5.579655282145271e-05,0.05660438620137543
2960,User_1936,Unknown,22,0.005448241703813769,0.2601468882875918,3.0983357937595177e-06,0.000722985467970911,0.0002099097436881482,4.635549851838062e-05,4.6355498518380926e-05,0.05086578218574467
2961,User_1937,Unknown,4,0.0009905894006934125,0.25984555984555985,6.134440182644368e-08,0.000599688996705904,7.424834273707883e-05,3.8450587337825795e-05,3.845058733782582e-05,0.04513595336679525
2962,User_1938,Unknown,189,0.046805349182763745,0.2629762292412895,7.296319413084938e-06,0.08001017098433076,0.0003435508818134158,0.005130147239008433,0.005130147239008433,0.43383979804696005
2963,User_1942,Unknown,39,0.009658246656760773,0.2604321186713963,2.9362594931445636e-06,0.011134867626256751,0.00012582740964717394,0.0007139519355969996,0.0007139519355970004,0.09852156934145877
2964,User_1943,Unknown,192,0.0475482912332838,0.26302761855132883,1.0939467004464005e-05,0.08025612611797693,0.00035203782063729014,0.005145918099338294,0.005145918099338293,0.43554244493800487
2965,User_1944,Unknown,29,0.007181773155027241,0.2602642603931679,1.9530290585709234e-06,0.0009893519731020415,0.00016556871133776563,6.343081224654862e-05,6.343081224654876e-05,0.05224279195734059
2966,User_1946,Unknown,191,0.04730064388311045,0.26301048654986,7.29745761675149e-06,0.0803735605402167,0.00034640081000335016,0.005153447355737037,0.005153447355737039,0.4358169956002261
2967,User_1949,Unknown,8,0.001981178801386825,0.2599124613800206,2.0399890509254078e-07,0.0006197748768612009,9.852726615505926e-05,3.973840237910461e-05,3.9738402379104616e-05,0.046265517778551236
2968,User_1950,Unknown,12,0.0029717682020802376,0.25997939737316506,1.1661175133921771e-07,0.0006453659905195862,9.526632137234629e-05,4.137918581868709e-05,4.137918581868711e-05,0.04690025205572199
2969,User_1952,Unknown,17,0.004210004952947003,0.2600631158626908,1.483925680197482e-06,0.0012392620369111108,9.199746152391457e-05,7.945585341856786e-05,7.945585341856793e-05,0.05023334829214219
2970,User_1953,Unknown,123,0.030460624071322436,0.2618507230400104,1.314268052777739e-06,0.054899466418755975,0.000234189818340497,0.003520081544320352,0.0035200815443203535,0.3093734010956185
2971,User_1956,Unknown,8,0.001981178801386825,0.2599124613800206,6.645643531198064e-07,0.0006143544219352503,0.00015270332658187967,3.939089314986571e-05,3.939089314986566e-05,0.04726327725929965
2972,User_1957,Unknown,39,0.009658246656760773,0.2604321186713963,1.2479641146858428e-06,0.0008003382792536849,0.00021609164870757194,5.131525468362882e-05,5.131525468362853e-05,0.05380031744184897
2973,User_1958,Unknown,34,0.008420009905894007,0.26034816247582204,7.544137806061972e-07,0.0007707836667382094,0.00019214786367041965,4.9420377610609195e-05,4.9420377610609e-05,0.05248894626946927
2974,User_1960,Unknown,43,0.010648836057454186,0.26049932262434683,1.0479412169096727e-05,0.000803027528540934,0.0003660486227111154,5.1487689862989024e-05,5.148768986298853e-05,0.05722536687608549
2975,User_1961,Unknown,7,0.001733531451213472,0.25989573276694344,4.907552146115493e-07,0.0006441817539729174,0.00011452541306176262,4.13030990422756e-05,4.130309904227525e-05,0.046531688581170405
2976,User_1962,Unknown,187,0.04631005448241703,0.26294198085563586,7.2316430506337e-06,0.07957502510315527,0.0003398350741887333,0.005102246740890282,0.005102246740890283,0.43152394279653145
2977,User_1963,Unknown,86,0.02129767211490837,0.2612239617026782,1.1588798784941195e-06,0.038466541996545,0.00017666400880739035,0.002466424514277378,0.002466424514277379,0.22908922693279976
2978,User_1964,Unknown,96,0.0237741456166419,0.2613930605903677,0.00010816946061039335,0.0024089043145722588,0.0005423813474175568,0.00015444014568573514,0.00015444014568573555,0.07549975141417971
2979,User_1965,Unknown,20,0.004952947003467063,0.260113372842051,2.1851024065179404e-06,0.0007913132499853242,0.00016224711699580467,5.07352713673598e-05,5.073527136735968e-05,0.049982596995618876
2980,User_1966,Unknown,172,0.04259534422981674,0.26268540202966434,2.1236977732644794e-05,0.07112314453614531,0.0003296220819862259,0.004560323089152199,0.0045603230891521985,0.3911861881320129
2981,User_1968,Unknown,35,0.00866765725606736,0.2603649493842285,1.6510564777904663e-06,0.0008358820802991585,0.00019017921381692837,5.3593424518558896e-05,5.3593424518558646e-05,0.052889814848273056
2982,User_1969,Unknown,4,0.0009905894006934125,0.25984555984555985,0.0,0.0006991970574391837,4.9786554069480076e-05,4.482978085994835e-05,4.482978085994893e-05,0.045121436047548445
2983,User_1970,Unknown,72,0.017830609212481426,0.2609875904860393,1.7603317291637148e-05,0.00239495454590058,0.00026375335230171887,0.00015353934367984222,0.00015353934367984232,0.06666398357968302
2984,User_1971,Unknown,176,0.04358593363051015,0.2627537740760021,6.903631075145206e-06,0.07473183952530213,0.00032306089930674405,0.004791707426937069,0.004791707426937068,0.40785071191780137
2985,User_1974,Unknown,7,0.001733531451213472,0.25989573276694344,2.7099791630387766e-07,0.0006448645966693003,8.61085094839471e-05,4.134669459909832e-05,4.134669459909839e-05,0.0459986293820309
2986,User_1975,Unknown,36,0.008915304606240713,0.2603817384575703,1.0416562212539739e-05,0.0008177984374265636,0.00030759753588402737,5.243419425223181e-05,5.2434194252231765e-05,0.055171521340974645
2987,User_1977,Unknown,9,0.002228826151560178,0.25992919214676535,1.0613555236638668e-07,0.0006470869760178846,9.123834283703577e-05,4.1489350224484445e-05,4.14893502244844e-05,0.04639599553091787
2988,User_1978,Unknown,15,0.003714710252600297,0.260029621997553,1.7127882662916878e-07,0.0006930495566947578,0.00014821209617358404,4.443611365614728e-05,4.4436113656147305e-05,0.04854920797833105
2989,User_1979,Unknown,176,0.04358593363051015,0.2627537740760021,6.7915195757114e-06,0.07380829328299782,0.0003232310102673296,0.004732490959321025,0.0047324909593210234,0.4037052543076033
2990,User_1980,Unknown,57,0.014115898959881128,0.2607348098405114,5.176344084792558e-06,0.0009121992622918916,0.0003017717349247493,5.8487032903429273e-05,5.848703290342927e-05,0.05853689784412826
2991,User_1981,Unknown,55,0.013620604259534423,0.2607011427464652,1.4944158392414527e-06,0.002139526634637425,0.00019487171477659848,0.00013716589057337743,0.0001371658905733778,0.06174100388699183
2992,User_1982,Unknown,19,0.0047052996532937095,0.26009661835748793,4.746062839705805e-06,0.0019490085721785542,0.00011777943474128801,0.0001249651321058851,0.00012496513210588523,0.054199636679357385
2993,User_1983,Unknown,199,0.049281822684497274,0.26314760508308893,2.5672788453269383e-05,0.08039917471734506,0.00037521039822091464,0.005155089225359897,0.005155089225359899,0.4376452470815999
2994,User_1984,Unknown,178,0.044081228330856856,0.2627879734478719,9.019183517630315e-06,0.07547253473131642,0.0003292059446849331,0.004839200255779144,0.004839200255779143,0.4115855694758291
2995,User_1985,Unknown,224,0.0554730064388311,0.2635770234986945,0.0001324461868797832,0.08273780994613865,0.00043607477073434386,0.005305030495631275,0.005305030495631276,0.45296890709250565
2996,User_1986,Unknown,153,0.03789004457652303,0.2623611201351439,6.5215868043369255e-06,0.06445831376731871,0.00028776340125477443,0.0041329834566867845,0.004132983456686786,0.35768881886279896
2997,User_1987,Unknown,36,0.008915304606240713,0.2603817384575703,2.214473280576706e-06,0.0020538939965217126,0.0001428099104762119,0.00013167990997510373,0.00013167990997510346,0.05761266614232102
2998,User_1988,Unknown,24,0.005943536404160475,0.26018041237113404,3.716704591535662e-06,0.0008383983155153365,0.00021601824335000275,5.3755048531837386e-05,5.37550485318372e-05,0.051790301334867006
2999,User_1989,Unknown,87,0.021545319465081723,0.2612408617454875,1.4463545931770982e-06,0.03869814814576724,0.00017931182747724537,0.0024812740518669134,0.0024812740518669156,0.23032503222617087
3000,User_1990,Unknown,20,0.004952947003467063,0.260113372842051,1.6949161662417034e-06,0.0007159465326971875,0.00018917540525171853,4.590418326587353e-05,4.590418326587327e-05,0.050151931820904584
3001,User_1992,Unknown,15,0.003714710252600297,0.260029621997553,2.011821447014013e-07,0.000672510526722536,0.00016439217881350038,4.311970551955289e-05,4.3119705519552846e-05,0.04876219747637789
3002,User_1993,Unknown,203,0.05027241208519068,0.2632162179779675,1.7699084201704577e-05,0.0835324284081597,0.00037441550677684343,0.005355989843228469,0.005355989843228468,0.4522848852710052
3003,User_1996,Unknown,4,0.0009905894006934125,0.25984555984555985,2.4537760730577472e-08,0.0006079483819735742,8.040977847095288e-05,3.8980145536463194e-05,3.898014553646336e-05,0.04528927159387954
3004,User_1997,Unknown,135,0.033432392273402674,0.2620546433902265,1.9542429839972466e-06,0.05990867538598628,0.00025391813345264504,0.003841265707931759,0.0038412657079317596,0.3339930364381661
3005,User_1999,Unknown,34,0.008420009905894007,0.26034816247582204,1.0648644947100378e-06,0.0008134587302631778,0.00018744805988201796,5.215592489590206e-05,5.2155924895901916e-05,0.05259204796083631
3006,User_2000,Unknown,33,0.008172362555720653,0.26033137773193216,9.679773049751695e-07,0.0007821222261748783,0.00018565618009452412,5.01471790046086e-05,5.014717900460841e-05,0.05227211926777745
3007,User_2005,Unknown,155,0.03838533927686973,0.26239521736305155,3.2420725314448433e-06,0.06737323756584984,0.0002865372483321635,0.004319883366061563,0.004319883366061562,0.37104969242848945
3008,User_2006,Unknown,52,0.012877662209014363,0.2606506584043377,2.682248404315653e-06,0.0008689814945235785,0.0002760185589678996,5.5716340379276116e-05,5.571634037927578e-05,0.05712933639856138
3009,User_2008,Unknown,7,0.001733531451213472,0.25989573276694344,2.8043155120659964e-07,0.0006277464376016408,8.741954210903527e-05,4.024937097393666e-05,4.024937097393681e-05,0.04594647990684345
3010,User_2011,Unknown,40,0.009905894006934125,0.26044891640866874,1.3281310191740068e-06,0.0008268639119507016,0.00021608568132159777,5.30157785924242e-05,5.301577859242382e-05,0.0540647340636008
3011,User_2012,Unknown,15,0.003714710252600297,0.260029621997553,7.961956677168844e-08,0.0006730903483653037,0.00010391163794345291,4.315666955293912e-05,4.315666955293902e-05,0.04762385951376226
3012,User_2013,Unknown,9,0.002228826151560178,0.25992919214676535,4.7348262136089567e-08,0.0006330796039272003,7.8167834061794e-05,4.059137148689771e-05,4.059137148689792e-05,0.04608650291840883
3013,User_2014,Unknown,10,0.0024764735017335313,0.2599459250675937,6.75385930498281e-08,0.0006347916987635352,8.494323745636821e-05,4.070121156082324e-05,4.0701211560823305e-05,0.04636734269119248
3014,User_2015,Unknown,5,0.0012382367508667657,0.25986228200012873,1.3700249741239088e-07,0.0006036320456771837,8.511918039682108e-05,3.870340369934964e-05,3.8703403699349644e-05,0.04550407822629362
3015,User_2016,Unknown,18,0.004457652303120356,0.2600798660311735,1.015194948069558e-07,0.0006886220325492897,0.0001172760316264726,4.415250084326219e-05,4.4152500843262236e-05,0.04838174982395565
3016,User_2017,Unknown,7,0.001733531451213472,0.25989573276694344,6.441162191776585e-07,0.0006131875873540994,0.00012925914843779748,3.9316038538339316e-05,3.931603853833928e-05,0.046670452637056936
3017,User_2019,Unknown,19,0.0047052996532937095,0.26009661835748793,4.75494760954776e-07,0.003148995547681201,9.042384144587498e-05,0.00020190815000382218,0.0002019081500038223,0.05907283206235438
3018,User_2020,Unknown,158,0.0391282813273898,0.2624463798258157,2.8134123545254283e-06,0.06938916090077911,0.00029120168535311903,0.004449142138305154,0.0044491421383051535,0.3806297289052388
3019,User_2021,Unknown,31,0.007677067855373947,0.26029781473602787,9.704833077369498e-08,0.013796860571403535,8.992504869819457e-05,0.0008846353015948418,0.0008846353015948428,0.1086384703303102
3020,User_2022,Unknown,50,0.012382367508667657,0.2606170130373048,2.8107388122353864e-06,0.0009025633415089719,0.00026189830508561274,5.786895844887422e-05,5.786895844887403e-05,0.05672308538981857
3021,User_2023,Unknown,25,0.006191183754333828,0.26019717765319933,3.021634884668136e-06,0.0007541668385097225,0.00021895388695674286,4.835458262354364e-05,4.835458262354367e-05,0.05161246052448631
3022,User_2025,Unknown,30,0.007429420505200594,0.26028103648317646,4.188982900809179e-07,0.0007452347160738114,0.00017396108698398873,4.77822997452728e-05,4.778229974527274e-05,0.05144959250636039
3023,User_2029,Unknown,34,0.008420009905894007,0.26034816247582204,6.894116104527171e-06,0.0012836995691192126,0.00017260808156454476,8.230130785484526e-05,8.230130785484577e-05,0.054425925524113614
3024,User_2030,Unknown,187,0.04631005448241703,0.26294198085563586,7.068610905678322e-06,0.07965111434116269,0.00033959474144092333,0.0051071250800689685,0.0051071250800689685,0.4318611404010451
3025,User_2033,Unknown,173,0.042842991579990095,0.2627024917051591,4.9188803348772615e-06,0.07372234107231665,0.00031606978182977007,0.004726979910283338,0.0047269799102833375,0.4027469706718047
3026,User_2034,Unknown,8,0.001981178801386825,0.2599124613800206,8.894938264834333e-07,0.0006150042554774117,0.0001491186937538577,3.9432557143927054e-05,3.9432557143927054e-05,0.0471986431030365
3027,User_2035,Unknown,30,0.007429420505200594,0.26028103648317646,3.148159731909689e-06,0.0007468779258961357,0.0002585747505953342,4.788757093425116e-05,4.7887570934251005e-05,0.05305392146996201
3028,User_2036,Unknown,21,0.005200594353640416,0.2601301294852799,1.1416880892650615e-06,0.0008818542977645079,0.00014045458592481676,5.6539896581950415e-05,5.6539896581950706e-05,0.05012321945612604
3029,User_2037,Unknown,173,0.042842991579990095,0.2627024917051591,2.8834271904733004e-05,0.06947455386490964,0.0003423515200507401,0.0044546172660493875,0.0044546172660493875,0.38416847600456144
3030,User_2040,Unknown,152,0.037642397226349676,0.26234407484407485,1.6572281628448382e-05,0.06327041200494686,0.0002911670296310458,0.00405681443989694,0.004056814439896939,0.35227427336301453
3031,User_2041,Unknown,8,0.001981178801386825,0.2599124613800206,8.077012907148418e-07,0.0006240945718122021,0.0001356180973643705,4.001537505663794e-05,4.001537505663794e-05,0.04698477787379109
3032,User_2043,Unknown,174,0.04309063893016345,0.2627195836044242,5.448329641846768e-06,0.0743262808771033,0.00031851760138412434,0.004765703664608538,0.004765703664608538,0.4056517542588409
3033,User_2044,Unknown,25,0.006191183754333828,0.26019717765319933,6.803163168930285e-07,0.007399489230972359,9.342740023264584e-05,0.00047444446713253217,0.00047444446713253244,0.07909515589317294
3034,User_2045,Unknown,176,0.04358593363051015,0.2627537740760021,4.644707867636602e-06,0.07518696177078565,0.00032045111780932363,0.004820889660929958,0.004820889660929959,0.40984527099176143
3035,User_2046,Unknown,123,0.030460624071322436,0.2618507230400104,1.065509985321038e-06,0.055745866709058116,0.0002343623893871867,0.003574351278028732,0.0035743512780287323,0.31317865933698047
3036,User_2048,Unknown,17,0.004210004952947003,0.2600631158626908,2.1210741673535163e-06,0.0020398407885971375,9.675480678466337e-05,0.00013078870393612674,0.00013078870393612685,0.053919575656365855
3037,User_2049,Unknown,37,0.009162951956414065,0.2603985296962662,8.546491874642327e-06,0.0008039197881123616,0.0003181829576409332,5.154462185531696e-05,5.1544621855316725e-05,0.0554536770894186
3038,User_2050,Unknown,23,0.005695889053987122,0.26016364924940405,2.1156860633562434e-07,0.0007092187850726947,0.00014123605114545486,4.547308464613719e-05,4.5473084646137176e-05,0.04965298946313769
3039,User_2051,Unknown,9,0.002228826151560178,0.25992919214676535,2.721663811005718e-07,0.0006310941456499783,0.00012300433584624742,4.046414845823208e-05,4.046414845823233e-05,0.04692344425288154
3040,User_2055,Unknown,73,0.018078256562654778,0.26100445995733956,1.7761817224150212e-06,0.031782018777824626,0.00015781109539282856,0.002037820216371776,0.0020378202163717773,0.19681604259772295
3041,User_2056,Unknown,115,0.02847944526993561,0.26171495236243436,1.9748971750701195e-05,0.04407725965170414,0.0002497167493915106,0.0028261759294486125,0.002826175929448614,0.25989402274407297
3042,User_2057,Unknown,42,0.010401188707280832,0.2604825183847245,2.9039009079755734e-06,0.002820006417952353,0.0001549522825231776,0.00018079984193501865,0.00018079984193501898,0.062155426956235695
3043,User_2058,Unknown,76,0.018821198613174838,0.26105508145849493,6.83835490216777e-06,0.03073322971212337,0.00017517996768435812,0.0019705726910692963,0.0019705726910692967,0.19287013154665753
3044,User_2059,Unknown,193,0.047795938583457154,0.26304475278483486,5.698009606767324e-06,0.08206467828217388,0.00034743882022949044,0.00526187973435919,0.005261879734359192,0.44372379887117147
3045,User_2060,Unknown,106,0.02625061911837543,0.2615623785464438,2.4477789261318644e-05,0.04445543222807959,0.00022164152837896175,0.0028504238951476183,0.0028504238951476183,0.25975563127466916
3046,User_2061,Unknown,48,0.01188707280832095,0.2605833763551884,2.7055863618288725e-06,0.0008668244744006358,0.00025858081921621554,5.557780540861183e-05,5.5577805408611474e-05,0.0562092033177144
3047,User_2063,Unknown,141,0.034918276374442794,0.26215672271635393,7.138054760472401e-06,0.06087022226194721,0.0002669106723693421,0.0039029180420402693,0.0039029180420402706,0.33943180191307476
3048,User_2064,Unknown,186,0.04606240713224368,0.2629248600078135,8.002095038000836e-06,0.0786887006629602,0.0003399538452904905,0.005045416420091021,0.005045416420091023,0.4273994337929919
3049,User_2066,Unknown,9,0.002228826151560178,0.25992919214676535,1.2692448854090368e-07,0.0007412125188373623,8.249336065782252e-05,4.752316472479101e-05,4.752316472479109e-05,0.04665379149983012
3050,User_2067,Unknown,33,0.008172362555720653,0.26033137773193216,2.122512469078602e-06,0.00762986184322387,0.00011686521825969616,0.0004892151352545515,0.0004892151352545519,0.08173534752481029
3051,User_2069,Unknown,168,0.041604754829123326,0.26261706555671177,1.5995407199811154e-05,0.070105913907952,0.00032081883177093913,0.004495098664877136,0.004495098664877135,0.38586701576133914
3052,User_2070,Unknown,13,0.0032194155522535907,0.25999613675874056,4.063622801426269e-07,0.0006452593118280138,0.00013486340623158137,4.13723623457291e-05,4.137236234572869e-05,0.04779214663315025
3053,User_2073,Unknown,195,0.04829123328380386,0.26307902794970356,8.662498660287812e-06,0.08225574464925643,0.0003540244248380615,0.00527413092394756,0.005274130923947559,0.444998277019622
3054,User_2074,Unknown,162,0.040118870728083206,0.26251462748667276,2.9057177838655633e-06,0.07101141268528406,0.00029605640793689206,0.0045531594664271514,0.004553159466427151,0.38859062863863986
3055,User_2075,Unknown,48,0.01188707280832095,0.2605833763551884,2.7733069362540764e-06,0.00207353810922557,0.0001755562535267167,0.00013293806593320603,0.0001329380659332062,0.06006311663658391
3056,User_2076,Unknown,17,0.004210004952947003,0.2600631158626908,1.1500286716532768e-06,0.0006855633534399967,0.00017836327183294424,4.395657928315049e-05,4.3956579283150186e-05,0.04937533360474727
3057,User_2077,Unknown,126,0.031203566121842496,0.2619016733687897,1.3951313965415183e-06,0.05653248960808012,0.0002385979212767481,0.00362478954770906,0.003624789547709059,0.31722864345757007
3058,User_2078,Unknown,204,0.05052005943536404,0.2632333767926988,1.3204916504834854e-05,0.08413617041724977,0.0003707676040579979,0.005394700866662439,0.00539470086666244,0.45507232968162403
3059,User_2079,Unknown,1,0.00024764735017335313,0.2597954062922216,0.0,0.0005875782709270351,4.152690288358557e-05,3.7674084908164e-05,3.7674084908163805e-05,0.0440283149808432
3060,User_2080,Unknown,9,0.002228826151560178,0.25992919214676535,3.155487869505789e-07,0.0006755012144691176,9.994014903853512e-05,4.331095169612937e-05,4.331095169612949e-05,0.04668783312712913
3061,User_2082,Unknown,18,0.004457652303120356,0.2600798660311735,1.523123923262472e-06,0.0006958685412704089,0.0001705300546689002,4.461689693795459e-05,4.461689693795459e-05,0.049419289521569744
3062,User_2083,Unknown,147,0.03640416047548291,0.26225888160031174,3.480879039971858e-06,0.06403626543950716,0.0002748323484132142,0.0041059215579775064,0.004105921557977507,0.3546751668130342
3063,User_2084,Unknown,141,0.034918276374442794,0.26215672271635393,2.2258461427161372e-05,0.056617470724547744,0.0002833103085986814,0.0036302377216015586,0.0036302377216015564,0.32064200721624125
3064,User_2085,Unknown,30,0.007429420505200594,0.26028103648317646,7.628579768632804e-06,0.0009017270791898348,0.00019515632030169463,5.781435758535181e-05,5.781435758535196e-05,0.052554440458926266
3065,User_2086,Unknown,136,0.033680039623576026,0.2620716510903427,2.3853670880313196e-06,0.0601848662880295,0.000256609156948761,0.003858974048654278,0.003858974048654279,0.33543003618363654
3066,User_2088,Unknown,198,0.04903417533432392,0.26313045744819497,1.1498076068114056e-05,0.08246949872654784,0.00036211840508986647,0.005287836241048269,0.005287836241048269,0.4465486020984146
3067,User_2089,Unknown,23,0.005695889053987122,0.26016364924940405,1.0308664118124176e-06,0.0007014446879720664,0.00021126150944952618,4.497471171688898e-05,4.4974711716888807e-05,0.05093926595946526
3068,User_2090,Unknown,189,0.046805349182763745,0.2629762292412895,5.5063191091033404e-06,0.08099752877209568,0.00034194315276041027,0.005193455469021666,0.005193455469021667,0.4382442289960887
3069,User_2091,Unknown,34,0.008420009905894007,0.26034816247582204,6.16182805060103e-06,0.0007637196146521191,0.0002932819769510211,4.8967431745520385e-05,4.896743174552024e-05,0.05436660101806806
3070,User_2092,Unknown,43,0.010648836057454186,0.26049932262434683,5.569881588150845e-06,0.01150434742307004,0.00014066279436460773,0.0007376421657712088,0.0007376421657712092,0.10104337724352354
3071,User_2093,Unknown,177,0.043833580980683504,0.2627708726491833,1.6200513142052278e-05,0.07557914387256535,0.0003293790702390328,0.00484603566042292,0.00484603566042292,0.4119243390922954
3072,User_2094,Unknown,7,0.001733531451213472,0.25989573276694344,4.9075521461154943e-08,0.0006103765578654412,0.0001390985527832029,3.913584475134566e-05,3.9135844751345586e-05,0.04684325966238482
3073,User_2095,Unknown,154,0.03813769192669638,0.26237816764132554,1.0251353364325752e-05,0.06651604459456699,0.00028649905079352516,0.0042649209514716395,0.004264920951471641,0.36705497562081824
3074,User_2096,Unknown,21,0.005200594353640416,0.2601301294852799,6.66106867078991e-07,0.0010948261514345688,0.00010395455808345666,7.01928844863754e-05,7.019288448637549e-05,0.05039111579922321
3075,User_2097,Unknown,38,0.009410599306587419,0.2604153231007352,7.291625645605806e-07,0.0007902806759468355,0.00020989149361259568,5.067042650489075e-05,5.067042650489021e-05,0.053492665762424625
3076,User_2098,Unknown,117,0.028974739970282316,0.26174888183055683,1.3554474271402845e-06,0.051789841553628445,0.0002259501065011575,0.0033206964548693108,0.0033206964548693108,0.29437660303043456
3077,User_2099,Unknown,16,0.00396235760277365,0.2600463678516229,2.41156528227717e-06,0.0012155792985913893,0.00011964060246852712,7.79366815447765e-05,7.793668154477668e-05,0.05050332733029063
3078,User_2100,Unknown,6,0.0014858841010401188,0.259879006307118,0.0,0.0006164332973553263,9.712359053479546e-05,3.952416164373527e-05,3.952416164373561e-05,0.04593331458721723
3079,User_2103,Unknown,184,0.045567112431896976,0.262890625,1.0416272049877317e-05,0.07722849548683217,0.00033953490601688164,0.004951789829340396,0.004951789829340397,0.42054184194806027
3080,User_2104,Unknown,181,0.04482417038137692,0.2628392892013279,4.857828325285148e-06,0.07759993755158079,0.00032801436862591317,0.004975606840253672,0.004975606840253672,0.4215548761804924
3081,User_2105,Unknown,11,0.0027241208519068845,0.2599626601429215,4.6915892341596545e-07,0.0006332497489570641,0.00012457194990987108,4.060236658733653e-05,4.0602366587336654e-05,0.04725341790337225
3082,User_2106,Unknown,4,0.0009905894006934125,0.25984555984555985,4.089626788429578e-08,0.0005987327070792725,0.00010523843841445455,3.838927524711106e-05,3.8389275247111136e-05,0.045716244575648504
3083,User_2107,Unknown,37,0.009162951956414065,0.2603985296962662,1.3685163538512605e-05,0.0008433082673582107,0.00031877214686072377,5.4069524442659405e-05,5.406952444265934e-05,0.05564322549860569
3084,User_2108,Unknown,164,0.04061416542842991,0.2625487646293888,2.6955522996800763e-06,0.07234260086940474,0.0002993717872967695,0.004638513070613696,0.0046385130706136975,0.3949238828236251
3085,User_2109,Unknown,135,0.033432392273402674,0.2620546433902265,1.6783172765735064e-06,0.0597588871310363,0.00025358959296659084,0.003831661770303053,0.003831661770303054,0.33331391040824876
3086,User_2110,Unknown,43,0.010648836057454186,0.26049932262434683,1.5791656044419022e-06,0.002140744288840009,0.00016378101692316407,0.00013724924174835128,0.00013724924174835152,0.05941577782331512
3087,User_2112,Unknown,160,0.0396235760277365,0.2624804992199688,5.24169174900105e-06,0.06864978855655755,0.00029713405757854177,0.0044017345481622405,0.004401734548162242,0.37771203381426105
3088,User_2113,Unknown,10,0.0024764735017335313,0.2599459250675937,2.3018756494875054e-07,0.0006321327344503634,0.0001461857490057929,4.0530761116649754e-05,4.0530761116649896e-05,0.04751071876330676
3089,User_2114,Unknown,15,0.003714710252600297,0.260029621997553,1.674716809718048e-06,0.0006747882047261251,0.00014939234759682782,4.326528654485024e-05,4.32652865448502e-05,0.04848989081969173
3090,User_2115,Unknown,136,0.033680039623576026,0.2620716510903427,2.574685139557961e-06,0.06012719072160103,0.0002562812635664123,0.0038552769836754258,0.0038552769836754266,0.33516487169833586
3091,User_2118,Unknown,188,0.04655770183259039,0.26295910393331595,6.7121472076191475e-06,0.08007588607244553,0.0003409617363729229,0.005134361215528365,0.005134361215528364,0.43394047046368767
3092,User_2119,Unknown,15,0.003714710252600297,0.260029621997553,1.1281160322620641e-06,0.0006614682751872116,0.00015496631816713094,4.2411604258754474e-05,4.241160425875436e-05,0.04853505828000392
3093,User_2120,Unknown,23,0.005695889053987122,0.26016364924940405,3.6100798530512604e-06,0.0006934334078618301,0.0002307723026945342,4.446111656602759e-05,4.4461116566027176e-05,0.05127209798930473
3094,User_2121,Unknown,158,0.0391282813273898,0.2624463798258157,6.139155365168619e-06,0.0692246425929549,0.00029287901723908094,0.004438593380662815,0.004438593380662811,0.37992332738129736
3095,User_2122,Unknown,146,0.036156513125309556,0.26224184959085595,2.3180560389545204e-06,0.06408652365786334,0.0002705574422580167,0.004109144578973029,0.004109144578973029,0.35467448673943763
3096,User_2123,Unknown,203,0.05027241208519068,0.2632162179779675,1.0548338908604307e-05,0.08367141238206224,0.00036831950905056476,0.005364901454715792,0.005364901454715794,0.45279209823655137
3097,User_2124,Unknown,169,0.04185240217929668,0.2626341463414634,4.473868526686788e-06,0.07313210177341534,0.00030942412964363414,0.004689134796513726,0.004689134796513725,0.39938805254615695
3098,User_2126,Unknown,54,0.01337295690936107,0.2606843124596514,3.1282331304484894e-05,0.0009597756784134265,0.0004666052745535207,6.15366351209015e-05,6.153663512090086e-05,0.06143158830734719
3099,User_2129,Unknown,38,0.009410599306587419,0.2604153231007352,9.770311896001508e-06,0.0007622264067678728,0.0003439255551427312,4.8871850584750874e-05,4.887185058475058e-05,0.05589774220400311
3100,User_2130,Unknown,11,0.0027241208519068845,0.2599626601429215,4.586769065857556e-07,0.0006422226711825313,0.00011829521409606881,4.117766720238836e-05,4.1177667202388365e-05,0.04717531688691574
3101,User_2131,Unknown,198,0.04903417533432392,0.26313045744819497,1.697400542700466e-05,0.0821330009192856,0.0003614636003279411,0.005266260181832316,0.0052662601818323175,0.4450262926431243
3102,User_2136,Unknown,74,0.01832590391282813,0.2610213316095669,6.940104856185388e-07,0.03251155431635252,0.00015757025991921118,0.002084597715068295,0.0020845977150682976,0.2002337353853229
3103,User_2139,Unknown,178,0.044081228330856856,0.2627879734478719,4.83282232894074e-06,0.07682071776008163,0.00032343327979462343,0.004925644086774317,0.004925644086774318,0.41753157307785094
3104,User_2140,Unknown,171,0.04234769687964338,0.262668314577506,4.597801729423192e-06,0.073888631704386,0.0003125141620905268,0.0047376425365904746,0.004737642536590477,0.4031357853758328
3105,User_2141,Unknown,24,0.005943536404160475,0.26018041237113404,4.083742907853788e-07,0.0009450823911659712,0.00013653759757458752,6.0592710126149465e-05,6.059271012614959e-05,0.050769108864138365
3106,User_2142,Unknown,221,0.054730064388311045,0.2635254193043138,8.992278144016344e-05,0.08419311897991795,0.0004277102806485088,0.00539834940613851,0.00539834940613851,0.45889943103252195
3107,User_2145,Unknown,43,0.010648836057454186,0.26049932262434683,1.633312737989976e-05,0.0011435798584462933,0.00025115714359476765,7.331832942531442e-05,7.331832942531437e-05,0.05658935714160184
3108,User_2146,Unknown,24,0.005943536404160475,0.26018041237113404,3.972433256288537e-06,0.0006954490395679709,0.00022576188506867153,4.45903078359116e-05,4.459030783591113e-05,0.051332087054688814
3109,User_2147,Unknown,41,0.010153541357107478,0.26046571631297166,3.949510938653606e-06,0.01280925517108589,0.00013164752184354506,0.0008213111881772761,0.0008213111881772765,0.10644384656772757
3110,User_2150,Unknown,192,0.0475482912332838,0.26302761855132883,1.6439058852728304e-05,0.08015482339731764,0.0003530717672040216,0.005139421864258242,0.005139421864258241,0.43510848573256317
3111,User_2152,Unknown,18,0.004457652303120356,0.2600798660311735,3.896303402615926e-06,0.0006635999604209816,0.0001919958510424207,4.254829258616282e-05,4.254829258616305e-05,0.04967998935502611
3112,User_2154,Unknown,160,0.0396235760277365,0.2624804992199688,7.3335027009264925e-06,0.06921966124716836,0.0002970088185558851,0.004438274510104456,0.004438274510104454,0.38027022565376983
3113,User_2156,Unknown,27,0.006686478454680535,0.26023071470000647,8.191100284628902e-06,0.0007008945014186298,0.00027588886621713785,4.4939494130220686e-05,4.493949413022057e-05,0.05273943417803759
3114,User_2158,Unknown,10,0.0024764735017335313,0.2599459250675937,8.698501836780467e-08,0.0006311734686211168,0.00010901423555479016,4.0469218455057004e-05,4.046921845505699e-05,0.0468051671969947
3115,User_2159,Unknown,48,0.01188707280832095,0.2605833763551884,2.2472765331989773e-06,0.0008716830951617301,0.00025519234510944737,5.588926881037159e-05,5.588926881037135e-05,0.05616696961099575
3116,User_2160,Unknown,24,0.005943536404160475,0.26018041237113404,3.572950113735097e-06,0.000697506675624787,0.0002347243179572643,4.4722280936119965e-05,4.4722280936119694e-05,0.051510279298880086
3117,User_2161,Unknown,82,0.020307082714214955,0.26115638339154057,7.554636760856996e-06,0.003375199809482637,0.0002709544306116736,0.00021638569450629138,0.0002163856945062919,0.07265394504259963
3118,User_2162,Unknown,15,0.003714710252600297,0.260029621997553,1.0115862486284754e-06,0.0006801050483632853,0.00014494978060666845,4.360626619505499e-05,4.360626619505471e-05,0.04842977666392017
3119,User_2164,Unknown,92,0.022783556215948488,0.26132539477090344,1.7842889961039207e-06,0.039765923656760654,0.00018797457544170824,0.0025497390552772065,0.0025497390552772074,0.23601219150762556
3120,User_2165,Unknown,128,0.0316988608221892,0.26193565127140633,3.679360463345202e-06,0.05603693469433863,0.00024701595597100717,0.0035930141359377097,0.0035930141359377093,0.31545291865183084
3121,User_2166,Unknown,9,0.002228826151560178,0.25992919214676535,2.933422020094667e-07,0.0006581739871967742,9.650031170124583e-05,4.2199973503522065e-05,4.2199973503521936e-05,0.046545103701485305
3122,User_2167,Unknown,5,0.0012382367508667657,0.25986228200012873,0.0,0.0006028180219623808,0.00010633841769032854,3.8651213432781926e-05,3.8651213432781946e-05,0.04590065774398217
3123,User_2168,Unknown,3,0.0007429420505200594,0.25982883984299593,0.0,0.0005950446989926365,8.331938721013233e-05,3.8152810764902775e-05,3.815281076490283e-05,0.04514086480454348
3124,User_2170,Unknown,18,0.004457652303120356,0.2600798660311735,7.928604419714739e-07,0.0007019407211374158,0.00018550666883768372,4.500642362117056e-05,4.500642362117011e-05,0.04972887456079546
3125,User_2172,Unknown,193,0.047795938583457154,0.26304475278483486,1.0658525110059085e-05,0.07989216501201493,0.00035315943961953487,0.0051225812573606755,0.005122581257360678,0.43407410640480665
3126,User_2173,Unknown,30,0.007429420505200594,0.26028103648317646,8.037762576396612e-06,0.0007597807179816211,0.00027431700361110333,4.871467173387044e-05,4.8714671733870244e-05,0.05341028532033211
3127,User_2175,Unknown,8,0.001981178801386825,0.2599124613800206,1.9849295733842133e-07,0.0007710782096400192,7.227152964127759e-05,4.943757655085052e-05,4.943757655085028e-05,0.046449794773303174
3128,User_2177,Unknown,11,0.0027241208519068845,0.2599626601429215,5.956519320187333e-08,0.0009013282264730228,7.225187241611928e-05,5.778740872514543e-05,5.778740872514578e-05,0.04747038850670238
3129,User_2178,Unknown,3,0.0007429420505200594,0.25982883984299593,6.134440182644368e-08,0.0005954768237713213,6.671164929532706e-05,3.8180514079482376e-05,3.818051407948246e-05,0.04482953795003958
3130,User_2179,Unknown,94,0.023278850916295196,0.2613592233009709,1.3975177103343381e-06,0.041942664024639524,0.00018991773839571356,0.002689308669728358,0.0026893086697283575,0.2461176489666765
3131,User_2181,Unknown,17,0.004210004952947003,0.2600631158626908,1.9068942535529689e-06,0.000658606869452545,0.00017637717873025845,4.222817572534882e-05,4.222817572534852e-05,0.04921700321900674
3132,User_2182,Unknown,8,0.001981178801386825,0.2599124613800206,6.307054300337824e-08,0.0006668151702038573,7.378116153607423e-05,4.275394726666473e-05,4.275394726666478e-05,0.04600994849281058
3133,User_2184,Unknown,186,0.04606240713224368,0.2629248600078135,9.758362102206806e-06,0.07799652207907404,0.0003414838331727234,0.0050010343120354935,0.005001034312035496,0.42431947536724474
3134,User_2186,Unknown,18,0.004457652303120356,0.2600798660311735,5.001459862832346e-07,0.0008259028266111773,0.00011753583631421316,5.295275073265774e-05,5.2952750732657806e-05,0.04900335066557742
3135,User_2188,Unknown,194,0.048043585933630506,0.2630618892508143,8.624614054224963e-06,0.08096541542457107,0.00035279715146075997,0.005191396434246282,0.005191396434246286,0.4390333117111563
3136,User_2190,Unknown,168,0.041604754829123326,0.26261706555671177,3.828848132015591e-06,0.07261031664486986,0.000306649004302828,0.004655678699331488,0.004655678699331489,0.39684611121665275
3137,User_2192,Unknown,41,0.010153541357107478,0.26046571631297166,1.5552199812120828e-06,0.0008283736491207642,0.00022169524797103465,5.31125700197774e-05,5.311257001977699e-05,0.05432276471589408
3138,User_2193,Unknown,14,0.003467062902426944,0.26001287830006437,1.432715661927114e-06,0.0006877063574087913,0.00014441407420954938,4.40935410087943e-05,4.409354100879415e-05,0.048308601637754016
3139,User_2195,Unknown,1,0.00024764735017335313,0.2597954062922216,0.0,0.0005875782709270351,4.152690288358557e-05,3.7674084908164e-05,3.7674084908164205e-05,0.044028314980843204
3140,User_2197,Unknown,22,0.005448241703813769,0.2601468882875918,2.2341318815259806e-06,0.0007099407829500826,0.00019498682824326647,4.551933266401718e-05,4.551933266401716e-05,0.05052543509299563
3141,User_2200,Unknown,173,0.042842991579990095,0.2627024917051591,7.227616617400758e-06,0.07284822622238658,0.0003178077173216947,0.004670933564288333,0.004670933564288331,0.398853887629066
3142,User_2201,Unknown,190,0.0470529965329371,0.2629933567799922,6.426527679690906e-06,0.08074260646808273,0.0003435892213273717,0.0051771105654540685,0.005177110565454069,0.4372759716707364
3143,User_2202,Unknown,49,0.012134720158494303,0.2606001936108422,2.7155275183639376e-06,0.0008710461519943064,0.0002580544858726085,5.584842099412199e-05,5.584842099412139e-05,0.05636361080702216
3144,User_2204,Unknown,4,0.0009905894006934125,0.25984555984555985,0.0,0.0005988556317724479,9.744221377884029e-05,3.8397156723415785e-05,3.8397156723415846e-05,0.04556971769996861
3145,User_2205,Unknown,14,0.003467062902426944,0.26001287830006437,1.642694162358751e-07,0.0008033441633399249,9.223390850700424e-05,5.150628047001765e-05,5.150628047001748e-05,0.04784327448118778
3146,User_2206,Unknown,210,0.052005943536404156,0.26333637667927484,1.218384937248003e-05,0.08605239270584342,0.0003804638173846475,0.005517566711219405,0.005517566711219405,0.4647360545664195
3147,User_2207,Unknown,22,0.005448241703813769,0.2601468882875918,4.3326718921449825e-06,0.0018311338249568337,0.00019947588406664176,0.0001174089298020955,0.00011740892980209493,0.055647230100152156
3148,User_2208,Unknown,22,0.005448241703813769,0.2601468882875918,8.560409459163105e-07,0.004512486128761811,9.290245102349465e-05,0.0002893287524707112,0.00028932875247071133,0.06568041136522038
3149,User_2209,Unknown,36,0.008915304606240713,0.2603817384575703,2.0657769247328384e-06,0.001175331652119023,0.00018033584314197364,7.535304003430814e-05,7.535304003430859e-05,0.05437419068700996
3150,User_2210,Unknown,98,0.024269440316988605,0.26142690664249646,1.5197248247867006e-05,0.042374515026852355,0.0002021103870274416,0.0027169959038764614,0.002716995903876462,0.24887324304334846
3151,User_2211,Unknown,54,0.01337295690936107,0.2606843124596514,1.3338488803837958e-05,0.0014375493309107508,0.00027574924998300857,9.216435624649535e-05,9.21643562464958e-05,0.05997186343098576
3152,User_2212,Unknown,140,0.03467062902426944,0.262139703972994,1.947633014335382e-06,0.06209108936993624,0.0002617198230606543,0.003981199132191465,0.003981199132191463,0.34467112245530007
3153,User_2213,Unknown,103,0.025507677067855374,0.2615115601321158,1.130976788534601e-06,0.04556458408242643,0.0002029703526495715,0.002921541756399744,0.002921541756399744,0.26394259184768876
3154,User_2214,Unknown,27,0.006686478454680535,0.26023071470000647,5.198252803618294e-06,0.0014387891947723436,0.00018717278785539075,9.224936556349945e-05,9.22493655634994e-05,0.054379555742614764
3155,User_2216,Unknown,133,0.03293709757305597,0.26202063461164105,2.798709137308911e-06,0.05873694089962981,0.0002521837035428871,0.003766135633245644,0.0037661356332456446,0.32840611642699685
3156,User_2217,Unknown,13,0.0032194155522535907,0.25999613675874056,1.1071735069039351e-06,0.0006459184024430319,0.00017802196602248517,4.141463822111591e-05,4.1414638221116086e-05,0.04860945343886434
3157,User_2218,Unknown,205,0.050767706785537395,0.2632505378447096,1.4677835806484197e-05,0.0841557356805503,0.00037462167829178423,0.005395955368984236,0.0053959553689842355,0.4553789060938161
3158,User_2219,Unknown,5,0.0012382367508667657,0.25986228200012873,0.0,0.0006346819873479766,6.106751868781453e-05,4.069398333752724e-05,4.069398333752722e-05,0.04518979485477564
3159,User_2220,Unknown,195,0.04829123328380386,0.26307902794970356,7.192507898063135e-06,0.08215589813547933,0.0003518649851524956,0.005267728952311894,0.0052677289523118944,0.4445085892937131
3160,User_2221,Unknown,41,0.010153541357107478,0.26046571631297166,4.877479859413622e-06,0.0014850303927607593,0.00016677639596792703,9.520811820717984e-05,9.520811820718e-05,0.05623712834292506
3161,User_2222,Unknown,46,0.011391778107974244,0.2605497483546264,6.785626175698817e-06,0.0015603766850699103,0.00019020656848627043,0.00010003778532449695,0.00010003778532449697,0.057744908178863595
3162,User_2226,Unknown,51,0.01263001485884101,0.26063383463499645,1.4387983149421544e-05,0.0020484130876930796,0.00022755674878802373,0.00013133044846323923,0.00013133044846323896,0.061370914358128525
3163,User_2227,Unknown,7,0.001733531451213472,0.25989573276694344,2.7174109428118685e-07,0.0006230385666898678,9.816329287870199e-05,3.994764984584566e-05,3.994764984584548e-05,0.046128004432217894
3164,User_2228,Unknown,32,0.0079247152055473,0.2603145951521403,6.29386687150747e-06,0.0007961949363798886,0.00027565493379174896,5.104914052493912e-05,5.104914052493893e-05,0.05388927035452799
3165,User_2229,Unknown,207,0.0512630014858841,0.26328486666231987,3.506630843377365e-05,0.08300773533630396,0.0003878705594247028,0.005322346573328466,0.005322346573328466,0.45076906315482307
3166,User_2230,Unknown,5,0.0012382367508667657,0.25986228200012873,1.0224066971073945e-08,0.0006554218365504714,6.932332932772107e-05,4.202348407869689e-05,4.2023484078697036e-05,0.04543868475663724
3167,User_2231,Unknown,36,0.008915304606240713,0.2603817384575703,7.74645346612118e-06,0.000831588297072287,0.00030569802846825106,5.3318227868393154e-05,5.331822786839271e-05,0.055196833355021964
3168,User_2232,Unknown,71,0.017582961862308073,0.26097072319524334,2.3763094991807578e-05,0.002837441764764905,0.0002923244979436742,0.00018191164364984475,0.00018191164364984538,0.06904709244708493
3169,User_2233,Unknown,222,0.0549777117384844,0.26354261845712046,0.0001141864844827322,0.08517340912756598,0.00042072385983438817,0.005461203154572674,0.005461203154572675,0.46332390145824054
3170,User_2234,Unknown,29,0.007181773155027241,0.2602642603931679,1.3640273464787973e-06,0.006233284469967264,0.00010700688367277342,0.00039966837372540115,0.00039966837372540175,0.07469421114708077
3171,User_2235,Unknown,70,0.01733531451213472,0.26095385808452887,1.8313551217237947e-05,0.002345610903619545,0.000256301795742183,0.00015037640250034477,0.00015037640250034533,0.0660112220021848
3172,User_2236,Unknown,37,0.009162951956414065,0.2603985296962662,8.921330068453785e-06,0.0007686968843462553,0.00032342509967542743,4.928652047259123e-05,4.9286520472590755e-05,0.05539446778088907
3173,User_2237,Unknown,124,0.03070827142149579,0.26186770428015566,2.3377594327282096e-06,0.05483892161476963,0.00023732232302918005,0.0035161996023085587,0.003516199602308561,0.3093062857253418
3174,User_2238,Unknown,13,0.0032194155522535907,0.25999613675874056,1.3456728725725508e-06,0.0006397765539863707,0.00014460581522288447,4.1020847420527397e-05,4.1020847420527275e-05,0.04795157788287602
3175,User_2240,Unknown,201,0.04977711738484398,0.2631819070585935,1.1615429569137655e-05,0.08305685135432211,0.0003657299617330148,0.005325495983678445,0.005325495983678445,0.44969179539618576
3176,User_2242,Unknown,40,0.009905894006934125,0.26044891640866874,1.0900975649975717e-05,0.002423873009382179,0.00019644200363147046,0.00015540834110625,0.00015540834110625018,0.06087064774816126
3177,User_2243,Unknown,59,0.014611193660227836,0.26076848563125604,5.135989917935154e-06,0.0027364004470197476,0.00020512949705565236,0.00017543599750098463,0.00017543599750098512,0.06519828611539814
3178,User_2244,Unknown,200,0.04952947003467063,0.2631647549530761,8.803135012512038e-06,0.08334186008004285,0.0003616627255178563,0.005343770880798238,0.005343770880798237,0.45074899725273915
3179,User_2245,Unknown,7,0.001733531451213472,0.25989573276694344,4.206473268098995e-08,0.0006104471720408802,0.0001374302268307726,3.914037227701168e-05,3.914037227701171e-05,0.04681210370732814
3180,User_2248,Unknown,18,0.004457652303120356,0.2600798660311735,8.258735378563532e-07,0.0007065123425497532,0.0001727494644352636,4.529930286167641e-05,4.529930286167636e-05,0.04950875877702242
3181,User_2249,Unknown,19,0.0047052996532937095,0.26009661835748793,1.2934739768146924e-06,0.0012095610477935775,0.00010304748319787577,7.754755806270679e-05,7.7547558062707e-05,0.050598814255624444
3182,User_2251,Unknown,9,0.002228826151560178,0.25992919214676535,5.400830182447178e-07,0.0006307820998241674,0.00010963921238893459,4.044414744487362e-05,4.044414744487349e-05,0.0466700046775121
3183,User_2252,Unknown,10,0.0024764735017335313,0.2599459250675937,1.1153527604807941e-08,0.0008967794886419047,6.840153722910183e-05,5.7495782793706175e-05,5.749578279370667e-05,0.04723197939925954
3184,User_2253,Unknown,157,0.038880633977216444,0.26242932345486447,4.047529425358448e-06,0.0678721262421492,0.0002906709236474459,0.004351871497008887,0.004351871497008887,0.3736599403241506
3185,User_2255,Unknown,10,0.0024764735017335313,0.2599459250675937,5.234722289189861e-07,0.0006328223112952046,0.00012139286902063915,4.0574994346937506e-05,4.0574994346937364e-05,0.047046215030990254
3186,User_2256,Unknown,7,0.001733531451213472,0.25989573276694344,3.5053943900824955e-08,0.0006610065628715167,7.812553092381846e-05,4.2381516028575074e-05,4.238151602857501e-05,0.0459204719350752
3187,User_2257,Unknown,155,0.03838533927686973,0.26239521736305155,4.435501432112925e-06,0.06605363196495603,0.00028843281165144753,0.0042352721472056635,0.004235272147205663,0.36515804623088144
3188,User_2258,Unknown,49,0.012134720158494303,0.2606001936108422,5.807968042853031e-07,0.021306723458648747,0.00011987604290484956,0.0013661588298244257,0.0013661588298244252,0.1455550487101922
3189,User_2259,Unknown,55,0.013620604259534423,0.2607011427464652,1.4702733849610507e-05,0.0034799262983490793,0.00022188524429962245,0.00022310927961572896,0.00022310927961572934,0.06827562504039766
3190,User_2260,Unknown,20,0.004952947003467063,0.260113372842051,2.981997220335192e-06,0.0007050308107793233,0.00018880881559581853,4.520428708858447e-05,4.520428708858383e-05,0.050096365201032174
3191,User_2261,Unknown,129,0.03194650817236255,0.26195264352903014,1.6742582048751322e-06,0.05724925021840241,0.00024425106822249364,0.003670746727959781,0.0036707467279597813,0.32099146249593524
3192,User_2262,Unknown,14,0.003467062902426944,0.26001287830006437,5.796433498738599e-07,0.0026349828166554704,7.934078765229373e-05,0.00016895087305297338,0.0001689508730529737,0.055828149127196074
3193,User_2263,Unknown,7,0.001733531451213472,0.25989573276694344,1.1655436347024297e-07,0.0006198368104989687,0.00011741083743465499,3.974238523001555e-05,3.974238523001529e-05,0.04647666005408067
3194,User_2265,Unknown,11,0.0027241208519068845,0.2599626601429215,4.3992393179941784e-07,0.0006647296058460949,0.00010137388572291402,4.2620398167409175e-05,4.2620398167409297e-05,0.04695719461764348
3195,User_2269,Unknown,1,0.00024764735017335313,0.2597954062922216,0.0,0.0005875782709270351,4.152690288358557e-05,3.7674084908164e-05,3.767408490816413e-05,0.044028314980843204
3196,User_2270,Unknown,15,0.003714710252600297,0.260029621997553,1.206708400436383e-07,0.0007165338128653215,0.00010211405110567638,4.5941233194070275e-05,4.594123319407023e-05,0.04778506804809968
3197,User_2271,Unknown,180,0.04457652303120356,0.2628221817235095,6.959869280100346e-06,0.07694188741075211,0.00032970778285376813,0.004933412927078236,0.004933412927078233,0.4184858875068474
3198,User_2272,Unknown,29,0.007181773155027241,0.2602642603931679,3.1465691833398705e-06,0.0012551759388923145,0.00015368759796726957,8.047506387643283e-05,8.047506387643274e-05,0.05321312258201827
3199,User_2274,Unknown,35,0.00866765725606736,0.2603649493842285,5.434334108386622e-07,0.0014798644592959492,0.00014065979645951955,9.487586404968823e-05,9.48758640496884e-05,0.05484776068808244
3200,User_2275,Unknown,185,0.04581475978207033,0.26290774138941336,5.817970183908292e-06,0.07891068342743801,0.0003353945141754355,0.005059649727151201,0.005059649727151201,0.42816441837280905
3201,User_2276,Unknown,154,0.03813769192669638,0.26237816764132554,3.795008278762737e-06,0.06659706492303986,0.0002858620345521467,0.004270116390687966,0.004270116390687967,0.3674050132793199
3202,User_2277,Unknown,16,0.00396235760277365,0.2600463678516229,2.248830784378757e-06,0.000721919270135432,0.00015156741964424556,4.628676251417554e-05,4.628676251417556e-05,0.04888812064153814
3203,User_2278,Unknown,174,0.04309063893016345,0.2627195836044242,4.054038776231479e-05,0.072619309868208,0.00032751768078249645,0.004656253817326323,0.004656253817326322,0.3981640713745834
3204,User_2280,Unknown,59,0.014611193660227836,0.26076848563125604,4.190508782365116e-06,0.0025824590216980492,0.00020788689394382368,0.0001655636152745819,0.00016556361527458207,0.06455841700934738
3205,User_2281,Unknown,9,0.002228826151560178,0.25992919214676535,2.424564453140393e-07,0.0006180800269011514,0.00017038072886364604,3.9629766799369466e-05,3.962976679936935e-05,0.04775867979034063
3206,User_2286,Unknown,24,0.005943536404160475,0.26018041237113404,2.281691107794147e-06,0.0007371497234389284,0.00021556900881402927,4.7263607065321045e-05,4.726360706532091e-05,0.05132660690304463
3207,User_2287,Unknown,68,0.016840019811788013,0.2609201344016542,3.709500204616049e-06,0.030462986661526463,0.00015230931500967226,0.001953246208197816,0.0019532462081978154,0.19006068649582944
3208,User_2288,Unknown,21,0.005200594353640416,0.2601301294852799,4.203258978500276e-06,0.003948657812948086,0.00010156940543377922,0.0002531810453242583,0.0002531810453242589,0.06316699458386468
3209,User_2290,Unknown,184,0.045567112431896976,0.262890625,4.688751107706833e-06,0.07903921017951286,0.0003319939246777495,0.005067891390269618,0.00506789139026962,0.42853179427417964
3210,User_2291,Unknown,17,0.004210004952947003,0.2600631158626908,1.1370007317704386e-06,0.001274926769084478,0.00012431507134925762,8.17438982599371e-05,8.174389825993702e-05,0.05100314791115928
3211,User_2296,Unknown,34,0.008420009905894007,0.26034816247582204,4.6809502402602005e-06,0.001084801303273556,0.00019053892057035142,6.955002568272748e-05,6.955002568272776e-05,0.053870131349906855
3212,User_2297,Unknown,38,0.009410599306587419,0.2604153231007352,1.8519015163314264e-06,0.000805674800893259,0.00021134537708782558,5.165715609861094e-05,5.1657156098610766e-05,0.05358956193920933
3213,User_2299,Unknown,155,0.03838533927686973,0.26239521736305155,3.847450724922604e-06,0.06749145585290717,0.00028610772690535515,0.004327464142193817,0.004327464142193817,0.3715728514630044
3214,User_2300,Unknown,122,0.03021297672114908,0.26183374400207493,1.7797942664943072e-05,0.04727349274274923,0.0002598401796501396,0.0030311132524117636,0.003031113252411765,0.27546023249560336
3215,User_2301,Unknown,10,0.0024764735017335313,0.2599459250675937,5.307751338983246e-07,0.0006244122930877573,0.0001703275296370507,4.003575681606444e-05,4.00357568160643e-05,0.04793153545046407
3216,User_2303,Unknown,29,0.007181773155027241,0.2602642603931679,9.84054768513229e-07,0.008366033868812905,0.00010170328680752993,0.0005364175931876169,0.0005364175931876173,0.08417452613212784
3217,User_2304,Unknown,66,0.016344725111441305,0.2608864194340354,7.07486500692479e-06,0.0024170765548484434,0.00023395388557356596,0.00015495701031830784,0.00015495701031830852,0.06532568743122416
3218,User_2305,Unknown,16,0.00396235760277365,0.2600463678516229,1.3002723094616285e-07,0.0010690468676642527,8.513715340129309e-05,6.853971519164033e-05,6.853971519164044e-05,0.04919347624058988
3219,User_2306,Unknown,113,0.027984150569588903,0.2616810316894563,8.841933683926132e-07,0.05095026878105799,0.00021841838627406176,0.0032668641469487648,0.0032668641469487648,0.28988117726984036
3220,User_2307,Unknown,141,0.034918276374442794,0.26215672271635393,2.0063733406952966e-06,0.06259233697974902,0.0002620881300949422,0.004013339630633986,0.004013339630633986,0.34707525796982885
3221,User_2308,Unknown,156,0.03863298662704309,0.26241226930075384,2.7420659271636185e-06,0.06858450889088358,0.0002872856142404975,0.00439754911317888,0.004397549113178879,0.37665030196669075
3222,User_2309,Unknown,199,0.049281822684497274,0.26314760508308893,2.5638111931682812e-05,0.08202182499174307,0.00036985088134901706,0.005259131542829726,0.005259131542829725,0.44483320606441196
3223,User_2310,Unknown,23,0.005695889053987122,0.26016364924940405,8.847505585956665e-07,0.0010265857368842457,0.0001233789804497928,6.581736610147186e-05,6.581736610147206e-05,0.050741744675168024
3224,User_2311,Unknown,51,0.01263001485884101,0.26063383463499645,1.0534290846476679e-06,0.02138143099237166,0.0001244050491168096,0.0013709490473784807,0.0013709490473784816,0.1462669670979792
3225,User_2312,Unknown,16,0.00396235760277365,0.2600463678516229,1.7046550087838182e-07,0.0008597531706121239,9.68463339381371e-05,5.5122376971503084e-05,5.512237697150312e-05,0.048474313186059034
3226,User_2313,Unknown,85,0.021050024764735015,0.2612070638463031,0.00013411782121330063,0.002084457875856569,0.0007541077515661331,0.00013364778589999791,0.00013364778589999767,0.07644489743032615
3227,User_2314,Unknown,19,0.0047052996532937095,0.26009661835748793,8.270897173688388e-07,0.0007129813067827516,0.00017775491309515804,4.5714043646151095e-05,4.571404364615086e-05,0.04977757795549829
3228,User_2316,Unknown,10,0.0024764735017335313,0.2599459250675937,1.2142827799342334e-06,0.000662685949988197,0.0001209667992933329,4.248943821871931e-05,4.248943821871897e-05,0.047172515323476584
3229,User_2317,Unknown,36,0.008915304606240713,0.2603817384575703,9.632420165491087e-06,0.0007981354239136298,0.0003253560021500843,5.117370415974081e-05,5.1173704159740526e-05,0.05541796664114127
3230,User_2318,Unknown,37,0.009162951956414065,0.2603985296962662,5.619706689295533e-06,0.001090411269311041,0.00019794941679165064,6.990939723161408e-05,6.990939723161411e-05,0.05447146053883066
3231,User_2320,Unknown,16,0.00396235760277365,0.2600463678516229,2.2128641225524467e-07,0.0006771120034141486,0.00017282096995420898,4.341473714770727e-05,4.341473714770685e-05,0.049087209026370225
3232,User_2321,Unknown,7,0.001733531451213472,0.25989573276694344,6.482058459660882e-07,0.00061982226142753,0.00012112535839319959,3.974146284201641e-05,3.9741462842016074e-05,0.04654682345053024
3233,User_2322,Unknown,46,0.011391778107974244,0.2605497483546264,1.8437867247973972e-05,0.0011346460600735729,0.00029485499403962453,7.274589463916595e-05,7.27458946391658e-05,0.0578102842415315
3234,User_2323,Unknown,183,0.045319465081723624,0.26287351083913807,5.85621386413054e-06,0.07733404307953587,0.00033270817644318865,0.004958557547347972,0.004958557547347974,0.42074031892337477
3235,User_2324,Unknown,197,0.04878652798415057,0.26311331204795724,5.113911268040703e-05,0.08018254275978311,0.00036874752684522944,0.005141197817628069,0.005141197817628069,0.4362666389331536
3236,User_2326,Unknown,180,0.04457652303120356,0.2628221817235095,6.3313756361861094e-06,0.07701558580522493,0.00032763883097252814,0.004938139255007654,0.004938139255007656,0.41877777215611645
3237,User_2329,Unknown,124,0.03070827142149579,0.26186770428015566,5.530691208623755e-06,0.05464692078916801,0.0002382362273296391,0.0035038882495858617,0.003503888249585862,0.30846196890336436
3238,User_2331,Unknown,190,0.0470529965329371,0.2629933567799922,1.0036571330333143e-05,0.07943400537148414,0.0003466888869871093,0.0050932045566116696,0.00509320455661167,0.4314571730430551
3239,User_2334,Unknown,139,0.03442298167409608,0.26212268743914313,1.4624596298237724e-05,0.057474918746023604,0.0002733576892300786,0.003685214790717656,0.003685214790717654,0.3240127003204449
3240,User_2335,Unknown,34,0.008420009905894007,0.26034816247582204,7.413614520173206e-06,0.0007938463568049393,0.0002943367147112567,5.089865021922777e-05,5.0898650219227405e-05,0.05452217926450941
3241,User_2339,Unknown,182,0.04507181773155027,0.2628563989063924,1.0374387221676618e-05,0.07567178356936574,0.0003354025572170611,0.004851976312353982,0.004851976312353985,0.41318000458284077
3242,User_2340,Unknown,198,0.04903417533432392,0.26313045744819497,9.221639254696473e-06,0.08305335409204805,0.00035839220025040515,0.00532527230270237,0.0053252723027023725,0.44910035729553044
3243,User_2341,Unknown,26,0.0064388311045071814,0.26021394509601753,6.757569083949493e-06,0.0007013672745830012,0.0002519305923105649,4.4969791527438376e-05,4.4969791527438166e-05,0.05214383710284064
3244,User_2342,Unknown,28,0.006934125804853888,0.26024748646558393,6.327247396739253e-06,0.0007673376684736584,0.00027018370008489084,4.9199025635774375e-05,4.919902563577429e-05,0.053075042171954016
3245,User_2345,Unknown,52,0.012877662209014363,0.2606506584043377,1.6773542826704803e-05,0.002728054278243013,0.0002292496858932837,0.00017490594461265016,0.00017490594461265084,0.06460183033948738
3246,User_2346,Unknown,36,0.008915304606240713,0.2603817384575703,1.327849763190139e-06,0.0007805774085546062,0.000200572058155186,5.004825694893342e-05,5.004825694893258e-05,0.05298273527890892
3247,User_2348,Unknown,151,0.037394749876176324,0.2623270317676866,7.403053072651687e-06,0.06621860797756661,0.0002814980020099999,0.004245849793609127,0.0042458497936091275,0.3651872216943936
3248,User_2349,Unknown,18,0.004457652303120356,0.2600798660311735,6.704194944875822e-07,0.00069336276506,0.00018677974819402272,4.4456682212770985e-05,4.445668221277124e-05,0.04971433295393008
3249,User_2350,Unknown,28,0.006934125804853888,0.26024748646558393,5.025762864168863e-06,0.008450105659464574,0.00010447709513952084,0.0005418081526074252,0.0005418081526074257,0.08446035800765951
3250,User_2352,Unknown,168,0.041604754829123326,0.26261706555671177,4.112609047878228e-06,0.0726048102347871,0.00030673835394674483,0.004655326489180814,0.004655326489180815,0.396823185725341
3251,User_2353,Unknown,86,0.02129767211490837,0.2612239617026782,1.0855505759016515e-06,0.03793707886081239,0.00017709418350228602,0.002432475664618728,0.0024324756646187298,0.22671891505086533
3252,User_2354,Unknown,177,0.043833580980683504,0.2627708726491833,4.84681980959418e-06,0.07601098253760816,0.000322792518148831,0.004873724433897258,0.00487372443389726,0.4137365599052122
3253,User_2356,Unknown,172,0.04259534422981674,0.26268540202966434,3.4412122356037043e-06,0.0752514635905524,0.00031233218341789406,0.004825025562191646,0.004825025562191647,0.40939946176047304
3254,User_2357,Unknown,13,0.0032194155522535907,0.25999613675874056,1.928499396754589e-06,0.0006425116258071369,0.00014936408568553687,4.1196175990756056e-05,4.11961759907557e-05,0.048053794751085725
3255,User_2358,Unknown,6,0.0014858841010401188,0.259879006307118,1.1246473668181339e-07,0.0006602086305653309,7.776384413740294e-05,4.233039348736606e-05,4.233039348736617e-05,0.045764763190206684
3256,User_2359,Unknown,147,0.03640416047548291,0.26225888160031174,1.9152421957466326e-06,0.06537522378224962,0.00027128569574618323,0.004191774758743864,0.004191774758743866,0.3606225422062685
3257,User_2360,Unknown,12,0.0029717682020802376,0.25997939737316506,8.573431076147454e-07,0.0006374289141338833,0.00013542672791386784,4.087031871530143e-05,4.0870318715301214e-05,0.047622400860309
3258,User_2361,Unknown,45,0.01114413075780089,0.26053293760887797,1.4900762608315953e-05,0.0008909491037865305,0.0003757097936782595,5.7124061261223495e-05,5.7124061261222844e-05,0.058094564893408106
3259,User_2362,Unknown,25,0.006191183754333828,0.26019717765319933,3.807568644301693e-07,0.0009311781409385029,0.00013847520129551088,5.970128189144925e-05,5.970128189144926e-05,0.05088854295392782
3260,User_2363,Unknown,167,0.041357107478949974,0.2625999869935618,4.236000020474717e-06,0.07285115448082204,0.0003057488177390801,0.004671120584165672,0.0046711205841656715,0.3977655925124533
3261,User_2365,Unknown,55,0.013620604259534423,0.2607011427464652,3.503404994795388e-06,0.0009217223015573351,0.000285650498174695,5.909732785471628e-05,5.909732785471589e-05,0.057984293865398405
3262,User_2366,Unknown,36,0.008915304606240713,0.2603817384575703,4.84720930320955e-06,0.0011899872700504785,0.00019796436643454112,7.629321722134347e-05,7.629321722134408e-05,0.054773416054393884
3263,User_2367,Unknown,50,0.012382367508667657,0.2606170130373048,7.021352572792669e-06,0.0020978838045656997,0.00021160421046391363,0.00013449889121531502,0.00013449889121531562,0.06114448319256422
3264,User_2369,Unknown,197,0.04878652798415057,0.26311331204795724,1.0116862726430774e-05,0.08175720718699116,0.00035775255363652375,0.005242164716096254,0.005242164716096254,0.4431206139575217
3265,User_2370,Unknown,158,0.0391282813273898,0.2624463798258157,2.8744193152211e-06,0.06942580787717717,0.00029080869260063156,0.004451491678516515,0.004451491678516515,0.3807869445354767
3266,User_2371,Unknown,36,0.008915304606240713,0.2603817384575703,6.055638815424284e-06,0.0008127861544813568,0.00030830810559323525,5.211301220877592e-05,5.2113012208775834e-05,0.055161122680294376
3267,User_2373,Unknown,12,0.0029717682020802376,0.25997939737316506,8.702724246042524e-07,0.0006369104574072664,0.00013243242246756138,4.0837079098925755e-05,4.083707909892568e-05,0.04756359174632291
3268,User_2374,Unknown,168,0.041604754829123326,0.26261706555671177,3.22611377804697e-06,0.07345350782635424,0.00030619346457061366,0.00470974296575121,0.004709742965751209,0.4006250139241026
3269,User_2375,Unknown,6,0.0014858841010401188,0.259879006307118,0.0,0.0006163288388399648,9.915515220584569e-05,3.951746423234467e-05,3.951746423234495e-05,0.04597116846234633
3270,User_2376,Unknown,179,0.04432887568103021,0.26280507647250245,1.608921947983375e-05,0.07461897938905666,0.00033513484027839516,0.004784471819434768,0.004784471819434769,0.40801081621997237
3271,User_2379,Unknown,36,0.008915304606240713,0.2603817384575703,3.484741882414161e-06,0.0017375028701880095,0.0001622246391734733,0.00011139636032106694,0.00011139636032106751,0.05655816984561131
3272,User_2380,Unknown,3,0.0007429420505200594,0.25982883984299593,0.0,0.0006052591360538353,5.6852653458044406e-05,3.880770204824538e-05,3.880770204824581e-05,0.044687481948811614
3273,User_2381,Unknown,176,0.04358593363051015,0.2627537740760021,5.53723316887913e-06,0.0756062171683842,0.00032047748506446386,0.004847771294415436,0.0048477712944154355,0.41172933797406225
3274,User_2382,Unknown,2,0.0004952947003467063,0.25981212199202164,0.0,0.0005914305486566684,5.605737002748922e-05,3.7921081461954944e-05,3.792108146195488e-05,0.04446504107343639
3275,User_2383,Unknown,24,0.005943536404160475,0.26018041237113404,6.176964745029461e-07,0.007985577583954687,8.554970576680514e-05,0.000512023697933126,0.0005120236979331267,0.08143394040433119
3276,User_2386,Unknown,139,0.03442298167409608,0.26212268743914313,3.0489515958192247e-06,0.06220374295635946,0.0002604029649145618,0.00398842256347349,0.003988422563473489,0.34500719422524184
3277,User_2387,Unknown,50,0.012382367508667657,0.2606170130373048,7.923228953080643e-06,0.014114795945883501,0.00015416610390657295,0.0009050196121383394,0.0009050196121383393,0.11404267111203015
3278,User_2388,Unknown,6,0.0014858841010401188,0.259879006307118,2.065261528156937e-07,0.0006172644157705862,8.443097849779912e-05,3.957744484718666e-05,3.957744484718675e-05,0.04569767744768323
3279,User_2390,Unknown,49,0.012134720158494303,0.2606001936108422,1.2384818551610733e-06,0.0021797964268869324,0.00017863960478509234,0.00013975097280376572,0.000139750972803766,0.06074350593506643
3280,User_2391,Unknown,72,0.017830609212481426,0.2609875904860393,1.0273090215554836e-05,0.02643194229920212,0.00018254906939600983,0.0016947808875251006,0.0016947808875251024,0.17310690925826708
3281,User_2392,Unknown,92,0.022783556215948488,0.26132539477090344,6.615877308709335e-06,0.04071958427401256,0.00018860899754636538,0.002610885151092106,0.002610885151092106,0.24030944568249993
3282,User_2393,Unknown,32,0.0079247152055473,0.2603145951521403,2.4429273018300137e-06,0.008160774543717757,0.00011596287602417057,0.0005232564975809776,0.0005232564975809769,0.08395796243505474
3283,User_2395,Unknown,179,0.04432887568103021,0.26280507647250245,1.8806028525496173e-05,0.07574026523036274,0.0003312003166205988,0.004856365922812948,0.004856365922812949,0.412974243234102
3284,User_2396,Unknown,69,0.017087667161961365,0.26093699515347335,7.354473290702076e-06,0.002508580301926576,0.00023783738092699608,0.00016082478500361355,0.00016082478500361417,0.0662462818808817
3285,User_2397,Unknown,35,0.00866765725606736,0.2603649493842285,9.265044560740711e-06,0.0007855880840992946,0.000308600626354878,5.036929184106961e-05,5.0369291841069274e-05,0.05490006953676502
3286,User_2400,Unknown,19,0.0047052996532937095,0.26009661835748793,4.039693535165512e-07,0.001010004519965007,0.00010387446106050092,6.475460091670096e-05,6.475460091670031e-05,0.04971783664293146
3287,User_2401,Unknown,21,0.005200594353640416,0.2601301294852799,3.5726778774756266e-06,0.001249162081877373,0.00019044517060350818,8.009270684308015e-05,8.009270684308006e-05,0.05271700222219237
3288,User_2402,Unknown,15,0.003714710252600297,0.260029621997553,5.485680974845542e-07,0.0006612728789702239,0.0001532634727657723,4.2399080342485654e-05,4.239908034248547e-05,0.04850188622622835
3289,User_2403,Unknown,17,0.004210004952947003,0.2600631158626908,9.349580499166866e-07,0.0007031320236827405,0.00016324126996520273,4.508255968295155e-05,4.5082559682951405e-05,0.049168906768273575
3290,User_2404,Unknown,170,0.04210004952947003,0.2626512293482503,1.1396184901582727e-05,0.070113553591642,0.00031949877454338547,0.004495589738763651,0.0044955897387636504,0.3861661361045267
3291,User_2405,Unknown,20,0.004952947003467063,0.260113372842051,2.693302163912245e-06,0.0006740573121356737,0.00019435801400221632,4.3218793195744274e-05,4.321879319574404e-05,0.05006184613175581
3292,User_2406,Unknown,36,0.008915304606240713,0.2603817384575703,5.294738877265496e-06,0.001072431484648521,0.00021237989835402673,6.875735756702427e-05,6.875735756702463e-05,0.054517490055678776
3293,User_2407,Unknown,89,0.022040614165428428,0.2612746683921061,1.0764751929534019e-06,0.039972855454555756,0.000181778894384464,0.0025630065162796606,0.002563006516279663,0.23638836832135995
3294,User_2408,Unknown,153,0.03789004457652303,0.2623611201351439,2.5723392142807517e-06,0.06743177347504063,0.0002825235946957149,0.004323636641196031,0.004323636641196031,0.3709457494150766
3295,User_2409,Unknown,178,0.044081228330856856,0.2627879734478719,7.519107602464061e-06,0.07554882678051399,0.00032635102133832873,0.004844091532812712,0.004844091532812712,0.41187395626266177
3296,User_2410,Unknown,207,0.0512630014858841,0.26328486666231987,2.0825042020004427e-05,0.08351751162148188,0.000382376860961445,0.005355032982259087,0.005355032982259087,0.4529511601332098
3297,User_2411,Unknown,32,0.0079247152055473,0.2603145951521403,7.174957714335849e-06,0.0007820277685519743,0.00028628003765684344,5.0141000034181764e-05,5.0141000034181445e-05,0.05402633400213828
3298,User_2412,Unknown,31,0.007677067855373947,0.26029781473602787,8.879712291111777e-06,0.0007203077071778913,0.0003012822887272392,4.618418104728171e-05,4.618418104728122e-05,0.053887263844274766
3299,User_2414,Unknown,183,0.045319465081723624,0.26287351083913807,8.140215083049222e-06,0.07755190097339412,0.0003337430056750094,0.004972525835168903,0.004972525835168902,0.4217391304698782
3300,User_2415,Unknown,41,0.010153541357107478,0.26046571631297166,1.1241766534766632e-06,0.0015632328460069525,0.0001589227197813027,0.00010022044176039253,0.00010022044176039276,0.05643906361129996
3301,User_2416,Unknown,37,0.009162951956414065,0.2603985296962662,3.2588974771562876e-06,0.0011052062954168267,0.00019020895952435516,7.085773928712142e-05,7.085773928712117e-05,0.0543911903191504
3302,User_2418,Unknown,117,0.028974739970282316,0.26174888183055683,1.1100376308989708e-06,0.05231443841737582,0.0002240536597759464,0.0033543335584015743,0.0033543335584015747,0.29669731369071656
3303,User_2421,Unknown,8,0.001981178801386825,0.2599124613800206,8.485975585991375e-07,0.0006136125801700339,0.00017839981965875714,3.934332940956962e-05,3.934332940956961e-05,0.04774473471473546
3304,User_2422,Unknown,5,0.0012382367508667657,0.25986228200012873,3.067220091322184e-08,0.0006123416156226676,8.88158297633606e-05,3.926181535854129e-05,3.926181535854143e-05,0.04561290211130563
3305,User_2423,Unknown,165,0.04086181277860327,0.26256583653033355,4.254699369632249e-06,0.07119611480538869,0.00030296378300962367,0.0045650015315293595,0.004565001531529359,0.38998749000242156
3306,User_2424,Unknown,11,0.0027241208519068845,0.2599626601429215,3.8065066643776843e-07,0.0006341234387668388,0.00012158097377222283,4.0658379005966086e-05,4.0658379005965924e-05,0.047200894567324334
3307,User_2425,Unknown,36,0.008915304606240713,0.2603817384575703,6.859789721100987e-06,0.001455392003673041,0.00019163351403459535,9.331201057849472e-05,9.331201057849499e-05,0.05584687273446843
3308,User_2426,Unknown,18,0.004457652303120356,0.2600798660311735,2.1903443388176952e-06,0.0016279912920912553,0.0001690987620421977,0.00010438339512174059,0.00010438339512174036,0.0535796531443747
3309,User_2427,Unknown,25,0.006191183754333828,0.26019717765319933,1.1977182864252525e-06,0.007421819518947414,9.241896611945719e-05,0.0004758745555650559,0.0004758745555650561,0.07917651664852836
3310,User_2428,Unknown,191,0.04730064388311045,0.26301048654986,1.3973558852207656e-05,0.07872524253650258,0.00035326153161735084,0.005047758774332679,0.005047758774332678,0.4285440057245339
3311,User_2429,Unknown,86,0.02129767211490837,0.2612239617026782,1.2199514297778767e-05,0.03207505159601797,0.00019668042755326725,0.002056605972388314,0.0020566059723883152,0.20075883451577825
3312,User_2430,Unknown,146,0.036156513125309556,0.26224184959085595,4.815758153909195e-06,0.06352725111578812,0.00027527638397706745,0.004073283742854547,0.004073283742854547,0.3522519056663386
3313,User_2431,Unknown,5,0.0012382367508667657,0.25986228200012873,0.0,0.0006122518222015387,8.969238378104756e-05,3.9256058316496704e-05,3.925605831649709e-05,0.045629024844542246
3314,User_2432,Unknown,28,0.006934125804853888,0.26024748646558393,2.3069123906874076e-06,0.0012294962060409398,0.00012794136909096836,7.882552195094868e-05,7.882552195094898e-05,0.052466354194352985
3315,User_2433,Unknown,147,0.03640416047548291,0.26225888160031174,8.22932515978524e-06,0.06477040496121811,0.0002787318726693449,0.004152993622035616,0.004152993622035616,0.3580479477908222
3316,User_2434,Unknown,91,0.022535908865775136,0.2613084837895554,1.2814025162363332e-05,0.0031517770255716096,0.0003004069213318599,0.00020205734883124986,0.0002020573488312496,0.07351606617010374
3317,User_2435,Unknown,27,0.006686478454680535,0.26023071470000647,3.995361331940395e-07,0.0007321737695498658,0.00015939548667017305,4.6944842931942084e-05,4.694484293194193e-05,0.05068010068152328
3318,User_2437,Unknown,5,0.0012382367508667657,0.25986228200012873,8.179253576859156e-08,0.0006025204551069149,0.00012028804858159203,3.8632134680722126e-05,3.86321346807223e-05,0.046162489292633224
3319,User_2438,Unknown,68,0.016840019811788013,0.2609201344016542,8.841403041312399e-06,0.003174624186622634,0.00024002947734229484,0.00020353289251681355,0.00020353289251681382,0.06913470420229714
3320,User_2439,Unknown,10,0.0024764735017335313,0.2599459250675937,3.476182770165141e-07,0.0006316851128284513,0.000153906941071441,4.0502063071620266e-05,4.050206307162047e-05,0.04765439454611326
3321,User_2440,Unknown,34,0.008420009905894007,0.26034816247582204,4.855071154767363e-06,0.0008246563953494946,0.0002813256451661121,5.287363843001237e-05,5.287363843001209e-05,0.054414356727369904
3322,User_2441,Unknown,4,0.0009905894006934125,0.25984555984555985,0.0,0.0006083879674493466,7.600293360776142e-05,3.900831937485478e-05,3.900831937485493e-05,0.04520810829325315
3323,User_2442,Unknown,3,0.0007429420505200594,0.25982883984299593,1.4605809958677066e-09,0.0012422573438282023,4.5142589032882416e-05,7.965126534154461e-05,7.965126534154462e-05,0.047328031980389026
3324,User_2443,Unknown,23,0.005695889053987122,0.26016364924940405,6.77279282691196e-06,0.004606821838471489,0.0001407531442919865,0.0002953822113774442,0.00029538221137744415,0.06715414925042397
3325,User_2444,Unknown,16,0.00396235760277365,0.2600463678516229,1.0760895074655927e-07,0.0006774076849465066,0.00017153772599041037,4.343369530985207e-05,4.343369530985191e-05,0.04906429649341226
3326,User_2446,Unknown,161,0.039871223377909853,0.26249756224403564,3.7016795467489916e-06,0.06961309936265353,0.0002962921673865453,0.004463500800145581,0.00446350080014558,0.382168456741853
3327,User_2448,Unknown,33,0.008172362555720653,0.26033137773193216,5.557377567697756e-06,0.0007864135330563621,0.0002959220292410302,5.042209823426702e-05,5.0422098234266946e-05,0.05437278918572851
3328,User_2449,Unknown,46,0.011391778107974244,0.2605497483546264,5.486938546598669e-06,0.013087504543523528,0.00013934689641913512,0.0008391512737416635,0.0008391512737416638,0.10856625347469485
3329,User_2450,Unknown,12,0.0029717682020802376,0.25997939737316506,5.798506553594795e-07,0.0006406328786321466,0.00016756410372766956,4.1075758842259214e-05,4.107575884226035e-05,0.04824294605403243
3330,User_2452,Unknown,10,0.0024764735017335313,0.2599459250675937,2.34770293386569e-07,0.0006875313667489888,8.066458097609621e-05,4.408184271114747e-05,4.408184271114752e-05,0.046523545756678435
3331,User_2453,Unknown,14,0.003467062902426944,0.26001287830006437,1.929131854561383e-06,0.0007464108819559165,0.00012691791447461207,4.7856781877622905e-05,4.785678187762312e-05,0.04824237106528163
3332,User_2454,Unknown,16,0.00396235760277365,0.2600463678516229,5.819336630330428e-07,0.004878875667608994,7.692608964579464e-05,0.00031282636132843835,0.0003128263613284383,0.06615300480387945
3333,User_2455,Unknown,16,0.00396235760277365,0.2600463678516229,1.629558067980102e-06,0.0006661754707816937,0.0001668892333138324,4.271331219250117e-05,4.271331219250071e-05,0.04892659571843473
3334,User_2456,Unknown,8,0.001981178801386825,0.2599124613800206,8.004514977717165e-07,0.0006255050594472285,0.0001358821063350447,4.010580418235222e-05,4.0105804182352284e-05,0.0469960915184263
3335,User_2457,Unknown,1,0.00024764735017335313,0.2597954062922216,0.0,0.0005875782709270351,4.152690288358557e-05,3.7674084908164e-05,3.7674084908163995e-05,0.044028314980843204
3336,User_2460,Unknown,169,0.04185240217929668,0.2626341463414634,5.023269605606983e-06,0.07269226905916307,0.0003106959198949326,0.004660933292211927,0.004660933292211926,0.39743644524446725
3337,User_2462,Unknown,96,0.0237741456166419,0.2613930605903677,1.2623445922610717e-05,0.04006704664623616,0.0002042808032957444,0.0025690440835219198,0.002569044083521921,0.2382572500362386
3338,User_2464,Unknown,202,0.05002476473501733,0.2631990614000782,8.217091110782286e-06,0.08427877475676092,0.000363879471371796,0.005403844686669975,0.005403844686669975,0.4552904187730105
3339,User_2466,Unknown,11,0.0027241208519068845,0.2599626601429215,2.767915542541529e-07,0.0006576134296235621,0.00012365277975258192,4.216427118170374e-05,4.216427118170367e-05,0.04734545280784804
3340,User_2467,Unknown,130,0.032194155522535906,0.26196963799143635,1.805283577958442e-06,0.05741640977467123,0.00024597520436364873,0.0036814648299206003,0.003681464829920599,0.32192038326125416
3341,User_2469,Unknown,135,0.033432392273402674,0.2620546433902265,1.511645781761177e-06,0.06089647208522252,0.00025368562972877295,0.003904601859112783,0.0039046018591127815,0.3384257713145914
3342,User_2470,Unknown,1,0.00024764735017335313,0.2597954062922216,0.0,0.0005875782709270351,4.152690288358557e-05,3.7674084908164e-05,3.767408490816408e-05,0.044028314980843204
3343,User_2473,Unknown,49,0.012134720158494303,0.2606001936108422,6.249539447780907e-06,0.002281025016062154,0.00020006002917488045,0.00014624069680302637,0.0001462406968030269,0.06160375094130848
3344,User_2474,Unknown,26,0.0064388311045071814,0.26021394509601753,4.503679117768295e-06,0.0008041923848742656,0.00022756028969076234,5.156134714107336e-05,5.156134714107296e-05,0.05214527908077848
3345,User_2476,Unknown,36,0.008915304606240713,0.2603817384575703,2.206021749397759e-06,0.011631309447731945,0.00011555766337149732,0.0007457833519702343,0.0007457833519702342,0.10012160757065201
3346,User_2477,Unknown,113,0.027984150569588903,0.2616810316894563,1.2688523003371227e-06,0.05010379015660198,0.00021817351371336313,0.0032125900594979135,0.0032125900594979126,0.2860742749066509
3347,User_2478,Unknown,93,0.02303120356612184,0.2613423079412336,1.89921088360088e-05,0.03218686898886138,0.00022992283251657152,0.0020637778718815354,0.002063777871881537,0.20290825930510992
3348,User_2479,Unknown,46,0.011391778107974244,0.2605497483546264,4.6104655261009475e-07,0.0018006823371011671,0.00016956177443929116,0.00011544295015428839,0.00011544295015428862,0.05843292188423176
3349,User_2480,Unknown,27,0.006686478454680535,0.26023071470000647,3.0354249558890337e-06,0.0009591180765890233,0.00015013875612433124,6.149288149013569e-05,6.149288149013613e-05,0.051525561648674646
3350,User_2481,Unknown,3,0.0007429420505200594,0.25982883984299593,1.7526971950412477e-08,0.0005952294245305337,7.302683665282046e-05,3.816465454245881e-05,3.816465454245869e-05,0.04494754255570293
3351,User_2482,Unknown,160,0.0396235760277365,0.2624804992199688,5.316910134912268e-06,0.0695207149366065,0.0002977140463359638,0.0044575767818377824,0.004457576781837781,0.3816352430862318
3352,User_2483,Unknown,3,0.0007429420505200594,0.25982883984299593,0.0,0.0005950817498392416,8.690287632186711e-05,3.8155186648828734e-05,3.815518664882889e-05,0.045208629687617206
3353,User_2484,Unknown,126,0.031203566121842496,0.2619016733687897,2.3402269132920173e-06,0.05544892215926706,0.00024059196410146605,0.0035553125271986312,0.0035553125271986312,0.31239906994395744
3354,User_2485,Unknown,137,0.03392768697374938,0.26208866099824757,2.56334207035282e-06,0.06011908447948198,0.0002580354867818764,0.0038547567954368795,0.003854756795436879,0.3353069962940066
3355,User_2486,Unknown,18,0.004457652303120356,0.2600798660311735,1.24024082700877e-06,0.000688807134385033,0.00018617272419452937,4.4164537172335794e-05,4.4164537172335726e-05,0.04968258526030532
3356,User_2487,Unknown,9,0.002228826151560178,0.25992919214676535,2.424564453140393e-07,0.0006180800269011514,0.00017038072886364604,3.9629766799369466e-05,3.9629766799369195e-05,0.04775867979034062
3357,User_2488,Unknown,39,0.009658246656760773,0.2604321186713963,7.1796697134901074e-06,0.0007825985951165237,0.00033876476177034534,5.017789895461105e-05,5.0177898954610394e-05,0.056036485569474194
3358,User_2489,Unknown,108,0.02674591381872214,0.26159626846333245,2.3330900876646205e-06,0.04760629097273228,0.00021367928997065462,0.003052451529851004,0.0030524515298510054,0.2740435543993753
3359,User_2490,Unknown,15,0.003714710252600297,0.260029621997553,8.57414156610557e-07,0.0007409267891234357,0.0001495257215400414,4.750595448569774e-05,4.7505954485697735e-05,0.04878926081060655
3360,User_2492,Unknown,178,0.044081228330856856,0.2627879734478719,5.161481668055142e-06,0.07637727737925505,0.0003239960549341499,0.004897210846129177,0.004897210846129176,0.4155502999830067
3361,User_2493,Unknown,6,0.0014858841010401188,0.259879006307118,3.395850815392418e-08,0.0006553101178385,6.044831499743256e-05,4.201616527323615e-05,4.2016165273236034e-05,0.04541609101744137
3362,User_2495,Unknown,145,0.0359088657751362,0.2622248197934931,3.0509150278473864e-06,0.06226889840186318,0.0002705621975737643,0.003992600294056852,0.003992600294056851,0.34636438141215103
3363,User_2497,Unknown,25,0.006191183754333828,0.26019717765319933,3.3196637924186826e-06,0.0007391674861566325,0.0002290137812884162,4.739299782650182e-05,4.7392997826501286e-05,0.05173494655681781
3364,User_2499,Unknown,93,0.02303120356612184,0.2613423079412336,1.148600070500809e-05,0.03682831608447405,0.00021310626662533465,0.0023613830090530277,0.002361383009053028,0.223438603307097
3365,User_2500,Unknown,181,0.04482417038137692,0.2628392892013279,5.508038768576057e-06,0.07694946419929626,0.00032817168957892753,0.004933899660582253,0.004933899660582253,0.4186360775241817
3366,User_2503,Unknown,16,0.00396235760277365,0.2600463678516229,1.5818931323375972e-07,0.0006986369008765294,0.0001552185193467338,4.4794348671559356e-05,4.4794348671559275e-05,0.048851806472411115
3367,User_2504,Unknown,151,0.037394749876176324,0.2623270317676866,3.876974084766275e-06,0.06566967140960328,0.00028008841292183887,0.004210654352623989,0.0042106543526239885,0.36269379649640354
3368,User_2505,Unknown,5,0.0012382367508667657,0.25986228200012873,0.0,0.0006148695819254557,7.499699360052041e-05,3.942379701972605e-05,3.942379701972552e-05,0.045363567158548924
3369,User_2506,Unknown,124,0.03070827142149579,0.26186770428015566,7.79065698738438e-06,0.0533368416804599,0.00024408503616806936,0.0034198878298438103,0.003419887829843813,0.3026880057001928
3370,User_2507,Unknown,201,0.04977711738484398,0.2631819070585935,1.2895423911585726e-05,0.08327311568144907,0.0003668342796789419,0.005339363087064945,0.0053393630870649435,0.4506845072366535
3371,User_2513,Unknown,15,0.003714710252600297,0.260029621997553,3.739658123566156e-07,0.0006811285770567644,0.00015825602675929789,4.3672264035971165e-05,4.3672264035971064e-05,0.04868520933813486
3372,User_2514,Unknown,9,0.002228826151560178,0.25992919214676535,1.7330111033578136e-07,0.0006945701025191,8.50465838041567e-05,4.45330270726901e-05,4.453302707269016e-05,0.04649247169558766
3373,User_2515,Unknown,13,0.0032194155522535907,0.25999613675874056,7.104305617683218e-07,0.0006640068936226599,0.00014265745888127843,4.2574481654109015e-05,4.2574481654108866e-05,0.04802348076409139
3374,User_2517,Unknown,6,0.0014858841010401188,0.259879006307118,0.0,0.0006544067723845281,6.954863668382893e-05,4.195825372054239e-05,4.1958253720542616e-05,0.04558369067800834
3375,User_2518,Unknown,48,0.01188707280832095,0.2605833763551884,7.1792482175143605e-06,0.004555643614096254,0.000172219691890641,0.0002920867502532439,0.00029208675025324386,0.07115125695070292
3376,User_2520,Unknown,165,0.04086181277860327,0.26256583653033355,6.780524627022979e-06,0.07119394748925033,0.00030470921768398175,0.004564863359829933,0.004564863359829932,0.3900114678900692
3377,User_2521,Unknown,141,0.034918276374442794,0.26215672271635393,4.9975895494544445e-06,0.06178213453059707,0.00026629297731162264,0.003961388885326251,0.003961388885326249,0.3435159014508965
3378,User_2522,Unknown,14,0.003467062902426944,0.26001287830006437,3.974458820936644e-07,0.0014366356737566034,7.851016136549707e-05,9.2110000871937e-05,9.211000087193708e-05,0.050429155259443255
3379,User_2523,Unknown,17,0.004210004952947003,0.2600631158626908,1.9057774635800297e-06,0.0006664626470874777,0.00015869419304618385,4.273177251363911e-05,4.273177251363893e-05,0.048918717333952214
3380,User_2524,Unknown,13,0.0032194155522535907,0.25999613675874056,3.366062157153633e-07,0.00514326315355552,6.326383918211022e-05,0.0003297780262212858,0.00032977802622128597,0.06664682770358843
3381,User_2525,Unknown,35,0.00866765725606736,0.2603649493842285,2.4129972755555062e-06,0.0011763263465025804,0.00017559859957666843,7.54166131802457e-05,7.541661318024571e-05,0.05414403164403235
3382,User_2526,Unknown,191,0.04730064388311045,0.26301048654986,5.2843468187100493e-05,0.07523009006757181,0.0003782437940832843,0.00482365301748942,0.004823653017489421,0.41332628518268194
3383,User_2527,Unknown,4,0.0009905894006934125,0.25984555984555985,1.2268880365288735e-07,0.00062327980208923,9.631010156576722e-05,3.996319964744149e-05,3.9963199647441554e-05,0.04565811321973643
3384,User_2528,Unknown,7,0.001733531451213472,0.25989573276694344,7.974772237437679e-08,0.0006198897350272444,0.00011848061564938712,3.974577875298408e-05,3.974577875298437e-05,0.046497067002305985
3385,User_2531,Unknown,23,0.005695889053987122,0.26016364924940405,2.6898029234752174e-06,0.0015035567917327621,0.00012159330886067317,9.640138166742218e-05,9.640138166742236e-05,0.05285124470774644
3386,User_2532,Unknown,106,0.02625061911837543,0.2615623785464438,1.064377528747195e-06,0.04829875187556939,0.00020701980310587742,0.0030968532330926243,0.0030968532330926247,0.2767373588736008
3387,User_2534,Unknown,18,0.004457652303120356,0.2600798660311735,1.5867105562421703e-06,0.0007152526521983091,0.0001729951901056885,4.585968520787167e-05,4.5859685207871585e-05,0.049552880798554785
3388,User_2535,Unknown,11,0.0027241208519068845,0.2599626601429215,1.0694374051743346e-06,0.0006279850587192824,0.00019265257901193773,4.026483236073415e-05,4.026483236073407e-05,0.048514211884237955
3389,User_2536,Unknown,63,0.015601783060921248,0.26083586331632325,5.6675784993249885e-06,0.025979667734477747,0.00014545488838724953,0.0016657813174771456,0.0016657813174771469,0.1690655933877468
3390,User_2537,Unknown,95,0.02352649826646855,0.2613761408505405,9.026564558405792e-06,0.0037813960967868435,0.0003055979843883915,0.00024242529746100605,0.00024242529746100637,0.07702273414771124
3391,User_2539,Unknown,140,0.03467062902426944,0.262139703972994,2.2745646746918084e-06,0.061708094878226497,0.0002618562367400157,0.003956642289890968,0.003956642289890969,0.34295336553592637
3392,User_2540,Unknown,31,0.007677067855373947,0.26029781473602787,1.107509017045562e-05,0.0008013272963964303,0.0002507680476895441,5.137809158174659e-05,5.137809158174674e-05,0.05329892415056327
3393,User_2541,Unknown,2,0.0004952947003467063,0.25981212199202164,0.0,0.0005914305486566684,5.605737002748922e-05,3.7921081461954944e-05,3.792108146195498e-05,0.04446504107343639
3394,User_2545,Unknown,9,0.002228826151560178,0.25992919214676535,5.496653147782136e-07,0.0014942502033413743,7.154555070027437e-05,9.580866605107625e-05,9.580866605107654e-05,0.049830180320981646
3395,User_2546,Unknown,144,0.03566121842496285,0.2622077922077922,4.213965289319457e-06,0.06212835433751047,0.0002704878434694081,0.003983588727378674,0.003983588727378675,0.3455865078728722
3396,User_2548,Unknown,8,0.001981178801386825,0.2599124613800206,4.089626788429578e-08,0.0006241193993904455,0.00012452886711712818,4.001697179635545e-05,4.001697179635569e-05,0.04677547596948939
3397,User_2549,Unknown,161,0.039871223377909853,0.26249756224403564,2.7849968421145174e-06,0.07093044713355712,0.0002941755145307069,0.004547968470780145,0.004547968470780146,0.38804592929610504
3398,User_2550,Unknown,162,0.040118870728083206,0.26251462748667276,1.609734562293153e-05,0.06948434261421482,0.00031173886839756674,0.0044552444908425096,0.004455244490842508,0.3820306120858637
3399,User_2551,Unknown,158,0.0391282813273898,0.2624463798258157,1.011315539412869e-05,0.0667534339507568,0.0002941918987740536,0.00428014131865263,0.00428014131865263,0.368848356812759
3400,User_2552,Unknown,112,0.02773650321941555,0.26166407465007774,1.56934722628211e-06,0.05009432336583967,0.00021787078661933437,0.0032119828893273543,0.0032119828893273535,0.2858806766060681
3401,User_2553,Unknown,173,0.042842991579990095,0.2627024917051591,1.1627476728218924e-05,0.07411094841668746,0.000321262366480919,0.004751898081508284,0.004751898081508284,0.40459262533447937
3402,User_2554,Unknown,93,0.02303120356612184,0.2613423079412336,1.0667985366196193e-06,0.042372327676843624,0.00018646102109632845,0.0027168579658845005,0.0027168579658845018,0.24783699415712354
3403,User_2556,Unknown,131,0.03244180287270926,0.26198663465905403,2.7663959624033243e-06,0.05695212246823553,0.0002496672292098688,0.003651695420622961,0.003651695420622964,0.3200501693469895
3404,User_2557,Unknown,31,0.007677067855373947,0.26029781473602787,3.385092148382004e-06,0.001094354101706126,0.00016508986972238262,7.016202671175905e-05,7.016202671175924e-05,0.052996501956029264
3405,User_2558,Unknown,22,0.005448241703813769,0.2601468882875918,5.550792016695633e-06,0.0006821133579581703,0.0002979193569923424,4.373530909813024e-05,4.373530909813034e-05,0.05234313403951619
3406,User_2559,Unknown,165,0.04086181277860327,0.26256583653033355,3.4317290906614658e-06,0.07193988761187922,0.0003021829359025977,0.004612691118968161,0.004612691118968163,0.39331359115190734
3407,User_2560,Unknown,201,0.04977711738484398,0.2631819070585935,4.749728289739481e-05,0.0807863931577275,0.00037915784421932116,0.005179915365677618,0.005179915365677618,0.43975661333182314
3408,User_2561,Unknown,155,0.03838533927686973,0.26239521736305155,6.913939145137403e-06,0.06658631422475851,0.0002909377482958648,0.004269426628434507,0.004269426628434505,0.36759886504946543
3409,User_2562,Unknown,14,0.003467062902426944,0.26001287830006437,1.3882477297704467e-06,0.0006570850295023452,0.0001460231546125592,4.213054099172834e-05,4.2130540991728166e-05,0.04820140726281715
3410,User_2563,Unknown,110,0.027241208519068846,0.2616301671634055,1.4973735505414455e-06,0.0487439509231149,0.00021499863947426953,0.003125397847320041,0.0031253978473200403,0.27946957516132664
3411,User_2564,Unknown,188,0.04655770183259039,0.26295910393331595,9.512819413383602e-06,0.07895136708850399,0.00034392183809086246,0.005062258521377682,0.005062258521377683,0.42894571885149063
3412,User_2565,Unknown,4,0.0009905894006934125,0.25984555984555985,2.4537760730577472e-08,0.0006079483819735742,8.040977847095288e-05,3.8980145536463194e-05,3.8980145536463234e-05,0.045289271593879535
3413,User_2566,Unknown,26,0.0064388311045071814,0.26021394509601753,2.2114877074581177e-06,0.0008946486606779637,0.00016066813310521922,5.736009393377297e-05,5.73600939337733e-05,0.05128903400775296
3414,User_2568,Unknown,11,0.0027241208519068845,0.2599626601429215,3.4772372002958476e-08,0.0007935783150379207,7.308537775006844e-05,5.088046517137904e-05,5.0880465171379064e-05,0.04700216958691561
3415,User_2569,Unknown,1,0.00024764735017335313,0.2597954062922216,0.0,0.0005875782709270351,4.152690288358557e-05,3.7674084908164e-05,3.767408490816395e-05,0.044028314980843204
3416,User_2570,Unknown,21,0.005200594353640416,0.2601301294852799,4.0484476642738315e-06,0.0006775505880363932,0.00022404369641569152,4.344276788825122e-05,4.344276788825087e-05,0.05078326893943124
3417,User_2572,Unknown,19,0.0047052996532937095,0.26009661835748793,8.796122096886704e-07,0.002182469634020751,9.056793896992967e-05,0.00013993029668714506,0.00013993029668714571,0.05473370846369811
3418,User_2573,Unknown,152,0.037642397226349676,0.26234407484407485,4.622428175009072e-06,0.06696650369821083,0.0002828532551799553,0.004293803928633056,0.004293803928633056,0.3687170524738019
3419,User_2574,Unknown,103,0.025507677067855374,0.2615115601321158,1.5622735153356171e-06,0.04466953356332364,0.00020409922318406467,0.0028641520003911095,0.0028641520003911103,0.2599433680668117
3420,User_2575,Unknown,141,0.034918276374442794,0.26215672271635393,9.695920339491855e-06,0.05939912043369472,0.00026877393964170265,0.0038085930797011314,0.0038085930797011327,0.3328594196568635
3421,User_2576,Unknown,45,0.01114413075780089,0.26053293760887797,2.6871247089350603e-06,0.01639074452016512,0.00012508641688954966,0.0010509523301346101,0.0010509523301346106,0.12298951970999032
3422,User_2577,Unknown,20,0.004952947003467063,0.260113372842051,1.7634974809103257e-06,0.0006779002918497477,0.00019400161092232495,4.3465139473187555e-05,4.346513947318739e-05,0.05007210668683021
3423,User_2578,Unknown,164,0.04061416542842991,0.2625487646293888,3.236833154892345e-06,0.0719970826894994,0.0003006315610699213,0.0046163584039833495,0.004616358403983348,0.3933956915850607
3424,User_2579,Unknown,116,0.028727092620108963,0.2617319159968888,9.267120730557378e-07,0.05245104703246262,0.00022317977622561815,0.0033630921930408344,0.003363092193040835,0.2971489576741658
3425,User_2580,Unknown,6,0.0014858841010401188,0.259879006307118,2.7329717480370738e-08,0.0006533124587380811,7.548132456101789e-05,4.1888330547852134e-05,4.1888330547852296e-05,0.045690707798295815
3426,User_2581,Unknown,24,0.005943536404160475,0.26018041237113404,6.97529671866766e-06,0.0020864082786872804,0.0001645266352916543,0.0001337740290714971,0.00013377402907149757,0.05642600969067789
3427,User_2584,Unknown,15,0.003714710252600297,0.260029621997553,2.4091917253857926e-07,0.0022774778799726936,8.106934614953923e-05,0.0001460277796778011,0.0001460277796778011,0.0544000360731846
3428,User_2585,Unknown,40,0.009905894006934125,0.26044891640866874,9.826877508371544e-07,0.0008162240048201064,0.00021736782226884489,5.23335637363259e-05,5.233356373632567e-05,0.05404102233473483
3429,User_2586,Unknown,187,0.04631005448241703,0.26294198085563586,4.796326073868388e-06,0.08042309043129145,0.0003374884383724245,0.005156623169860371,0.005156623169860371,0.4352885054600059
3430,User_2587,Unknown,19,0.0047052996532937095,0.26009661835748793,1.7745251578229897e-06,0.0006659195592261563,0.00019779295336472006,4.269705253915555e-05,4.2697052539155394e-05,0.04994447507581935
3431,User_2590,Unknown,197,0.04878652798415057,0.26311331204795724,9.814358384981503e-06,0.08200217436653909,0.0003579062889407104,0.005257872108444885,0.005257872108444886,0.4442238543229379
3432,User_2591,Unknown,96,0.0237741456166419,0.2613930605903677,7.670818103006261e-07,0.0430349228348564,0.00019156058686127005,0.0027593429349696955,0.0027593429349696964,0.251345810468693
3433,User_2593,Unknown,185,0.04581475978207033,0.26290774138941336,4.948710593284079e-06,0.07912991796129493,0.00033408328387730815,0.005073706858159116,0.005073706858159117,0.42912424753925693
3434,User_2595,Unknown,3,0.0007429420505200594,0.25982883984299593,0.0,0.0005950817498392416,8.690287632186711e-05,3.8155186648828734e-05,3.815518664882885e-05,0.0452086296876172
3435,User_2596,Unknown,1,0.00024764735017335313,0.2597954062922216,0.0,0.0005875782709270351,4.152690288358557e-05,3.7674084908164e-05,3.767408490816412e-05,0.044028314980843204
3436,User_2599,Unknown,14,0.003467062902426944,0.26001287830006437,2.7194502289818057e-08,0.001435386207030546,7.534759693761468e-05,9.202910461175593e-05,9.202910461175613e-05,0.05036373778604419
3437,User_2600,Unknown,182,0.04507181773155027,0.2628563989063924,8.141744068717398e-06,0.07582899689335859,0.0003337668675753902,0.004862055234469277,0.004862055234469276,0.413854634385439
3438,User_2601,Unknown,190,0.0470529965329371,0.2629933567799922,7.5047229081355956e-06,0.08014255920378464,0.0003450685045964297,0.005138635316960367,0.005138635316960364,0.4346086934782233
3439,User_2602,Unknown,198,0.04903417533432392,0.26313045744819497,1.7202387833817157e-05,0.08149381408026045,0.00036418987435830007,0.0052252763794989835,0.005225276379498985,0.442206514834441
3440,User_2603,Unknown,68,0.016840019811788013,0.2609201344016542,1.0663023576736632e-05,0.002224583485965139,0.00024802163496387663,0.00014261723136098811,0.00014261723136098855,0.06501834155803808
3441,User_2604,Unknown,196,0.04853888063397721,0.26309616888193904,1.5016353473009553e-05,0.08207041767476013,0.0003613823406295114,0.005262247109128891,0.005262247109128891,0.4444519573384479
3442,User_2606,Unknown,75,0.018573551263001486,0.2610382054431444,3.1988592928012046e-07,0.034537959842725924,0.00015869401229696918,0.0022145279522418717,0.0022145279522418713,0.20950297693923078
3443,User_2607,Unknown,195,0.04829123328380386,0.26307902794970356,9.4624460837597e-06,0.08124537653643862,0.0003539384833033085,0.0052093469935990564,0.005209346993599058,0.44045822407114815
3444,User_2610,Unknown,51,0.01263001485884101,0.26063383463499645,1.7639147002840417e-05,0.0012984473018813158,0.00025395271703171265,8.324610567801909e-05,8.324610567801892e-05,0.05850102468616943
3445,User_2611,Unknown,207,0.0512630014858841,0.26328486666231987,3.770136741730742e-05,0.08154646584951086,0.00039311589893981,0.005228651494133111,0.00522865149413311,0.4443046445313829
3446,User_2612,Unknown,28,0.006934125804853888,0.26024748646558393,2.2631188994985132e-06,0.0009928889913902571,0.00015954315726743397,6.365759370413523e-05,6.365759370413566e-05,0.051999756601871554
3447,User_2613,Unknown,31,0.007677067855373947,0.26029781473602787,1.0744070523427023e-07,0.013919487090928873,8.905932654679762e-05,0.0008924989504066938,0.0008924989504066943,0.10917303655080793
3448,User_2614,Unknown,17,0.004210004952947003,0.2600631158626908,2.4482904328468855e-06,0.0006779609059203727,0.00018615727011065232,4.346894091680589e-05,4.3468940916805995e-05,0.0494885853312522
3449,User_2615,Unknown,185,0.04581475978207033,0.26290774138941336,6.947636157362954e-06,0.07864565125835841,0.00033686511195112474,0.005042656061545738,0.005042656061545735,0.42700194418888365
3450,User_2618,Unknown,23,0.005695889053987122,0.26016364924940405,3.7608735632102096e-06,0.0007448330177701706,0.00021810545847999416,4.775610706498257e-05,4.7756107064982444e-05,0.05126405610459634
3451,User_2619,Unknown,164,0.04061416542842991,0.2625487646293888,4.370605129800071e-06,0.07037611698356311,0.0003027278088262807,0.004512424115045154,0.004512424115045154,0.3861540694730036
3452,User_2620,Unknown,55,0.013620604259534423,0.2607011427464652,2.9358221668674884e-06,0.0009188889557563345,0.00028404842363934985,5.8915668762746354e-05,5.8915668762746055e-05,0.057941176743793066
3453,User_2621,Unknown,6,0.0014858841010401188,0.259879006307118,2.4537760730577472e-08,0.0006161421604529019,0.0001029181801003315,3.950549527965117e-05,3.950549527965141e-05,0.04604132244475913
3454,User_2622,Unknown,21,0.005200594353640416,0.2601301294852799,3.2947914278626778e-06,0.002148513107075084,0.00019368299496998832,0.0001377590654812419,0.00013775906548124173,0.05681800268406153
3455,User_2623,Unknown,130,0.032194155522535906,0.26196963799143635,5.8321915968249375e-06,0.05651649919953107,0.0002500642423650339,0.0036237621895612703,0.00362376218956127,0.31795617786857144
3456,User_2624,Unknown,188,0.04655770183259039,0.26295910393331595,2.742057500447806e-05,0.07940203475063466,0.00034827212305302,0.005091154763279024,0.005091154763279025,0.43105753955944776
3457,User_2625,Unknown,186,0.04606240713224368,0.2629248600078135,5.587701375417559e-06,0.07927393080663865,0.0003367962588455916,0.005082940598685008,0.005082940598685007,0.4299680484229272
3458,User_2626,Unknown,34,0.008420009905894007,0.26034816247582204,2.0571180001997226e-06,0.0007619416221178942,0.00019765012279644373,4.88534631294841e-05,4.885346312948393e-05,0.052553409493286116
3459,User_2627,Unknown,41,0.010153541357107478,0.26046571631297166,1.2466434833233194e-06,0.0008446073790596611,0.00021923773211830001,5.415308850008112e-05,5.4153088500081444e-05,0.05434922071919602
3460,User_2628,Unknown,28,0.006934125804853888,0.26024748646558393,1.996321415823448e-06,0.0007562065740753885,0.0002435438151099449,4.84854627679046e-05,4.8485462767904056e-05,0.052521228759363124
3461,User_2630,Unknown,173,0.042842991579990095,0.2627024917051591,4.981018412158792e-06,0.07438012362601049,0.0003166371615699262,0.0047691559722920895,0.0047691559722920895,0.4057124957873336
3462,User_2631,Unknown,116,0.028727092620108963,0.2617319159968888,4.372800673107033e-06,0.05050302228630943,0.00023007827104619966,0.0032381871429043112,0.003238187142904312,0.2885294307881051
3463,User_2632,Unknown,7,0.001733531451213472,0.25989573276694344,3.271701430743663e-08,0.0006213500541643231,0.00010222345073652276,3.9839401361e-05,3.983940136100019e-05,0.04619693947804503
3464,User_2633,Unknown,41,0.010153541357107478,0.26046571631297166,1.056468638777677e-06,0.0008116820581020347,0.0002231567367186183,5.2042556030884775e-05,5.204255603088421e-05,0.05427521658560229
3465,User_2634,Unknown,5,0.0012382367508667657,0.25986228200012873,3.0672200913221837e-07,0.0006039196460381067,9.8630737218461e-05,3.872183731689812e-05,3.872183731689802e-05,0.045760300398453316
3466,User_2637,Unknown,35,0.00866765725606736,0.2603649493842285,3.275377647655695e-06,0.0011836677833246545,0.0001782120122513916,7.58879367428386e-05,7.588793674283871e-05,0.054226593393394744
3467,User_2638,Unknown,166,0.04110946012877662,0.2625829106515802,3.159922209266239e-06,0.07250456496155076,0.0003024613578090274,0.004648898089820634,0.004648898089820631,0.3960008658941165
3468,User_2639,Unknown,37,0.009162951956414065,0.2603985296962662,1.0911861832628832e-06,0.0008109961806784991,0.00020217837777959928,5.199840882338563e-05,5.1998408823385483e-05,0.053294956868606976
3469,User_2641,Unknown,19,0.0047052996532937095,0.26009661835748793,1.269979379894994e-06,0.0008824275742146016,0.00011494714841155682,5.6576095584264924e-05,5.6576095584265e-05,0.049353955545451154
3470,User_2644,Unknown,27,0.006686478454680535,0.26023071470000647,4.6362352414034714e-06,0.0007574717410098098,0.0002452461614431162,4.8566600059519945e-05,4.8566600059520196e-05,0.05241446097986548
3471,User_2645,Unknown,54,0.01337295690936107,0.2606843124596514,2.9622989914036784e-06,0.0009004195124433154,0.0002827898717948093,5.7731701427156395e-05,5.773170142715555e-05,0.057689110791260004
3472,User_2646,Unknown,135,0.033432392273402674,0.2620546433902265,7.687559988176914e-06,0.0572335650860692,0.000260713945738202,0.0036697400397722353,0.0036697400397722375,0.3221060908322073
3473,User_2648,Unknown,48,0.01188707280832095,0.2605833763551884,2.7880188250297823e-06,0.0008708542883581299,0.00025740110722946455,5.583613692577046e-05,5.583613692577002e-05,0.05620507356328059
3474,User_2650,Unknown,18,0.004457652303120356,0.2600798660311735,3.7986124837629967e-07,0.0006853064118155245,0.00019167760805340433,4.394013632697988e-05,4.39401363269794e-05,0.049770450168543034
3475,User_2651,Unknown,7,0.001733531451213472,0.25989573276694344,3.039955912732653e-07,0.0006310955343475043,8.545083430983012e-05,4.0464031344285394e-05,4.046403134428554e-05,0.045924390170118026
3476,User_2652,Unknown,49,0.012134720158494303,0.2606001936108422,4.511790448049674e-07,0.0018632204876579555,0.0001776850447626359,0.00011945170818286592,0.00011945170818286632,0.059303143802210474
3477,User_2654,Unknown,151,0.037394749876176324,0.2623270317676866,2.174733385192129e-06,0.06686723455603072,0.0002782232568941257,0.004287440055890403,0.004287440055890402,0.36803762662989775
3478,User_2655,Unknown,168,0.041604754829123326,0.26261706555671177,3.771215321406496e-06,0.07339141387266629,0.000306225622088067,0.004705762156190923,0.004705762156190924,0.40034687873047314
3479,User_2656,Unknown,16,0.00396235760277365,0.2600463678516229,1.9756880790830868e-06,0.0006715408537856656,0.00015761040182439285,4.30572958657333e-05,4.305729586573328e-05,0.04877576398347927
3480,User_2657,Unknown,52,0.012877662209014363,0.2606506584043377,2.0177045737209544e-06,0.000865317188708589,0.0002742516846407769,5.548140715609827e-05,5.548140715609809e-05,0.05707934923363661
3481,User_2658,Unknown,36,0.008915304606240713,0.2603817384575703,9.164217283649537e-07,0.0007939316528306812,0.0001991679862992922,5.090425836454711e-05,5.0904258364546824e-05,0.05301610308246407
3482,User_2659,Unknown,58,0.014363546310054482,0.2607516466485858,4.058937958143192e-05,0.0008980025903197885,0.00035514696950222793,5.7576855366916605e-05,5.757685536691628e-05,0.0596359033884146
3483,User_3438,Unknown,24,0.005943536404160475,0.2395444029186688,3.056452353126339e-06,2.360510712408178e-09,0.0002469423623809964,7.638725294423048e-11,7.638725268905939e-11,0.038132880867486584
3484,User_3439,Unknown,9,0.002228826151560178,0.23933143669985776,3.1490126270907745e-07,6.558630568782689e-10,0.00021008250906591705,3.1759852921712655e-11,3.1759852863095154e-11,0.0352760985014621
3485,User_3441,Unknown,6,0.0014858841010401188,0.23928888888888888,3.05699602435111e-07,6.437707469900509e-10,0.000135963183134987,3.121447420308337e-11,3.1214474126212826e-11,0.03344581348085816
3486,User_3442,Unknown,45,0.01114413075780089,0.2398431931575196,2.123850968532e-05,8.516677301893224e-10,0.0005605586259375686,4.003651383153298e-11,4.0036513344754315e-11,0.047079520287732886
3487,User_3443,Unknown,22,0.005448241703813769,0.23951598552701822,3.575816063473659e-06,7.320434578277057e-10,0.0002816762942974772,3.5053193502464827e-11,3.505319350959174e-11,0.03850015001336637
3488,User_3444,Unknown,5,0.0012382367508667657,0.23927470964683575,3.067220091322184e-08,1.0325578799097834e-09,0.00012507400957268276,5.5054190566696534e-11,5.5054190652941494e-11,0.033096288054740075
3489,User_3445,Unknown,7,0.001733531451213472,0.2393030698115444,0.0,6.504721157511762e-10,0.00012909437883940072,3.1477443388473634e-11,3.147744338396406e-11,0.033460184819878565
3490,User_3446,Unknown,11,0.0027241208519068845,0.23935981031416717,3.2775437547271336e-07,6.655067288427029e-10,0.00022898454539060567,3.2197261658348925e-11,3.219726090846588e-11,0.035920742426188916
3491,User_3447,Unknown,6,0.0014858841010401188,0.23928888888888888,1.730788480103232e-07,6.430611906573624e-10,0.0001420177245627784,3.1184534447070974e-11,3.118453436778173e-11,0.03355998607262206
3492,User_3448,Unknown,47,0.011639425458147598,0.2398716882499703,8.7137850078338e-06,4.131440988209197e-09,0.0004260322763815385,1.240790641612303e-10,1.2407906379891508e-10,0.044826255677206654
3493,User_3449,Unknown,45,0.01114413075780089,0.2398431931575196,6.673852441423372e-06,5.056266155250776e-09,0.0004189648066230524,1.476107992576042e-10,1.4761079886006428e-10,0.04440419557115487
3494,User_3450,Unknown,18,0.004457652303120356,0.2394591709660203,2.994794121697634e-07,8.809123046153492e-10,0.00018391544809238507,3.816540649788541e-11,3.8165406390456236e-11,0.036078845833455934
3495,User_3451,Unknown,1,0.00024764735017335313,0.239218009478673,0.0,6.211378354410986e-10,4.899249878961015e-05,3.019504127058847e-11,3.0195041337340794e-11,0.031084960672867028
3496,User_3452,Unknown,16,0.00396235760277365,0.23943077379187666,4.2773146876367973e-07,1.031484703054233e-09,0.00017174489928149672,4.1671720570851346e-11,4.167172069006536e-11,0.03556121416287546
3497,User_3453,Unknown,1,0.00024764735017335313,0.239218009478673,0.0,6.211378354410986e-10,4.899249878961015e-05,3.019504127058847e-11,3.0195041175684234e-11,0.031084960672867024
3498,User_3455,Unknown,38,0.009410599306587419,0.23974351362583862,8.930828814643797e-06,9.957456569019053e-10,0.00045225933693327045,4.3196496136413835e-11,4.319649495546047e-11,0.044024468754948136
3499,User_3457,Unknown,6,0.0014858841010401188,0.23928888888888888,1.1856565533340507e-07,8.978935253709007e-10,9.454434768414215e-05,3.758965045470664e-11,3.7589650250494066e-11,0.03266443940936855
3500,User_3458,Unknown,20,0.004952947003467063,0.23948757487693495,9.224948226240145e-07,7.184148210185618e-10,0.00023368084174237575,3.4517575804862746e-11,3.4517575711161394e-11,0.037305888140957214
3501,User_3459,Unknown,15,0.003714710252600297,0.23941657773034508,2.194726542430047e-06,6.93956663815259e-10,0.000208940370379451,3.334947044819276e-11,3.334947028215917e-11,0.03611934670647249
3502,User_3460,Unknown,28,0.006934125804853888,0.23960125793627246,5.406459307267185e-06,7.59872646937023e-10,0.0003345399741594678,3.6312793430150125e-11,3.6312793150889116e-11,0.04036220845444425
3503,User_3461,Unknown,8,0.001981178801386825,0.23931725241510104,1.74295998840213e-07,1.0895092473748553e-09,0.0001098374788597976,4.2725772699523424e-11,4.272577272186998e-11,0.03324101357113875
3504,User_3462,Unknown,20,0.004952947003467063,0.23948757487693495,7.465766202372158e-07,1.2756291599519218e-09,0.00020450802016752553,4.833361132390909e-11,4.8333611250248204e-11,0.03675552529712168
3505,User_3463,Unknown,24,0.005943536404160475,0.2395444029186688,2.314740252740422e-06,1.1294594650804583e-09,0.0002751251571620051,5.918295828077857e-11,5.918295832265048e-11,0.03866429400741876
3506,User_3464,Unknown,31,0.007677067855373947,0.2396439169139466,8.408720774769229e-06,8.048980873457643e-10,0.0003775086234679285,3.772399625063984e-11,3.772399611991624e-11,0.04160581781839033
3507,User_3465,Unknown,16,0.00396235760277365,0.23943077379187666,6.853495442148468e-08,6.934420686812199e-10,0.00025279271796691964,3.337084094835707e-11,3.337084106672468e-11,0.0370899811891926
3508,User_3466,Unknown,26,0.0064388311045071814,0.23957282705428656,5.115551406917498e-06,7.516092485077586e-10,0.00032337886729045005,3.58974369484958e-11,3.589743670607339e-11,0.03986347660930935
3509,User_3467,Unknown,3,0.0007429420505200594,0.23924635620334161,0.0,8.327799568797649e-10,6.898230907944106e-05,3.581851158691706e-11,3.581851155893324e-11,0.03175010728813687
3510,User_3468,Unknown,29,0.007181773155027241,0.2396154759079041,7.894786532285654e-06,7.635288091812449e-10,0.0003447200485825834,3.644219266033829e-11,3.6442192576498795e-11,0.04069903690928579
3511,User_3469,Unknown,28,0.006934125804853888,0.23960125793627246,4.181292134757801e-06,9.462450007712671e-10,0.0003378397166611553,4.123723622213446e-11,4.123723610678383e-11,0.040424090604294256
3512,User_3470,Unknown,16,0.00396235760277365,0.23943077379187666,2.3212813599284467e-06,7.190284956181651e-10,0.00021220154074654964,3.400232723143643e-11,3.400232714536538e-11,0.036324944708216116
3513,User_3471,Unknown,25,0.006191183754333828,0.23955861414333174,2.417495702653586e-06,1.7271406337650476e-09,0.00024907953741791993,6.01480951337623e-11,6.014809530536249e-11,0.03831705431517625
3514,User_3472,Unknown,15,0.003714710252600297,0.23941657773034508,2.1880831119003576e-07,7.028042836582182e-10,0.00020611724346571717,3.353650187109787e-11,3.353650197532751e-11,0.03606550422060172
3515,User_3473,Unknown,17,0.004210004952947003,0.2394449715370019,3.4023127797983776e-07,6.952642596347964e-10,0.0002683571769062995,3.349221862120882e-11,3.3492217973139784e-11,0.03752771064989302
3516,User_3474,Unknown,18,0.004457652303120356,0.2394591709660203,1.8091057523484394e-06,7.363321644531975e-10,0.0002289019189434057,3.472259554828916e-11,3.472259589969242e-11,0.03692791275537023
3517,User_3475,Unknown,32,0.0079247152055473,0.2396581399489584,4.565450995420736e-06,2.0502197251579844e-09,0.0003056127278087596,6.895442455818577e-11,6.895442419621898e-11,0.04039250017025962
3518,User_3476,Unknown,15,0.003714710252600297,0.23941657773034508,8.265764912768245e-07,6.870144370636181e-10,0.00023753635747712329,3.3116183332017345e-11,3.3116183662348084e-11,0.036658370635146785
3519,User_3477,Unknown,6,0.0014858841010401188,0.23928888888888888,2.596913010652782e-07,1.0221850622304024e-09,0.00011793710067618682,4.099097650317457e-11,4.099097655740575e-11,0.03310575932924723
3520,User_3478,Unknown,17,0.004210004952947003,0.2394449715370019,5.47979007628439e-07,6.955664308754201e-10,0.0002575193730885016,3.35126396111952e-11,3.351263987343141e-11,0.037323329599901936
3521,User_3479,Unknown,15,0.003714710252600297,0.23941657773034508,8.404979730765984e-08,8.96131829115574e-10,0.00023239634391977106,3.8449060456621586e-11,3.844906046036745e-11,0.03656118994914558
3522,User_3480,Unknown,25,0.006191183754333828,0.23955861414333174,2.0253519419359593e-06,2.7751203321231773e-09,0.0002552230711493843,8.723280251261915e-11,8.723280250384066e-11,0.03843283132625534
3523,User_3481,Unknown,14,0.003467062902426944,0.23940238335210767,7.52863113324536e-08,8.90158224911838e-10,0.0002189304427795677,3.82151483171817e-11,3.8215148353388885e-11,0.036163127256024295
3524,User_3482,Unknown,13,0.0032194155522535907,0.23938819065686506,1.2823458543416686e-06,6.910063020049291e-10,0.0001888694036775349,3.3024380432901853e-11,3.3024380337772593e-11,0.03545237799840851
3525,User_3483,Unknown,13,0.0032194155522535907,0.23938819065686506,1.5777328697453499e-06,6.802802907484662e-10,0.00018823798447831957,3.279698228007163e-11,3.279698233580891e-11,0.03544055478634082
3526,User_3484,Unknown,15,0.003714710252600297,0.23941657773034508,1.5445308676456954e-06,1.422566619633993e-09,0.00017043822139746752,5.157624528525161e-11,5.1576245204828e-11,0.035392856196937474
3527,User_3485,Unknown,19,0.0047052996532937095,0.23947337207923142,1.2338825473363774e-06,8.389259483928948e-10,0.00019649513740972185,3.699218136492745e-11,3.6992181075129447e-11,0.03646046962278456
3528,User_3486,Unknown,30,0.007429420505200594,0.23962969556702865,2.3462318571213636e-06,7.742910792973483e-10,0.00033133530389976764,3.6978442049549595e-11,3.697844206055476e-11,0.04058895345047249
3529,User_3488,Unknown,47,0.011639425458147598,0.2398716882499703,5.228537734526166e-06,1.6129056515548783e-09,0.00041884170537655825,5.887389256471678e-11,5.887389231586187e-11,0.044689570777915064
3530,User_3489,Unknown,5,0.0012382367508667657,0.23927470964683575,0.0,6.40028287829923e-10,0.00011640832043702793,3.10194131378796e-11,3.1019413212963455e-11,0.032932808878579814
3531,User_3490,Unknown,15,0.003714710252600297,0.23941657773034508,1.515060667013572e-06,6.826409228181215e-10,0.0003040732872651977,3.297200668805202e-11,3.297200645362924e-11,0.037913718638304485
3532,User_3491,Unknown,23,0.005695889053987122,0.23953019337999762,1.3983048466866596e-06,1.9923322879321857e-09,0.00023010946555597744,6.66640518281676e-11,6.666405180695775e-11,0.03767080459939479
3533,User_3492,Unknown,9,0.002228826151560178,0.23933143669985776,3.7934165364645895e-07,1.2742188189681121e-09,0.00012252309135805424,4.783310637944939e-11,4.783310639990294e-11,0.03362441073480294
3534,User_3493,Unknown,19,0.0047052996532937095,0.23947337207923142,5.25880572740395e-07,7.152120178500156e-10,0.00022402220739003336,3.4343053245029534e-11,3.4343053273271755e-11,0.03697952562168679
3535,User_3494,Unknown,4,0.0009905894006934125,0.2392605320850862,1.0633029649916904e-07,6.359618928799391e-10,8.408168555372206e-05,3.085340940110944e-11,3.085340928443573e-11,0.03217900270276943
3536,User_3496,Unknown,19,0.0047052996532937095,0.23947337207923142,5.595534481202379e-06,2.2718182033014705e-09,0.0002508843323833592,1.0227821859634613e-10,1.0227821888214936e-10,0.037487761690637854
3537,User_3497,Unknown,24,0.005943536404160475,0.2395444029186688,1.4465598640698622e-06,9.473771404723422e-10,0.0002369593261679496,4.0093267218039135e-11,4.0093266787024386e-11,0.037944079840358934
3538,User_3498,Unknown,18,0.004457652303120356,0.2394591709660203,1.774972519357967e-07,7.200444339918219e-10,0.0002234292604889087,3.429917185228705e-11,3.4299171448554365e-11,0.03682419217383203
3539,User_3499,Unknown,21,0.005200594353640416,0.2395017793594306,3.0276626893507664e-06,7.237063750414089e-10,0.00027115821382937795,3.4667741248590796e-11,3.466774110018259e-11,0.03815752824250721
3540,User_3500,Unknown,20,0.004952947003467063,0.23948757487693495,1.3631779474554016e-06,7.096593138092529e-10,0.0002949440953741191,3.414012476239696e-11,3.4140124924019556e-11,0.038461680566923964
3541,User_3502,Unknown,8,0.001981178801386825,0.23931725241510104,2.0448133942147894e-07,8.540632326260653e-10,0.00016181762413244264,3.678456027105657e-11,3.67845608249814e-11,0.034221568100702225
3542,User_3503,Unknown,13,0.0032194155522535907,0.23938819065686506,9.437991239774292e-07,7.989494063463545e-10,0.00016443606514900323,3.5580629461212577e-11,3.558062952309721e-11,0.034991370551668406
3543,User_3504,Unknown,8,0.001981178801386825,0.23931725241510104,7.095502477925319e-07,1.6344372046155036e-09,0.00015783705167674735,8.493381263015432e-11,8.493381262705873e-11,0.034146632712407074
3544,User_3505,Unknown,25,0.006191183754333828,0.23955861414333174,4.883068859268213e-06,7.668744010980962e-10,0.00032501536615653955,3.6191012390738966e-11,3.619101238458998e-11,0.039750227614500915
3545,User_3506,Unknown,48,0.01188707280832095,0.23988593833541258,1.8594368664625993e-05,8.580485256235843e-10,0.0005305926468414514,4.0746529630874834e-11,4.0746529746958777e-11,0.0469456660272116
3546,User_3507,Unknown,9,0.002228826151560178,0.23933143669985776,5.912431871272475e-07,6.624788232178907e-10,0.0001408929418561484,3.198568384200648e-11,3.198568399396374e-11,0.03397099836543095
3547,User_3508,Unknown,24,0.005943536404160475,0.2395444029186688,6.211202565983251e-06,7.424073062772127e-10,0.0003263341123669874,3.5349088420623697e-11,3.534908844943265e-11,0.03963144928982416
3548,User_3509,Unknown,22,0.005448241703813769,0.23951598552701822,8.161573245953487e-07,7.313299219968548e-10,0.00024972529055960617,3.505805338012518e-11,3.505805300972352e-11,0.03789661030823237
3549,User_3510,Unknown,20,0.004952947003467063,0.23948757487693495,1.6242935703379789e-06,7.211471627282606e-10,0.00024960061358971907,3.4501713267914854e-11,3.450171305628238e-11,0.03760640513586682
3550,User_3511,Unknown,22,0.005448241703813769,0.23951598552701822,7.885085074132448e-06,7.367526518753718e-10,0.00029999512055793717,3.556199333100123e-11,3.5561993154537124e-11,0.038846994956719054
3551,User_3512,Unknown,13,0.0032194155522535907,0.23938819065686506,1.1955617685351413e-06,1.3637220406589645e-09,0.0001568205676856742,5.015546300893895e-11,5.015546367293597e-11,0.03484778924830996
3552,User_3513,Unknown,6,0.0014858841010401188,0.23928888888888888,9.201660273966552e-08,6.429859004749017e-10,0.00014833834417768971,3.117823335584856e-11,3.1178233330571626e-11,0.033679193256372815
3553,User_3514,Unknown,41,0.010153541357107478,0.23978622327790974,4.629031680936958e-06,1.9209455322152143e-09,0.00037055554965687883,6.643956570383717e-11,6.643956569678855e-11,0.0429141312996034
3554,User_3515,Unknown,11,0.0027241208519068845,0.23935981031416717,1.0171530315252887e-06,6.783566677613966e-10,0.0001594518310274137,3.285425749227509e-11,3.285425744473331e-11,0.03460929204076162
3555,User_3516,Unknown,14,0.003467062902426944,0.23940238335210767,5.151867512697001e-08,8.90238700080027e-10,0.00021867271599389725,3.821797978157907e-11,3.821797991997518e-11,0.03615825846818764
3556,User_3518,Unknown,33,0.008172362555720653,0.23967236467236466,1.4172268754198693e-06,1.2721040788167222e-09,0.0003033448497047277,4.911280271064642e-11,4.911280254841173e-11,0.04049283777815844
3557,User_3519,Unknown,17,0.004210004952947003,0.2394449715370019,6.247241976479074e-07,6.988605041627184e-10,0.00026286933865667,3.360878044730725e-11,3.3608780307189483e-11,0.037424273427253275
3558,User_3520,Unknown,10,0.0024764735017335313,0.23934562266611345,5.634593437128058e-07,1.1167639817233604e-09,0.000132767450426019,4.373391616006303e-11,4.373391610092454e-11,0.03396175012474265
3559,User_3521,Unknown,58,0.014363546310054482,0.24002853236640315,5.168605631457347e-05,2.2707854850398513e-09,0.0006627279128844715,7.790236127074294e-11,7.790236056083249e-11,0.05088883113183274
3560,User_3522,Unknown,9,0.002228826151560178,0.23933143669985776,5.590617191849625e-07,1.2083902026327966e-09,0.00013739483845464913,4.632432610273768e-11,4.632432611868998e-11,0.03390500255206882
3561,User_3523,Unknown,14,0.003467062902426944,0.23940238335210767,7.52863113324536e-08,8.90158224911838e-10,0.0002189304427795677,3.82151483171817e-11,3.821514834799718e-11,0.036163127256024295
3562,User_3524,Unknown,16,0.00396235760277365,0.23943077379187666,1.481042407818908e-06,6.952993215051189e-10,0.00020700007040289154,3.348671837172731e-11,3.3486718461744093e-11,0.03622657503851302
3563,User_3526,Unknown,30,0.007429420505200594,0.23962969556702865,1.1573092603994405e-05,1.0212943276413097e-09,0.0003528974904275522,4.289941714125287e-11,4.289941723064709e-11,0.040998443294560996
3564,User_3527,Unknown,23,0.005695889053987122,0.23953019337999762,6.186712101119859e-07,1.1636229114542897e-09,0.00022155380242069013,4.550984341339664e-11,4.5509843257725025e-11,0.03750917775487482
3565,User_3528,Unknown,36,0.008915304606240713,0.23971504897595725,2.371631114770884e-06,1.1067581692917898e-09,0.0003291596335609958,4.504319581888839e-11,4.5043195655287314e-11,0.04141226248484913
3566,User_3529,Unknown,35,0.00866765725606736,0.23970081918556335,9.288181864653828e-06,7.981955356888548e-10,0.0004066867872891838,3.7962676958678746e-11,3.796267660027233e-11,0.0427327201795332
3567,User_3530,Unknown,8,0.001981178801386825,0.23931725241510104,6.89102113850384e-07,1.4521042872644309e-09,0.0001656715450104625,8.037771496739748e-11,8.037771465593303e-11,0.03429441493317399
3568,User_3531,Unknown,9,0.002228826151560178,0.23933143669985776,2.8744233998676464e-07,6.568325987302737e-10,0.00019120908862700032,3.180542622470226e-11,3.180542613007519e-11,0.03492006477982144
3569,User_3532,Unknown,15,0.003714710252600297,0.23941657773034508,1.7880933030215244e-06,6.935472597179994e-10,0.00020831504746075265,3.3304350469462965e-11,3.3304350401344945e-11,0.03610742980841495
3570,User_3533,Unknown,15,0.003714710252600297,0.23941657773034508,1.2075893515921738e-06,1.9153611969071124e-09,0.00018861423306934622,6.455227410958193e-11,6.455227393474935e-11,0.03573562710914334
3571,User_3534,Unknown,23,0.005695889053987122,0.23953019337999762,4.211942672956404e-06,7.364152866841398e-10,0.00028269855804963207,3.5224240965877935e-11,3.522424077301501e-11,0.03866367102049043
3572,User_3535,Unknown,19,0.0047052996532937095,0.23947337207923142,2.695565553763184e-06,7.112976246908732e-10,0.00024968680423426484,3.4155205282380035e-11,3.4155205197271454e-11,0.03746430401340042
3573,User_3536,Unknown,11,0.0027241208519068845,0.23935981031416717,1.4785461421168795e-06,6.646718661460343e-10,0.0002489944727298302,3.2162611700016253e-11,3.216261142871678e-11,0.03629854902044207
3574,User_3537,Unknown,4,0.0009905894006934125,0.2392605320850862,1.0224066971073946e-07,6.340633922686974e-10,0.00010154338977089438,3.077858529765759e-11,3.077858546907485e-11,0.032508396625096574
3575,User_3538,Unknown,20,0.004952947003467063,0.23948757487693495,1.7387876294034449e-06,7.081963031813337e-10,0.0003172941099059324,3.4076025019030046e-11,3.4076025087370067e-11,0.0388833997759445
3576,User_3539,Unknown,10,0.0024764735017335313,0.23934562266611345,1.482635768905309e-06,6.647828290721447e-10,0.00017487681266625552,3.219016823117492e-11,3.2190168140001625e-11,0.0347563672941643
3577,User_3541,Unknown,12,0.0029717682020802376,0.239373999644318,5.126332879902113e-08,6.730928066429323e-10,0.00019734156296700748,3.249412109355851e-11,3.249412156768957e-11,0.035467790090341955
3578,User_3542,Unknown,33,0.008172362555720653,0.23967236467236466,5.305966524855879e-06,1.052836320258072e-09,0.0003149871525461041,4.341387967802782e-11,4.3413879054377715e-11,0.040713612070229006
3579,User_3543,Unknown,10,0.0024764735017335313,0.23934562266611345,8.702535307403911e-07,7.099390494669614e-10,0.00013307091487801788,3.3301584616066905e-11,3.33015845236891e-11,0.033967564748632544
3580,User_3544,Unknown,5,0.0012382367508667657,0.23927470964683575,2.8627387519007044e-07,8.282029804541957e-10,0.00011703289383490546,3.59773001521558e-11,3.597729960850005e-11,0.032944676365768644
3581,User_3545,Unknown,83,0.02055473006438831,0.24038576020954874,4.346068531524042e-05,4.535937360367029e-09,0.0007271573982528108,1.3678544833941894e-10,1.3678544767351547e-10,0.05570401267280287
3582,User_3546,Unknown,16,0.00396235760277365,0.23943077379187666,2.7929229802982283e-06,6.867785765324995e-10,0.0003355630170176036,3.315968923401711e-11,3.3159689254611776e-11,0.03865215846210306
3583,User_3547,Unknown,13,0.0032194155522535907,0.23938819065686506,2.3367760451297905e-06,1.6774026329711428e-09,0.00018466073676274896,7.258207810064188e-11,7.25820780903813e-11,0.03537330309947021
3584,User_3548,Unknown,8,0.001981178801386825,0.23931725241510104,5.322357148941923e-07,1.0537562334269934e-09,0.0001378825023405378,4.1999488585432463e-11,4.1999488430060104e-11,0.03377015729640751
3585,User_3549,Unknown,15,0.003714710252600297,0.23941657773034508,1.5953926217862956e-06,6.900247381419634e-10,0.00030248292919549086,3.341270154831421e-11,3.34127018178886e-11,0.03788374226043776
3586,User_3551,Unknown,9,0.002228826151560178,0.23933143669985776,6.829676736677396e-07,2.030885519048431e-09,0.00017292968556456375,1.0915904046836992e-10,1.0915904050740885e-10,0.03457536793800914
3587,User_3552,Unknown,7,0.001733531451213472,0.2393030698115444,7.605200985452971e-08,1.2353615688379673e-09,0.00010219188829290642,4.656531785874604e-11,4.656531790064256e-11,0.03295272419394157
3588,User_3553,Unknown,33,0.008172362555720653,0.23967236467236466,7.614935588906198e-06,8.034155567696399e-10,0.000404402474949639,3.7695983545041633e-11,3.769598325755242e-11,0.042401016009680145
3589,User_3554,Unknown,21,0.005200594353640416,0.2395017793594306,2.6002198457355355e-06,8.849756507934109e-10,0.0002622784504008669,3.902958138432548e-11,3.9029581682445005e-11,0.03798989499518451
3590,User_3555,Unknown,20,0.004952947003467063,0.23948757487693495,4.582201090281436e-06,7.505534286341328e-10,0.00025583763383358856,3.5461218533229753e-11,3.546121842255421e-11,0.037724938882169164
3591,User_3557,Unknown,31,0.007677067855373947,0.2396439169139466,1.3456646032582575e-06,1.2501227071377895e-09,0.00028499375399608084,4.8380513994209495e-11,4.838051384423389e-11,0.03985853159931657
3592,User_3558,Unknown,38,0.009410599306587419,0.23974351362583862,9.223667700323765e-06,8.135945096760771e-10,0.00041724736450244725,3.8735764505078935e-11,3.873576434549403e-11,0.043364094386484406
3593,User_3559,Unknown,27,0.006686478454680535,0.2395870416518334,4.567043147295754e-06,1.1067916045799766e-09,0.00027248142908683164,4.4579349307826336e-11,4.4579349297949495e-11,0.03904724378161221
3594,User_3560,Unknown,3,0.0007429420505200594,0.23924635620334161,0.0,8.249066447006374e-10,8.139116192571873e-05,3.564045457338162e-11,3.5640454604593376e-11,0.03198418613144492
3595,User_3562,Unknown,15,0.003714710252600297,0.23941657773034508,8.404979730765984e-08,8.96131829115574e-10,0.00023239634391977106,3.844906045557612e-11,3.844906063012418e-11,0.03656118994914558
3596,User_3563,Unknown,17,0.004210004952947003,0.2394449715370019,1.5594947459215159e-06,2.2868078411569856e-09,0.0001876985213890036,7.44161297472019e-11,7.441613021483588e-11,0.03600654384005659
3597,User_3564,Unknown,17,0.004210004952947003,0.2394449715370019,2.1813378833012596e-06,7.049464025459291e-10,0.00023268698238614578,3.3786254270796543e-11,3.378625380491042e-11,0.0368553804785259
3598,User_3565,Unknown,4,0.0009905894006934125,0.2392605320850862,0.0,8.305311230892288e-10,9.219297396998664e-05,3.5841660412228913e-11,3.58416607334622e-11,0.03233198182475663
3599,User_3566,Unknown,9,0.002228826151560178,0.23933143669985776,1.3700249741239088e-06,1.835369636927282e-09,0.00016730080447929216,1.0339502405620108e-10,1.033950238460887e-10,0.03446938921191102
3600,User_3567,Unknown,14,0.003467062902426944,0.23940238335210767,9.912612543330409e-08,6.821030623917302e-10,0.0002250371406390596,3.289922778946893e-11,3.289922783418063e-11,0.03627832967750106
3601,User_3568,Unknown,35,0.00866765725606736,0.23970081918556335,1.1598089243427103e-05,8.000559768865736e-10,0.00040908872884347537,3.7925155016852635e-11,3.792515471787969e-11,0.04277871680110762
3602,User_3569,Unknown,26,0.0064388311045071814,0.23957282705428656,1.0167718315110513e-06,7.560718061468147e-10,0.0002876821074634497,3.61607283038018e-11,3.6160728279868244e-11,0.03918887938720034
3603,User_3570,Unknown,1,0.00024764735017335313,0.239218009478673,0.0,6.211378354410986e-10,4.899249878961015e-05,3.019504127058847e-11,3.0195041232155176e-11,0.031084960672867028
3604,User_3571,Unknown,17,0.004210004952947003,0.2394449715370019,6.761366487024505e-07,6.973599548928994e-10,0.00027400699730418946,3.354938686608357e-11,3.354938712818885e-11,0.03763438794101757
3605,User_3572,Unknown,8,0.001981178801386825,0.23931725241510104,0.0,6.574862323987147e-10,0.00011573466337593438,3.180262483934893e-11,3.1802624965330624e-11,0.03335220425956686
3606,User_3573,Unknown,22,0.005448241703813769,0.23951598552701822,3.2300337894927526e-06,1.5936406710762986e-09,0.00022974428224616997,5.6853809201422445e-11,5.6853809268272274e-11,0.03752041131405875
3607,User_3574,Unknown,15,0.003714710252600297,0.23941657773034508,4.082273975760103e-07,1.1738221747294657e-09,0.00016337966969576432,4.5597671572526045e-11,4.5597671530296756e-11,0.035259366192887
3608,User_3575,Unknown,3,0.0007429420505200594,0.23924635620334161,0.0,8.069185483410741e-10,6.919041329220904e-05,3.5225772683988565e-11,3.522577255791226e-11,0.0317540328704734
3609,User_3576,Unknown,42,0.010401188707280832,0.2398004632104044,6.543862209974508e-06,2.0825378798506486e-09,0.0003878883275465559,7.089792703964449e-11,7.089792684829498e-11,0.04338572843774001
3610,User_3578,Unknown,24,0.005943536404160475,0.2395444029186688,8.896009714963088e-07,1.5542854725191847e-09,0.00022981221234060875,5.570171595871305e-11,5.570171585215121e-11,0.037809093740296215
3611,User_3579,Unknown,16,0.00396235760277365,0.23943077379187666,6.853495442148468e-08,6.934420686812199e-10,0.00025279271796691964,3.337084094877964e-11,3.3370840998109496e-11,0.0370899811891926
3612,User_3580,Unknown,9,0.002228826151560178,0.23933143669985776,3.4878674181320835e-07,6.56209414860595e-10,0.00019782167518963035,3.1777980530388806e-11,3.177798086736344e-11,0.03504482192263863
3613,User_3581,Unknown,12,0.0029717682020802376,0.239373999644318,1.8987552946280185e-08,6.87544272743359e-10,0.00019525990673928588,3.2792560371352896e-11,3.279256046864254e-11,0.03542851245864884
3614,User_3582,Unknown,3,0.0007429420505200594,0.23924635620334161,0.0,6.318539655035129e-10,7.102098608158431e-05,3.0648241911016975e-11,3.0648242180427594e-11,0.03178856406344435
3615,User_3583,Unknown,10,0.0024764735017335313,0.23934562266611345,1.1582863516003515e-06,6.699747215796168e-10,0.00015953148416709566,3.2348582961333565e-11,3.234858327457646e-11,0.03446679875169529
3616,User_3584,Unknown,49,0.012134720158494303,0.23990019011406843,2.3901915978818853e-05,8.635993398562498e-10,0.0005542182672670158,4.097002519997051e-11,4.097002505938668e-11,0.04753698469619388
3617,User_3585,Unknown,8,0.001981178801386825,0.23931725241510104,2.4070374811899804e-07,6.521840364306664e-10,0.00017542292972574038,3.1595801427803944e-11,3.159580138135346e-11,0.03447822690551264
3618,User_3587,Unknown,17,0.004210004952947003,0.2394449715370019,3.122899209285868e-07,6.956226591216407e-10,0.00025716128300061274,3.351502457231048e-11,3.351502467914212e-11,0.0373165045688631
3619,User_3588,Unknown,4,0.0009905894006934125,0.2392605320850862,3.067220091322184e-08,6.370169655319612e-10,8.373185886649043e-05,3.086949033974389e-11,3.086949037150489e-11,0.03217238113041935
3620,User_3589,Unknown,2,0.0004952947003467063,0.2392321820013034,0.0,7.854626912448262e-10,6.275007359399873e-05,3.463381247510204e-11,3.4633812482272196e-11,0.031488512191726374
3621,User_3590,Unknown,27,0.006686478454680535,0.2395870416518334,3.68757654618545e-06,9.64851621087115e-10,0.0003177148332021717,4.1390230665956205e-11,4.139023031739214e-11,0.03990025856092056
3622,User_3591,Unknown,19,0.0047052996532937095,0.23947337207923142,4.809739496192983e-07,7.189618578467678e-10,0.00022129455960802423,3.453879072238789e-11,3.4538790929888505e-11,0.03692805831977471
3623,User_3593,Unknown,47,0.011639425458147598,0.2398716882499703,1.667678517599069e-05,8.585932166657631e-10,0.0005088418042644506,4.07239987684113e-11,4.072399874663869e-11,0.046390721613166826
3624,User_3594,Unknown,12,0.0029717682020802376,0.239373999644318,1.8987552946280185e-08,8.78350152515766e-10,0.0001915196447400073,3.775256059770841e-11,3.775256074462653e-11,0.035357957197126276
3625,User_3595,Unknown,14,0.003467062902426944,0.23940238335210767,1.1027965303811201e-07,6.82043097712822e-10,0.00022533719299533666,3.289674788866047e-11,3.289674795088338e-11,0.036283993138873774
3626,User_3596,Unknown,86,0.02129767211490837,0.24042869901756475,5.1253069135853684e-05,5.741316092069212e-09,0.0007657185486816221,1.6895936336711416e-10,1.689593626140402e-10,0.056866048901180286
3627,User_3597,Unknown,3,0.0007429420505200594,0.23924635620334161,0.0,6.426903414757672e-10,6.929361250309546e-05,3.0921382407652194e-11,3.0921382343078127e-11,0.03175597915899709
3628,User_3598,Unknown,11,0.0027241208519068845,0.23935981031416717,1.3700249741239088e-07,6.802015233154664e-10,0.00016463525282146824,3.258265769496955e-11,3.258265788571204e-11,0.034706809706978425
3629,User_3599,Unknown,33,0.008172362555720653,0.23967236467236466,3.1320204805276465e-06,7.849809197255768e-10,0.00038837045281860013,3.731458751966822e-11,3.7314587663409634e-11,0.042097257380108256
3630,User_3600,Unknown,7,0.001733531451213472,0.2393030698115444,6.441162191776586e-07,1.2112806739248083e-09,0.00012125972688424686,5.966672609553077e-11,5.966672606844163e-11,0.0333125866927969
3631,User_3601,Unknown,21,0.005200594353640416,0.2395017793594306,2.6680136849774974e-06,7.482713275812607e-10,0.0002560359449485501,3.5334591682618435e-11,3.533459180793261e-11,0.03787215702371287
3632,User_3602,Unknown,17,0.004210004952947003,0.2394449715370019,1.7158795390057443e-06,7.028998269993468e-10,0.00021774637938870613,3.376539905348364e-11,3.3765398775468166e-11,0.03657340465064157
3633,User_3603,Unknown,9,0.002228826151560178,0.23933143669985776,1.157604066212072e-07,9.317776194392437e-10,0.00011316465779268348,3.869176915866091e-11,3.869176963973522e-11,0.0334477952518545
3634,User_3604,Unknown,76,0.018821198613174838,0.2402856292770009,6.802490673368898e-05,4.486941459381634e-09,0.0006983538389218126,1.4916075430317595e-10,1.4916075373317062e-10,0.054159290424769725
3635,User_3605,Unknown,39,0.009658246656760773,0.23975774848592804,5.99293631027873e-06,2.2796733656294094e-09,0.00036284975070464845,8.92541647744924e-11,8.925416465432449e-11,0.042481051218599755
3636,User_3606,Unknown,5,0.0012382367508667657,0.23927470964683575,5.52099616437993e-08,6.386219826535733e-10,0.00012772672836477078,3.0985195928587475e-11,3.0985195894965155e-11,0.03314633415177944
3637,User_3607,Unknown,8,0.001981178801386825,0.23931725241510104,2.300415068491638e-07,6.545304681949001e-10,0.00013329862941908324,3.168127372394004e-11,3.1681273799002756e-11,0.03368359683766733
3638,User_3608,Unknown,19,0.0047052996532937095,0.23947337207923142,8.498433085630535e-07,7.2616448582799e-10,0.0002410905371923219,3.453742527391123e-11,3.453742477213204e-11,0.03730159654528694
3639,User_3610,Unknown,15,0.003714710252600297,0.23941657773034508,3.7170812624169227e-06,8.961390759304955e-10,0.0002480344322851943,3.8514563565213445e-11,3.851456335756723e-11,0.036857264756102216
3640,User_3611,Unknown,57,0.014115898959881128,0.24001426533523537,1.4713414335442164e-05,2.5087638438728126e-09,0.0005063236363520552,8.256160861801288e-11,8.256160795850635e-11,0.0477833733532931
3641,User_3612,Unknown,19,0.0047052996532937095,0.23947337207923142,5.962774591443798e-06,8.735110023154402e-10,0.0002700504975455626,3.860476944933613e-11,3.8604769424908335e-11,0.037849413659989194
3642,User_3613,Unknown,15,0.003714710252600297,0.23941657773034508,8.404979730765984e-08,8.96131829115574e-10,0.000232396343919771,3.844906045640731e-11,3.844906049516133e-11,0.03656118994914558
3643,User_3614,Unknown,10,0.0024764735017335313,0.23934562266611345,5.134030720535343e-07,6.688022885921531e-10,0.00014926180295235904,3.226125269950623e-11,3.226125267039747e-11,0.034272881194102
3644,User_3615,Unknown,20,0.004952947003467063,0.23948757487693495,2.9457610267871593e-06,7.285559974505976e-10,0.0002548834091189627,3.468605653726434e-11,3.468605632510102e-11,0.037706451940930814
3645,User_3616,Unknown,12,0.0029717682020802376,0.239373999644318,9.590174818867362e-07,6.706586747806322e-10,0.00026746126363696396,3.239380098370247e-11,3.239380090015567e-11,0.03679078817550356
3646,User_3617,Unknown,33,0.008172362555720653,0.23967236467236466,1.1965152658218187e-05,1.0034646826522414e-09,0.00040588223007936977,4.298833943438462e-11,4.298833923251991e-11,0.04243022376162673
3647,User_3618,Unknown,20,0.004952947003467063,0.23948757487693495,4.257937844962728e-07,2.9936717340858707e-09,0.00020346946227253385,9.25264099168986e-11,9.252640956776194e-11,0.03673584335476593
3648,User_3619,Unknown,4,0.0009905894006934125,0.2392605320850862,8.179253576859156e-08,6.532376205974568e-10,8.707537275083892e-05,3.1297218326337106e-11,3.1297218133404853e-11,0.032235467950639946
3649,User_3620,Unknown,16,0.00396235760277365,0.23943077379187666,6.804435275196951e-07,6.980463502502106e-10,0.00019546188826994896,3.3611979860394046e-11,3.361198001910659e-11,0.03600868237896731
3650,User_3622,Unknown,12,0.0029717682020802376,0.239373999644318,4.3276265891664833e-07,6.781896603395247e-10,0.0001715912580925457,3.2650601332662835e-11,3.2650601278849644e-11,0.0349821533770603
3651,User_3623,Unknown,19,0.0047052996532937095,0.23947337207923142,7.347405602500898e-07,7.13436929600016e-10,0.00022958209897897601,3.428590771584946e-11,3.4285907747403115e-11,0.037084468726851005
3652,User_3624,Unknown,14,0.003467062902426944,0.23940238335210767,1.383900493584652e-06,6.784885572305689e-10,0.0002897107701795363,3.278385274073468e-11,3.2783852617840415e-11,0.03749870592402745
3653,User_3625,Unknown,37,0.009162951956414065,0.2397292804559487,6.51516336064977e-06,4.641142248628834e-09,0.0003670516135656092,1.3652337273735055e-10,1.3652337248902123e-10,0.042272352947567204
3654,User_3627,Unknown,19,0.0047052996532937095,0.23947337207923142,4.6864875623865804e-07,8.740184921381879e-10,0.000192781380028693,3.791580064220284e-11,3.791580031624423e-11,0.036390186416389636
3655,User_3628,Unknown,23,0.005695889053987122,0.23953019337999762,5.26316957243222e-06,9.255468570879221e-10,0.000337119072861825,4.000008974935835e-11,4.000008968856815e-11,0.039690565029578476
3656,User_3629,Unknown,37,0.009162951956414065,0.2397292804559487,7.193130783069241e-06,8.249060024752445e-10,0.0004386681377651845,3.881757478921263e-11,3.8817574189253564e-11,0.0436235083177889
3657,User_3630,Unknown,13,0.0032194155522535907,0.23938819065686506,8.292819607233043e-08,6.851572914832774e-10,0.00017362449614477329,3.295117328812423e-11,3.2951173499584725e-11,0.035164443599463024
3658,User_3631,Unknown,10,0.0024764735017335313,0.23934562266611345,2.0964784679031165e-07,6.672698760104361e-10,0.00013789117108487943,3.2245472837273026e-11,3.2245472784411053e-11,0.03405829687702602
3659,User_3632,Unknown,6,0.0014858841010401188,0.23928888888888888,3.373942100454402e-07,6.45784336124562e-10,0.0001296040365852464,3.1266748794915685e-11,3.126674881072024e-11,0.03332586485854229
3660,User_3634,Unknown,22,0.005448241703813769,0.23951598552701822,8.191545248135912e-07,7.313833083542426e-10,0.00026976056422148477,3.49556406800355e-11,3.495564070675428e-11,0.038274553792915764
3661,User_3635,Unknown,27,0.006686478454680535,0.2395870416518334,1.8798265016000365e-06,1.3630832832191063e-09,0.0002653592444373254,5.115233015797848e-11,5.1152329783102826e-11,0.038912093673345936
3662,User_3636,Unknown,25,0.006191183754333828,0.23955861414333174,9.99765628873659e-07,7.448020721275883e-10,0.00030087513387508065,3.5578848487846687e-11,3.557884830349975e-11,0.03929369509072028
3663,User_3637,Unknown,5,0.0012382367508667657,0.23927470964683575,1.6358507153718312e-07,8.351710191158545e-10,0.00010746809345572837,3.604447681145461e-11,3.6044476751778665e-11,0.032764210848470705
3664,User_3638,Unknown,11,0.0027241208519068845,0.23935981031416717,6.338921522065846e-07,6.664731830055052e-10,0.00024410058198619534,3.220418106389943e-11,3.220418104170344e-11,0.036205980240935465
3665,User_3639,Unknown,12,0.0029717682020802376,0.239373999644318,8.763485975206239e-09,8.798122015855649e-10,0.00019096151410464152,3.778597371420537e-11,3.778597396861819e-11,0.03534742566308725
3666,User_3640,Unknown,42,0.010401188707280832,0.2398004632104044,4.745370901712782e-06,1.2278414669851236e-09,0.00038116345907634834,4.843918854493016e-11,4.8439187906855785e-11,0.04325833444319672
3667,User_3641,Unknown,10,0.0024764735017335313,0.23934562266611345,2.7604980821899654e-07,6.630146844825898e-10,0.00016211609765099576,3.207091433707243e-11,3.207091414331873e-11,0.03451529222803092
3668,User_3642,Unknown,23,0.005695889053987122,0.23953019337999762,2.810601288991559e-06,1.5228722787379523e-09,0.00023731694809055778,6.846978667348104e-11,6.846978645186358e-11,0.037807184795740585
3669,User_3643,Unknown,24,0.005943536404160475,0.2395444029186688,1.9353352704014404e-06,7.386649916020146e-10,0.0002762115068653886,3.539357605397817e-11,3.539357519613475e-11,0.038684672263516906
3670,User_3644,Unknown,13,0.0032194155522535907,0.23938819065686506,3.8033529132395076e-07,6.792919387371173e-10,0.00018936328969703314,3.2767001930243964e-11,3.27670020497737e-11,0.0354614263995121
3671,User_3645,Unknown,18,0.004457652303120356,0.2394591709660203,2.930227807762911e-06,7.337202069350454e-10,0.0002308583726415867,3.4650412047520566e-11,3.465041200126005e-11,0.036965152324364654
3672,User_3646,Unknown,17,0.004210004952947003,0.2394449715370019,3.94674229322386e-07,7.035670169450466e-10,0.00020576100230723017,3.3856049211598527e-11,3.3856049084420115e-11,0.03634692138810704
3673,User_3647,Unknown,8,0.001981178801386825,0.23931725241510104,7.361328219173241e-08,6.538959772118634e-10,0.00017956990796034967,3.1634805792063596e-11,3.1634805679072515e-11,0.034556405251236974
3674,User_3648,Unknown,21,0.005200594353640416,0.2395017793594306,2.5641086552524526e-06,7.19888097066556e-10,0.00026316040268378613,3.4598809472445214e-11,3.4598809190868714e-11,0.03800652082968857
3675,User_3649,Unknown,15,0.003714710252600297,0.23941657773034508,8.404979730765984e-08,8.96131829115574e-10,0.00023239634391977106,3.8449060455502863e-11,3.844906064201928e-11,0.03656118994914558
3676,User_3650,Unknown,1,0.00024764735017335313,0.239218009478673,0.0,6.211378354410986e-10,4.899249878961015e-05,3.019504127058847e-11,3.019504121914654e-11,0.031084960672867028
3677,User_3652,Unknown,7,0.001733531451213472,0.2393030698115444,3.6193197077601766e-07,6.493604470480292e-10,0.00014221429314113213,3.143660751034485e-11,3.143660761200882e-11,0.03370778464521005
3678,User_3653,Unknown,4,0.0009905894006934125,0.2392605320850862,0.0,6.362419727181588e-10,0.00010433911495057229,3.084135334263312e-11,3.084135334447076e-11,0.03256110440384108
3679,User_3654,Unknown,12,0.0029717682020802376,0.239373999644318,2.7653066521257555e-07,1.3653507662735633e-09,0.0001423907329638806,5.003380724683384e-11,5.0033807055219496e-11,0.03443127415112005
3680,User_3655,Unknown,15,0.003714710252600297,0.23941657773034508,1.32191432132063e-07,6.867370181135169e-10,0.00022951733926089178,3.311481195344185e-11,3.31148119389274e-11,0.0365068945579329
3681,User_3656,Unknown,22,0.005448241703813769,0.23951598552701822,7.077987217221267e-07,3.1613814851874714e-09,0.00022609780325961922,9.722662217364028e-11,9.722662219830412e-11,0.03745087902204476
3682,User_3657,Unknown,13,0.0032194155522535907,0.23938819065686506,1.3886141867985887e-07,6.773602337230365e-10,0.00021224297256202946,3.268683598918355e-11,3.268683597905359e-11,0.03589295373857975
3683,User_3658,Unknown,16,0.00396235760277365,0.23943077379187666,5.251349040164484e-07,1.025103050580732e-09,0.00017135228937211692,4.170091893165307e-11,4.1700918781902157e-11,0.0355538369741633
3684,User_3659,Unknown,10,0.0024764735017335313,0.23934562266611345,9.992321453062934e-07,7.035687253827705e-10,0.0001638305787545457,3.313491440625092e-11,3.313491433091101e-11,0.03454784907081856
3685,User_3660,Unknown,6,0.0014858841010401188,0.23928888888888888,4.600830136983276e-07,6.635144040060279e-10,0.0001133588622028687,3.174742625976224e-11,3.1747426329114345e-11,0.03301945468673824
3686,User_3661,Unknown,6,0.0014858841010401188,0.23928888888888888,1.5599005035867105e-07,8.478245675797631e-10,0.00011570086859491422,3.6431396219818034e-11,3.64313962367833e-11,0.03306354405600835
3687,User_3662,Unknown,17,0.004210004952947003,0.2394449715370019,3.0102574324833432e-06,6.983698139394355e-10,0.00034570511439831626,3.379086681149292e-11,3.379086664407903e-11,0.03898758513000018
3688,User_3663,Unknown,14,0.003467062902426944,0.23940238335210767,3.045952445871043e-07,6.89720569938538e-10,0.00018758996191137675,3.315627554840127e-11,3.3156275317738446e-11,0.03557199244789883
3689,User_3664,Unknown,10,0.0024764735017335313,0.23934562266611345,9.610622952809508e-07,6.641156207804983e-10,0.00017642825810279975,3.208993775909674e-11,3.2089937689442696e-11,0.034785478475230135
3690,User_3665,Unknown,6,0.0014858841010401188,0.23928888888888888,1.2268880365288735e-07,6.448462548144108e-10,0.0001290044783971289,3.1234331474467e-11,3.123433131044474e-11,0.0333144910423507
3691,User_3666,Unknown,9,0.002228826151560178,0.23933143669985776,9.564944212818803e-09,6.744790974420402e-10,0.00012979035724783807,3.229143035394479e-11,3.229143030630285e-11,0.03376138786361466
3692,User_3667,Unknown,23,0.005695889053987122,0.23953019337999762,1.8207042650960085e-06,2.616615437473287e-09,0.00023707039569925944,8.301911699063733e-11,8.301911672280653e-11,0.03780224188862119
3693,User_3668,Unknown,11,0.0027241208519068845,0.23935981031416717,9.437600280991335e-09,6.756027420988196e-10,0.00015230274979554113,3.2528053720054995e-11,3.252805365475973e-11,0.03447413316164444
3694,User_3669,Unknown,7,0.001733531451213472,0.2393030698115444,0.0,8.480098964520067e-10,0.00014775117038639675,3.6547838215453025e-11,3.6547838131779376e-11,0.033812124457113464
3695,User_3670,Unknown,22,0.005448241703813769,0.23951598552701822,1.3146719926737926e-06,1.2980445851909355e-09,0.00022642673083827667,4.913099051693909e-11,4.913099044932255e-11,0.03745725925174913
3696,User_3671,Unknown,9,0.002228826151560178,0.23933143669985776,8.721129126326075e-07,6.595195417320061e-10,0.0001448651846244182,3.1906944424164896e-11,3.190694444712916e-11,0.03404601369102232
3697,User_3672,Unknown,47,0.011639425458147598,0.2398716882499703,2.112035801683015e-05,2.466817586012709e-09,0.00046678948834079234,8.136106536846939e-11,8.136106508751069e-11,0.045598777983120044
3698,User_3673,Unknown,4,0.0009905894006934125,0.2392605320850862,1.8403320547933104e-07,1.0291763052176709e-09,9.07213226518836e-05,5.479764125706787e-11,5.4797641197535677e-11,0.032304276695789745
3699,User_3675,Unknown,14,0.003467062902426944,0.23940238335210767,1.3437345161982896e-07,6.823019198995367e-10,0.00022565861157708035,3.2904866242743765e-11,3.2904866292281725e-11,0.036290063497824536
3700,User_3676,Unknown,5,0.0012382367508667657,0.23927470964683575,0.0,6.40028287829923e-10,0.00011640832043702793,3.1019413139481964e-11,3.101941295278103e-11,0.03293280887857981
3701,User_3678,Unknown,5,0.0012382367508667657,0.23927470964683575,2.8627387519007044e-07,6.405706439254224e-10,9.898925013722326e-05,3.1059517582781777e-11,3.10595177837322e-11,0.03260430308571
3702,User_3679,Unknown,13,0.0032194155522535907,0.23938819065686506,1.542519589735885e-06,6.731298428827173e-10,0.0002822662399896133,3.254388329209507e-11,3.2543883061122615e-11,0.03721428014722712
3703,User_3680,Unknown,43,0.010648836057454186,0.23981470483430337,2.2716530295545297e-05,1.029072270330861e-09,0.0004946145486299924,4.4698062705420205e-11,4.4698062657390144e-11,0.045547867413424904
3704,User_3681,Unknown,10,0.0024764735017335313,0.23934562266611345,7.845265059662134e-08,7.517666924665757e-10,0.0001211609453284197,3.41075072653357e-11,3.410750720764046e-11,0.03374266144922992
3705,User_3682,Unknown,9,0.002228826151560178,0.23933143669985776,5.041925597735323e-07,6.564440275871989e-10,0.00019685712226843655,3.178932529960677e-11,3.17893249448421e-11,0.035026672934072675
3706,User_3683,Unknown,17,0.004210004952947003,0.2394449715370019,1.0024068286870328e-06,2.310630494439176e-09,0.0001839574583172521,7.494160458855332e-11,7.494160444902695e-11,0.03593580738884906
3707,User_3685,Unknown,15,0.003714710252600297,0.23941657773034508,2.632542334945919e-07,7.040329987675505e-10,0.0002061527423813196,3.3563304926167707e-11,3.3563305023204865e-11,0.036066187083960206
3708,User_3686,Unknown,4,0.0009905894006934125,0.2392605320850862,0.0,6.804936727611204e-10,7.356378591488454e-05,3.1853205622414844e-11,3.185320572910487e-11,0.031980563017587074
3709,User_3687,Unknown,33,0.008172362555720653,0.23967236467236466,1.3001639475762126e-06,1.8438419899480378e-09,0.00029988181970873085,6.389961346933324e-11,6.389961304843174e-11,0.040427478409110165
3710,User_3688,Unknown,2,0.0004952947003467063,0.2392321820013034,0.0,7.874767252878792e-10,6.010360472238057e-05,3.467618902097599e-11,3.4676188948664215e-11,0.031438589578313185
3711,User_3689,Unknown,3,0.0007429420505200594,0.23924635620334161,0.0,8.216321486170316e-10,7.006962228094716e-05,3.5722480589574595e-11,3.5722481044508105e-11,0.03177061819101803
3712,User_3690,Unknown,26,0.0064388311045071814,0.23957282705428656,9.074272416955864e-06,7.467655021332181e-10,0.00035858185830697396,3.5680131901236695e-11,3.5680131863886834e-11,0.040528717808105505
3713,User_3691,Unknown,3,0.0007429420505200594,0.23924635620334161,0.0,8.249066447006374e-10,8.139116192571873e-05,3.564045457287725e-11,3.5640454686490344e-11,0.03198418613144493
3714,User_3693,Unknown,29,0.007181773155027241,0.2396154759079041,3.779745552130178e-06,3.6831144272534136e-09,0.0002925407226720443,1.248125775178047e-10,1.248125772493089e-10,0.03971351851298288
3715,User_3694,Unknown,5,0.0012382367508667657,0.23927470964683575,3.0672200913221837e-07,6.398509458209609e-10,0.00010312134612426458,3.102853616615417e-11,3.102853614193629e-11,0.03268225644277085
3716,User_3695,Unknown,15,0.003714710252600297,0.23941657773034508,8.404979730765984e-08,8.96131829115574e-10,0.00023239634391977106,3.844906045703433e-11,3.8449060393348725e-11,0.036561189949145576
3717,User_3696,Unknown,15,0.003714710252600297,0.23941657773034508,2.652901948827711e-07,6.85463681985299e-10,0.00023155890926209678,3.308296480341093e-11,3.308296489393742e-11,0.03654544601533189
3718,User_3697,Unknown,21,0.005200594353640416,0.2395017793594306,1.1502609596766054e-06,2.4472425805432838e-09,0.00021693306092398913,7.86562576195298e-11,7.865625769913456e-11,0.03713407903433986
3719,User_3698,Unknown,18,0.004457652303120356,0.2394591709660203,1.0876149995683609e-06,7.169387210107847e-10,0.00024293596433756575,3.416667892013223e-11,3.4166679027234514e-11,0.037192434470673434
3720,User_3699,Unknown,3,0.0007429420505200594,0.23924635620334161,0.0,6.298974608952891e-10,8.809747928974578e-05,3.0590139479330864e-11,3.059013980807205e-11,0.03211069263574234
3721,User_3700,Unknown,7,0.001733531451213472,0.2393030698115444,0.0,8.480098964520067e-10,0.00014775117038639675,3.6547838214849286e-11,3.654783822981058e-11,0.033812124457113464
3722,User_3701,Unknown,15,0.003714710252600297,0.23941657773034508,6.937759730371606e-07,6.86389123496965e-10,0.0002481705394674318,3.309064308842857e-11,3.309064294610327e-11,0.036858932872427426
3723,User_3702,Unknown,38,0.009410599306587419,0.23974351362583862,4.355387266711919e-06,2.0385032089438115e-09,0.0003472521975575135,6.932080577386879e-11,6.932080534324765e-11,0.042042271285174515
3724,User_3703,Unknown,15,0.003714710252600297,0.23941657773034508,6.663971729201046e-07,1.4229505602852836e-09,0.00017365993193109962,5.1599987133976764e-11,5.1599986973578055e-11,0.03545336902769799
3725,User_3704,Unknown,2,0.0004952947003467063,0.2392321820013034,0.0,6.282604964345444e-10,5.843694107045329e-05,3.0458620646309205e-11,3.0458620544951475e-11,0.031407149433053345
3726,User_3705,Unknown,38,0.009410599306587419,0.23974351362583862,2.5268329645582657e-05,8.2224987229187e-10,0.00043785543285410603,3.8873113882289153e-11,3.887311372237154e-11,0.04375761217159623
3727,User_3706,Unknown,25,0.006191183754333828,0.23955861414333174,2.1252708888996393e-06,7.493462065540549e-10,0.0002866703883076443,3.58699611265978e-11,3.586996116177578e-11,0.039026073389407744
3728,User_3707,Unknown,24,0.005943536404160475,0.2395444029186688,1.6155396235215104e-06,1.037744133760645e-09,0.00023752679605621,4.272684667464179e-11,4.272684662405621e-11,0.037954835008597906
3729,User_3708,Unknown,15,0.003714710252600297,0.23941657773034508,3.8649220198345465e-08,6.889367565959959e-10,0.00023859793067941844,3.3168295533607226e-11,3.316829561555988e-11,0.03667816175944332
3730,User_3709,Unknown,1,0.00024764735017335313,0.239218009478673,0.0,6.211378354410986e-10,4.899249878961015e-05,3.019504127058847e-11,3.019504130538792e-11,0.031084960672867028
3731,User_3710,Unknown,26,0.0064388311045071814,0.23957282705428656,1.1814851174575328e-06,7.602022934087962e-10,0.00031223517497823395,3.603853714847406e-11,3.603853674650342e-11,0.03965209398591446
3732,User_3711,Unknown,29,0.007181773155027241,0.2396154759079041,2.9425088493594016e-06,7.636448662947442e-10,0.0003262475260598138,3.6503322277533114e-11,3.650332214524876e-11,0.04034910152969749
3733,User_3712,Unknown,8,0.001981178801386825,0.23931725241510104,6.256551803460276e-08,1.1445820992604902e-09,0.0001051489006040445,4.4153591787342446e-11,4.4153591520062296e-11,0.03315253581899526
3734,User_3713,Unknown,26,0.0064388311045071814,0.23957282705428656,8.161337689564166e-07,7.62863040368131e-10,0.0003083774179642774,3.6116687453619264e-11,3.611668701921118e-11,0.03957921318686364
3735,User_3714,Unknown,26,0.0064388311045071814,0.23957282705428656,2.817590246319201e-06,7.54981209266781e-10,0.0002946467802631336,3.611495599146992e-11,3.611495567637266e-11,0.03932079537639288
3736,User_3715,Unknown,14,0.003467062902426944,0.23940238335210767,5.617079482833581e-08,6.901425418361108e-10,0.00018289176917055014,3.317177061482159e-11,3.317177002541124e-11,0.03548329254279315
3737,User_3716,Unknown,7,0.001733531451213472,0.2393030698115444,0.0,6.475193409874932e-10,0.000163766741284433,3.138177320275364e-11,3.138177420897651e-11,0.03411423940358784
3738,User_3717,Unknown,3,0.0007429420505200594,0.23924635620334161,0.0,8.249066447006374e-10,8.139116192571873e-05,3.5640454573165495e-11,3.5640454614489506e-11,0.03198418613144492
3739,User_3718,Unknown,27,0.006686478454680535,0.2395870416518334,1.5019393893079444e-06,7.571439372726581e-10,0.00029941884883435396,3.6202447341787836e-11,3.620244738371046e-11,0.03955447533319097
3740,User_3719,Unknown,23,0.005695889053987122,0.23953019337999762,4.3464861158382835e-06,7.342046819301359e-10,0.00027771058751785964,3.5161336148068354e-11,3.5161336066127507e-11,0.03856961863574014
3741,User_3720,Unknown,10,0.0024764735017335313,0.23934562266611345,9.344797211561586e-07,6.620302775587649e-10,0.00022287993705360416,3.2003760395342927e-11,3.200376038430286e-11,0.035661728535723906
3742,User_3722,Unknown,33,0.008172362555720653,0.23967236467236466,6.672548664025797e-06,8.357178109891924e-10,0.00039197314263139,3.868124728273907e-11,3.8681247170977385e-11,0.0421662707488558
3743,User_3724,Unknown,6,0.0014858841010401188,0.23928888888888888,2.4946723409420425e-07,6.47020576514166e-10,0.000108604916829422,3.1311362500309573e-11,3.13113622616123e-11,0.0329297142658026
3744,User_3725,Unknown,19,0.0047052996532937095,0.23947337207923142,6.345883965274588e-07,7.039756971753535e-10,0.00029806892051454975,3.3884963495692027e-11,3.3884963734202784e-11,0.038376364735289804
3745,User_3726,Unknown,15,0.003714710252600297,0.23941657773034508,9.77286199872305e-07,1.0838021537141623e-09,0.00019874760655517315,5.70710398920951e-11,5.7071039915113474e-11,0.035926711585111674
3746,User_3727,Unknown,6,0.0014858841010401188,0.23928888888888888,2.5355686088263384e-07,6.426766626004204e-10,0.00014764405716086412,3.1168567874473585e-11,3.116856797828346e-11,0.033666144347964035
3747,User_3728,Unknown,28,0.006934125804853888,0.23960125793627246,1.9704913619549466e-06,7.699144661324097e-10,0.000334438706834623,3.6468738528349686e-11,3.6468737955651797e-11,0.04035927667715677
3748,User_3729,Unknown,1,0.00024764735017335313,0.239218009478673,0.0,6.211378354410986e-10,4.899249878961015e-05,3.019504127058847e-11,3.0195041546083634e-11,0.031084960672867035
3749,User_3730,Unknown,28,0.006934125804853888,0.23960125793627246,1.0912552321309852e-06,9.801966486859905e-10,0.00026445207333916025,4.1423636167731054e-11,4.1423636165886564e-11,0.039038797768865686
3750,User_3731,Unknown,40,0.009905894006934125,0.23977198503651803,5.132401171345741e-06,1.3393058933947944e-09,0.0003671120703166113,5.1370806729913956e-11,5.137080616365896e-11,0.04270525860570904
3751,User_3732,Unknown,2,0.0004952947003467063,0.2392321820013034,0.0,6.271916455073868e-10,6.308760230288923e-05,3.043223797101689e-11,3.043223798854356e-11,0.0314948788528269
3752,User_3733,Unknown,3,0.0007429420505200594,0.23924635620334161,0.0,1.0191095145213123e-09,8.772389838707991e-05,5.437195017211542e-11,5.437195020728993e-11,0.03210364715141748
3753,User_3734,Unknown,49,0.012134720158494303,0.23990019011406843,7.777420722231224e-06,4.9655440126087875e-09,0.000448125763862853,1.4534100780375044e-10,1.453410081229516e-10,0.0455308877940686
3754,User_3735,Unknown,16,0.00396235760277365,0.23943077379187666,1.0277525598811022e-07,7.098828888362992e-10,0.00020372439047646284,3.3854304599762245e-11,3.385430430344388e-11,0.03616437335353847
3755,User_3736,Unknown,12,0.0029717682020802376,0.239373999644318,4.526120707423728e-07,1.4074070783451632e-09,0.00014002211557829382,5.0947196662197345e-11,5.094719666460425e-11,0.03438664533857006
3756,User_3737,Unknown,39,0.009658246656760773,0.23975774848592804,7.624663993235481e-06,1.4387579220310145e-09,0.00036453078094330455,5.351760602606032e-11,5.3517605876744105e-11,0.04251324411914571
3757,User_3738,Unknown,30,0.007429420505200594,0.23962969556702865,7.405457441936071e-06,9.304695725244904e-10,0.0003651248462598846,4.10947087325432e-11,4.109470861692231e-11,0.041227859173133215
3758,User_3739,Unknown,15,0.003714710252600297,0.23941657773034508,2.2088989445547524e-07,6.864006940830581e-10,0.00024017430337509694,3.309319087349175e-11,3.3093190854249955e-11,0.03670795240586643
3759,User_3740,Unknown,27,0.006686478454680535,0.2395870416518334,2.1686598592259865e-06,7.641962982632597e-10,0.0003298907903741631,3.622663568645664e-11,3.6226635110551884e-11,0.04012949200016454
3760,User_3742,Unknown,5,0.0012382367508667657,0.23927470964683575,8.179253576859156e-08,1.0324574990825798e-09,0.0001304716332199039,5.505006625160027e-11,5.5050066032691515e-11,0.033198123269436615
3761,User_3743,Unknown,19,0.0047052996532937095,0.23947337207923142,6.345883965274588e-07,7.039756971753535e-10,0.00029806892051454975,3.388496349762515e-11,3.388496342031505e-11,0.03837636473528979
3762,User_3744,Unknown,3,0.0007429420505200594,0.23924635620334161,0.0,8.249066447006374e-10,8.139116192571873e-05,3.564045457293819e-11,3.564045465139795e-11,0.03198418613144492
3763,User_3745,Unknown,6,0.0014858841010401188,0.23928888888888888,1.9936930593594193e-07,6.428958920186338e-10,0.00014686630873983784,3.117848086679585e-11,3.117848082308776e-11,0.03365145690153005
3764,User_3746,Unknown,2,0.0004952947003467063,0.2392321820013034,0.0,6.252626911377073e-10,8.535810324389811e-05,3.0382153519503376e-11,3.038215376574048e-11,0.03191498646048666
3765,User_3747,Unknown,22,0.005448241703813769,0.23951598552701822,4.270269675597289e-06,7.259228557470136e-10,0.0003167692215709602,3.4804497157665604e-11,3.480449711840011e-11,0.03916234452103322
3766,User_3748,Unknown,1,0.00024764735017335313,0.239218009478673,0.0,6.211378354410986e-10,4.899249878961015e-05,3.019504127058847e-11,3.0195041319814226e-11,0.031084960672867028
3767,User_3749,Unknown,6,0.0014858841010401188,0.23928888888888888,2.4537760730577472e-08,6.447671611509482e-10,0.00014690247618279008,3.1226757634269706e-11,3.1226757377282306e-11,0.033652087187071314
3768,User_3751,Unknown,6,0.0014858841010401188,0.23928888888888888,6.134440182644368e-08,6.425746708956287e-10,0.00015310866487856453,3.116329080594135e-11,3.116329077410799e-11,0.03376917079834206
3769,User_3752,Unknown,19,0.0047052996532937095,0.23947337207923142,1.4628764391929892e-06,8.734237632759133e-10,0.00024912943761678976,3.853478119972223e-11,3.853478114582091e-11,0.037453423898634465
3770,User_3753,Unknown,25,0.006191183754333828,0.23955861414333174,1.3625340253138458e-06,7.561571841196707e-10,0.0003028215897224185,3.584424601272764e-11,3.584424574438186e-11,0.039330520641185245
3771,User_3754,Unknown,8,0.001981178801386825,0.23931725241510104,3.2415603501925743e-07,6.597335618163205e-10,0.00012699892417732643,3.18240398750798e-11,3.182403980372039e-11,0.03356478807419628
3772,User_3755,Unknown,8,0.001981178801386825,0.23931725241510104,6.31944710878761e-08,1.0914466842096188e-09,0.00011009381753708086,4.279402263486891e-11,4.279402267360968e-11,0.03324581608387958
3773,User_3757,Unknown,17,0.004210004952947003,0.2394449715370019,2.554893218925511e-07,6.977073426398459e-10,0.00026860537268106016,3.35634719229927e-11,3.356347154028016e-11,0.03753236739361
3774,User_3758,Unknown,44,0.010896483407627538,0.23982894814990793,1.7422482795100628e-05,8.420461212794107e-10,0.0004954232921812444,3.990393334613588e-11,3.9903933126603245e-11,0.04570561505727767
3775,User_3759,Unknown,19,0.0047052996532937095,0.23947337207923142,1.6164586938420798e-06,7.088538134720604e-10,0.0002941254167409647,3.403369412295174e-11,3.403369409727346e-11,0.038302266954505435
3776,User_3760,Unknown,17,0.004210004952947003,0.2394449715370019,2.0030220683573206e-06,2.12572992409172e-09,0.00020055241610631127,7.023150881353914e-11,7.023150841443458e-11,0.03624914933426209
3777,User_3761,Unknown,21,0.005200594353640416,0.2395017793594306,1.0461129300311923e-06,7.267024704742966e-10,0.0002587680992621071,3.4745853576192165e-11,3.474585346696623e-11,0.03792321375239423
3778,User_3762,Unknown,17,0.004210004952947003,0.2394449715370019,6.904269303494429e-07,1.0311107826194696e-09,0.00017875951408426833,4.175476945354339e-11,4.175476921088549e-11,0.0358376578793565
3779,User_3763,Unknown,12,0.0029717682020802376,0.239373999644318,1.2008454347722504e-06,6.774502923142646e-10,0.0001681476764019998,3.269476797006677e-11,3.269476755204404e-11,0.03491742248455103
3780,User_3764,Unknown,29,0.007181773155027241,0.2396154759079041,9.577836023676121e-06,7.672478339382873e-10,0.0003535611571268493,3.651824007892457e-11,3.651823987609851e-11,0.04086631472015452
3781,User_3765,Unknown,4,0.0009905894006934125,0.2392605320850862,0.0,8.659164080344433e-10,7.513253699643694e-05,3.676914597451744e-11,3.676914592497548e-11,0.032010156225681055
3782,User_3766,Unknown,10,0.0024764735017335313,0.23934562266611345,1.2268880365288736e-08,6.641882505036737e-10,0.00016412791740111292,3.210041432394317e-11,3.210041428970346e-11,0.03455316449578259
3783,User_3767,Unknown,10,0.0024764735017335313,0.23934562266611345,1.0654938364854918e-06,6.673781352908724e-10,0.00014814226085018486,3.219695309488246e-11,3.219695318193384e-11,0.03425192643900729
3784,User_3768,Unknown,23,0.005695889053987122,0.23953019337999762,3.197657123950353e-06,7.33915076386479e-10,0.0002784512788119023,3.517166753897057e-11,3.5171667259197975e-11,0.03858324938794572
3785,User_3769,Unknown,13,0.0032194155522535907,0.23938819065686506,4.012454431184245e-07,6.954014691226813e-10,0.00017758232332481445,3.31780357727624e-11,3.3178035842090277e-11,0.0352391981585386
3786,User_3770,Unknown,10,0.0024764735017335313,0.23934562266611345,1.0378888556635923e-06,6.903232650452994e-10,0.00014677830246939312,3.2798836663316055e-11,3.279883666969078e-11,0.03422618877456281
3787,User_3771,Unknown,7,0.001733531451213472,0.2393030698115444,6.696763866053434e-07,6.481234085446594e-10,0.00014604535282413414,3.140891320958323e-11,3.140891271348198e-11,0.03378014470759918
3788,User_3772,Unknown,8,0.001981178801386825,0.23931725241510104,4.6056987403028346e-07,8.991402592368849e-10,0.00013132724780220382,3.7884314699051555e-11,3.788431481353216e-11,0.03364647816239599
3789,User_3773,Unknown,14,0.003467062902426944,0.23940238335210767,1.9873577702122442e-07,7.014440305242314e-10,0.00018659827075989414,3.343103882161051e-11,3.3431039455013624e-11,0.03555325388337098
3790,User_3774,Unknown,18,0.004457652303120356,0.2394591709660203,7.257964025619525e-07,7.018703390656548e-10,0.0002875878473295129,3.3752118952582564e-11,3.3752119776334197e-11,0.03803463373225757
3791,User_3775,Unknown,9,0.002228826151560178,0.23933143669985776,1.3229942660569683e-06,1.0676874048301527e-09,0.0001670708624947958,5.6242995070363435e-11,5.6242995109592165e-11,0.034465034284584736
3792,User_3776,Unknown,19,0.0047052996532937095,0.23947337207923142,1.1183358865147787e-06,7.053104094457465e-10,0.00028109002072563216,3.39438210333541e-11,3.394382116057824e-11,0.03805622096793893
3793,User_3777,Unknown,10,0.0024764735017335313,0.23934562266611345,3.4094080030976506e-07,6.700254119828553e-10,0.00014281792706302547,3.229483971403462e-11,3.2294839605323684e-11,0.03415127355186037
3794,User_3778,Unknown,13,0.0032194155522535907,0.23938819065686506,2.5895045625245583e-07,6.937122806840727e-10,0.00018088718697967086,3.313340076206799e-11,3.313340110758649e-11,0.035301498335339764
3795,User_3780,Unknown,16,0.00396235760277365,0.23943077379187666,1.962414960030506e-06,2.2751644973430128e-09,0.00018773093144796316,7.432533046044498e-11,7.432533007177451e-11,0.035863232082264926
3796,User_3781,Unknown,4,0.0009905894006934125,0.2392605320850862,1.7526971950412477e-08,6.348043220794633e-10,9.34919948972951e-05,3.080785339858467e-11,3.080785353979299e-11,0.03235649105628205
3797,User_3782,Unknown,32,0.0079247152055473,0.2396581399489584,8.200993763220727e-06,7.793228341820454e-10,0.0003766055648432005,3.715101308303875e-11,3.715101296566226e-11,0.041732776564098226
3798,User_3783,Unknown,13,0.0032194155522535907,0.23938819065686506,2.2307055209615882e-08,6.767456062747272e-10,0.00020322506063722917,3.268998404643843e-11,3.268998406337916e-11,0.035722806457958896
3799,User_3784,Unknown,12,0.0029717682020802376,0.239373999644318,1.1310470834637034e-06,6.900416113790627e-10,0.0001563860055703365,3.298374766423876e-11,3.2983747584841085e-11,0.03469553125351393
3800,User_3785,Unknown,19,0.0047052996532937095,0.23947337207923142,9.555485325337109e-07,1.0764028462270355e-09,0.00019606601443402638,4.308124826236022e-11,4.308124869331838e-11,0.03645229259881809
3801,User_3786,Unknown,21,0.005200594353640416,0.2395017793594306,1.8829125236374078e-06,7.258851868943688e-10,0.0002472143133578722,3.48105265839831e-11,3.481052663881985e-11,0.037705513532885
3802,User_3787,Unknown,5,0.0012382367508667657,0.23927470964683575,7.156846879751761e-08,6.38298508291763e-10,0.00012909484461043444,3.097010481595088e-11,3.097010480935843e-11,0.033172146967328134
3803,User_3788,Unknown,12,0.0029717682020802376,0.239373999644318,5.7420680056110466e-08,1.4536049686467228e-09,0.0001375289452725528,5.226167671537664e-11,5.226167664495994e-11,0.03433949716374692
3804,User_3789,Unknown,8,0.001981178801386825,0.23931725241510104,4.94844841399979e-07,6.530373550824571e-10,0.00019887856134778693,3.160154822557261e-11,3.160154819695367e-11,0.034920766214929025
3805,User_3790,Unknown,45,0.01114413075780089,0.2398431931575196,6.429989589622584e-06,1.5856446452037733e-09,0.00040625774353418673,5.80150420861167e-11,5.801504198707631e-11,0.04416440943010325
3806,User_3791,Unknown,21,0.005200594353640416,0.2395017793594306,3.5648090545931867e-06,7.145069966773323e-10,0.0003170557465991791,3.4355491561001155e-11,3.4355491576934644e-11,0.039023492541365924
3807,User_3792,Unknown,15,0.003714710252600297,0.23941657773034508,9.817994059009605e-07,6.906067740049431e-10,0.00019439125382323625,3.329103954094122e-11,3.32910394403744e-11,0.03584453359921839
3808,User_3793,Unknown,49,0.012134720158494303,0.23990019011406843,1.982083969293222e-05,8.675304103728244e-10,0.000537246655465373,4.1107834671200073e-11,4.110783477534419e-11,0.04721562130225946
3809,User_3794,Unknown,35,0.00866765725606736,0.23970081918556335,6.123555406558976e-06,8.000831229152004e-10,0.00038424950416320253,3.8122534097785036e-11,3.8122534244327254e-11,0.042308525583505285
3810,User_3795,Unknown,5,0.0012382367508667657,0.23927470964683575,4.230067268801473e-08,1.029178183695177e-09,8.762933037540065e-05,4.107100900348966e-11,4.107100923910787e-11,0.03238993966588969
3811,User_3796,Unknown,11,0.0027241208519068845,0.23935981031416717,7.85268484948897e-07,1.8770345096342994e-09,0.00013730845805834345,6.338547492429562e-11,6.338547462624232e-11,0.034191516834120826
3812,User_3798,Unknown,1,0.00024764735017335313,0.239218009478673,0.0,6.211378354410986e-10,4.899249878961015e-05,3.019504127058847e-11,3.0195041100429514e-11,0.031084960672867024
3813,User_3799,Unknown,14,0.003467062902426944,0.23940238335210767,2.2165777193288316e-06,6.94645364032911e-10,0.00028729191863419515,3.312908867859047e-11,3.312908873452438e-11,0.03745332464073398
3814,User_3800,Unknown,49,0.012134720158494303,0.23990019011406843,8.995254390083108e-06,3.1619776805641226e-09,0.00043759971137923324,9.916666493921992e-11,9.916666454308329e-11,0.04533268301572252
3815,User_3801,Unknown,3,0.0007429420505200594,0.23924635620334161,6.134440182644368e-08,6.304315101584088e-10,9.129874499357537e-05,3.0609341965888305e-11,3.060934191544636e-11,0.03217109910322142
3816,User_3802,Unknown,16,0.00396235760277365,0.23943077379187666,9.565684314374667e-07,7.102500521949331e-10,0.00021149345025588332,3.38637976921647e-11,3.38637975636059e-11,0.03631118164203737
3817,User_3803,Unknown,21,0.005200594353640416,0.2395017793594306,4.748224029184155e-06,8.79996478025266e-10,0.00026726426294634517,3.882408015294733e-11,3.882408033683335e-11,0.038084585245901734
3818,User_3804,Unknown,49,0.012134720158494303,0.23990019011406843,6.857980351463101e-06,1.816152243081845e-09,0.00043942334928626255,6.426530293854657e-11,6.426530257793358e-11,0.04536644481305572
3819,User_3805,Unknown,5,0.0012382367508667657,0.23927470964683575,2.030207584256112e-07,8.501659131131514e-10,9.420738200447062e-05,3.637897062098225e-11,3.637897053246718e-11,0.032514074405787366
3820,User_3806,Unknown,6,0.0014858841010401188,0.23928888888888888,1.1363320147850756e-07,6.4294432227556e-10,0.00014448925367111613,3.117967997660493e-11,3.1179679859087416e-11,0.03360659097833601
3821,User_3807,Unknown,2,0.0004952947003467063,0.2392321820013034,0.0,6.254495967309753e-10,7.026723858322403e-05,3.038966331241604e-11,3.03896633353581e-11,0.03163031450219752
3822,User_3808,Unknown,2,0.0004952947003467063,0.2392321820013034,0.0,6.267219080886914e-10,6.8930993721856e-05,3.041661191850766e-11,3.0416611958220205e-11,0.03160510776931033
3823,User_3809,Unknown,16,0.00396235760277365,0.23943077379187666,2.060538982936965e-06,6.899747608069685e-10,0.0002534197406205263,3.32838995454916e-11,3.3283899148681394e-11,0.03710240146666468
3824,User_3810,Unknown,35,0.00866765725606736,0.23970081918556335,6.547173677273749e-06,7.941933956193667e-10,0.000389607619945882,3.786155718169588e-11,3.786155660741267e-11,0.04240972624966188
3825,User_3811,Unknown,3,0.0007429420505200594,0.23924635620334161,0.0,6.300894579033347e-10,8.566389989117836e-05,3.059843014009328e-11,3.059843004863465e-11,0.03206478593523362
3826,User_3812,Unknown,7,0.001733531451213472,0.2393030698115444,4.0282823866031346e-07,6.478580359675378e-10,0.0001545425314774637,3.1400182028557394e-11,3.1400181986632417e-11,0.033940354962224736
3827,User_3813,Unknown,7,0.001733531451213472,0.2393030698115444,0.0,8.480098964520067e-10,0.00014775117038639675,3.6547838215191494e-11,3.654783817424594e-11,0.033812124457113464
3828,User_3814,Unknown,8,0.001981178801386825,0.23931725241510104,1.0852116799297059e-07,6.524374755763031e-10,0.0001740397116463532,3.1607128468015725e-11,3.160712851451675e-11,0.03445209477652116
3829,User_3815,Unknown,15,0.003714710252600297,0.23941657773034508,7.229383382940142e-08,7.057421286529751e-10,0.00019265599980610202,3.3642853500394903e-11,3.364285350333965e-11,0.03581152965505364
3830,User_3816,Unknown,3,0.0007429420505200594,0.23924635620334161,6.134440182644368e-08,6.301205594028992e-10,7.716518967432701e-05,3.059921539107111e-11,3.059921541885021e-11,0.031904485692799696
3831,User_3817,Unknown,12,0.0029717682020802376,0.239373999644318,7.208167494944358e-07,1.3135448330382737e-09,0.00014611539029409882,4.9000161779225374e-11,4.9000161803662325e-11,0.03450166752530218
3832,User_3818,Unknown,14,0.003467062902426944,0.23940238335210767,6.501869930092011e-07,6.889208388231361e-10,0.0001780342470462451,3.3193737738730296e-11,3.3193737706535883e-11,0.03539183752439609
3833,User_3819,Unknown,13,0.0032194155522535907,0.23938819065686506,1.5589404013936227e-07,6.774751681230564e-10,0.00021280708084590684,3.269160832366847e-11,3.269160833096767e-11,0.03590360006245924
3834,User_3820,Unknown,1,0.00024764735017335313,0.239218009478673,0.0,6.211378354410986e-10,4.899249878961015e-05,3.019504127058847e-11,3.0195041355531775e-11,0.031084960672867028
3835,User_3821,Unknown,26,0.0064388311045071814,0.23957282705428656,7.43514952350681e-06,7.491823166617319e-10,0.00032958007023181217,3.5766682905430846e-11,3.576668303063639e-11,0.03998114483622893
3836,User_3822,Unknown,30,0.007429420505200594,0.23962969556702865,2.9409761327986556e-06,7.719825860929269e-10,0.00033233280123101227,3.6905503668237955e-11,3.690550382007829e-11,0.040607946910042894
3837,User_3823,Unknown,14,0.003467062902426944,0.23940238335210767,2.6425287596011155e-06,6.859514901853135e-10,0.00021195544180602476,3.3016735636498145e-11,3.301673583928225e-11,0.036032314501747424
3838,User_3824,Unknown,50,0.012382367508667657,0.23991444358623967,8.358421041246329e-06,2.773827745470329e-09,0.00044216225400416987,8.898521786622553e-11,8.898521749207205e-11,0.04556263098370515
3839,User_3825,Unknown,27,0.006686478454680535,0.2395870416518334,1.0275405541924268e-05,9.105407470152358e-10,0.00037801755662415846,4.016615843012314e-11,4.016615816741723e-11,0.0410397591068724
3840,User_3826,Unknown,32,0.0079247152055473,0.2396581399489584,4.271327517365138e-06,7.836641792936375e-10,0.0003551647737690445,3.7418632541908144e-11,3.741863255962827e-11,0.04132715221845451
3841,User_3827,Unknown,8,0.001981178801386825,0.23931725241510104,2.0652615281569368e-07,6.685416669065687e-10,0.0001300166229254391,3.202827870712986e-11,3.202827867911701e-11,0.033621678572619065
3842,User_3828,Unknown,28,0.006934125804853888,0.23960125793627246,2.425214427574672e-06,2.1476533813258567e-09,0.0002668304898296286,7.160418758243654e-11,7.160418743619968e-11,0.03908406362599078
3843,User_3829,Unknown,37,0.009162951956414065,0.2397292804559487,1.3516782363195327e-05,8.06560187825199e-10,0.00043424995981894253,3.834176482134192e-11,3.8341764556043685e-11,0.043542044387672015
3844,User_3831,Unknown,25,0.006191183754333828,0.23955861414333174,4.182621781135676e-06,2.111400369132796e-09,0.00026594128587306915,7.022442893475531e-11,7.02244288064272e-11,0.03863565779288975
3845,User_3832,Unknown,12,0.0029717682020802376,0.239373999644318,6.477055033480166e-07,9.443863855679238e-10,0.00014071770459582453,3.930662073766353e-11,3.9306620747880234e-11,0.03439982359637841
3846,User_3833,Unknown,32,0.0079247152055473,0.2396581399489584,3.123640006306944e-06,7.816030964135203e-10,0.0003507254723022377,3.7287851139769117e-11,3.7287850895738965e-11,0.041243068642301185
3847,User_3834,Unknown,7,0.001733531451213472,0.2393030698115444,6.772669817808378e-08,6.527290921631069e-10,0.0001122360035276979,3.156121428649886e-11,3.1561213878522926e-11,0.03314219092972457
3848,User_3835,Unknown,26,0.0064388311045071814,0.23957282705428656,8.5852903994875e-07,7.615452247514993e-10,0.00030854312362491677,3.6093781494459244e-11,3.6093780991791253e-11,0.0395823516362478
3849,User_3836,Unknown,22,0.005448241703813769,0.23951598552701822,4.563911143503111e-06,7.227098616145781e-10,0.0003386765771818495,3.4635928911093476e-11,3.463592870827571e-11,0.039575689097622456
3850,User_3837,Unknown,17,0.004210004952947003,0.2394449715370019,4.672735662933686e-07,6.99273220986034e-10,0.0002650665285362242,3.360713793057671e-11,3.360713792661549e-11,0.037465674100391415
3851,User_3838,Unknown,61,0.01510648836057454,0.24007134363852556,2.0037491672930635e-05,2.001575312549273e-09,0.0005467591412082398,6.976828119452313e-11,6.976828083088285e-11,0.04912404198936907
3852,User_3839,Unknown,5,0.0012382367508667657,0.23927470964683575,1.0633029649916902e-07,8.632495826469144e-10,9.945379087685887e-05,3.7050169543396145e-11,3.7050169596072597e-11,0.03261301323353884
3853,User_3840,Unknown,12,0.0029717682020802376,0.239373999644318,7.878727971951831e-08,6.88171469687888e-10,0.00017006558081013505,3.288986538751556e-11,3.288986550440203e-11,0.034953268004221494
3854,User_3841,Unknown,33,0.008172362555720653,0.23967236467236466,3.1778090809423134e-06,4.136771732920911e-09,0.00031918262866070487,1.231684687550514e-10,1.231684688490223e-10,0.040792130589910804
3855,User_3842,Unknown,41,0.010153541357107478,0.23978622327790974,8.568647533247813e-06,4.001014122127323e-09,0.0003968171901960338,1.198732795200626e-10,1.1987327936477903e-10,0.04341070406211023
3856,User_3843,Unknown,8,0.001981178801386825,0.23931725241510104,2.2848797978992265e-07,6.60524986762468e-10,0.0001237843179136852,3.185714759405317e-11,3.185714767980066e-11,0.033504119752332716
3857,User_3844,Unknown,5,0.0012382367508667657,0.23927470964683575,0.0,6.388291625101108e-10,0.0001248167697905552,3.098931538249888e-11,3.098931539298802e-11,0.03309142468718051
3858,User_3845,Unknown,20,0.004952947003467063,0.23948757487693495,7.267914847642037e-07,1.1189909421352848e-09,0.00020082435663608183,4.424112781944102e-11,4.424112772532633e-11,0.03668603087604142
3859,User_3846,Unknown,2,0.0004952947003467063,0.2392321820013034,0.0,6.252626911377073e-10,8.535810324389811e-05,3.0382153521043897e-11,3.038215351560021e-11,0.03191498646048666
3860,User_3847,Unknown,13,0.0032194155522535907,0.23938819065686506,2.3842524176544446e-06,1.2190295036688812e-09,0.00022310980537717335,4.6935715169265435e-11,4.6935715067272735e-11,0.03609861317913635
3861,User_3848,Unknown,6,0.0014858841010401188,0.23928888888888888,2.4537760730577472e-08,6.452057987344811e-10,0.00014104940120334593,3.12423479637622e-11,3.12423481696485e-11,0.03354167560121008
3862,User_3849,Unknown,5,0.0012382367508667657,0.23927470964683575,3.067220091322184e-08,1.0325578799097834e-09,0.00012507400957268276,5.505419056742782e-11,5.505419053419927e-11,0.03309628805474007
3863,User_3850,Unknown,20,0.004952947003467063,0.23948757487693495,1.2224021826798333e-06,7.294800780454738e-10,0.0002583256129917855,3.468029144970004e-11,3.468029161875527e-11,0.037770872842727676
3864,User_3852,Unknown,22,0.005448241703813769,0.23951598552701822,1.7934585118477697e-06,1.672868080578719e-09,0.0002196373641705317,5.870216171389824e-11,5.870216142934006e-11,0.03732932893975825
3865,User_3853,Unknown,1,0.00024764735017335313,0.239218009478673,0.0,6.211378354410986e-10,4.899249878961015e-05,3.019504127058847e-11,3.0195041247351124e-11,0.031084960672867028
3866,User_3854,Unknown,2,0.0004952947003467063,0.2392321820013034,0.0,6.275581422916539e-10,6.398315980650711e-05,3.044963218549215e-11,3.0449632268557656e-11,0.03151177252559876
3867,User_3855,Unknown,15,0.003714710252600297,0.23941657773034508,1.409789244040137e-06,6.921068451768882e-10,0.00019373152395516465,3.335228039868526e-11,3.33522803593929e-11,0.03583221579301928
3868,User_3856,Unknown,1,0.00024764735017335313,0.239218009478673,0.0,6.211378354410986e-10,4.899249878961015e-05,3.019504127058847e-11,3.019504090100192e-11,0.031084960672867017
3869,User_3857,Unknown,11,0.0027241208519068845,0.23935981031416717,2.0591127885799276e-08,6.686144179576157e-10,0.00018359638853035173,3.2292686172690366e-11,3.229268660072073e-11,0.03506445527750871
3870,User_3858,Unknown,32,0.0079247152055473,0.2396581399489584,1.926173498814607e-06,1.8016316154629626e-09,0.00029493697299311396,6.272186267176419e-11,6.272186257535228e-11,0.04019032890986436
3871,User_3859,Unknown,6,0.0014858841010401188,0.23928888888888888,4.907552146115493e-07,1.0332771644781918e-09,0.00010634486228982301,5.493108450564925e-11,5.4931084501342534e-11,0.03288715432928963
3872,User_3860,Unknown,37,0.009162951956414065,0.2397292804559487,2.342281825912508e-06,1.902091813482584e-09,0.00033415901391888395,6.570790224015487e-11,6.570790195700558e-11,0.04165062355247457
3873,User_3862,Unknown,19,0.0047052996532937095,0.23947337207923142,8.845172266875242e-07,7.163557804641636e-10,0.00024164564650749933,3.4288180977138565e-11,3.428818062878872e-11,0.03731207833188222
3874,User_3863,Unknown,11,0.0027241208519068845,0.23935981031416717,3.664597718632076e-07,6.656434099618459e-10,0.00022927441872042304,3.220296415567578e-11,3.220296410409409e-11,0.03592622206362774
3875,User_3864,Unknown,7,0.001733531451213472,0.2393030698115444,0.0,8.480098964520067e-10,0.00014775117038639675,3.654783821376392e-11,3.654783840604608e-11,0.033812124457113464
3876,User_3865,Unknown,4,0.0009905894006934125,0.2392605320850862,1.1153527604807941e-08,6.38788658787167e-10,7.995813253228579e-05,3.092891866478043e-11,3.092891865242251e-11,0.032101188287564836
3877,User_3866,Unknown,19,0.0047052996532937095,0.23947337207923142,1.4434094660057986e-06,7.120195255248362e-10,0.0002347508378608612,3.422999984026224e-11,3.423000001960298e-11,0.037182181774960466
3878,User_3867,Unknown,26,0.0064388311045071814,0.23957282705428656,1.719293100056041e-06,7.601848948862559e-10,0.0003151396026073451,3.604600722259128e-11,3.6046006721379865e-11,0.039707042591870405
3879,User_3868,Unknown,18,0.004457652303120356,0.2394591709660203,4.442746927658965e-07,6.996790467724389e-10,0.00028286564811995986,3.369103731006906e-11,3.369103727916181e-11,0.03794547112524142
3880,User_3869,Unknown,32,0.0079247152055473,0.2396581399489584,8.687118406831242e-06,8.131704290218821e-10,0.00035937435082085986,3.8165171082994404e-11,3.8165171008150424e-11,0.04140787397638538
3881,User_3870,Unknown,26,0.0064388311045071814,0.23957282705428656,4.119911439312484e-06,7.528239938744433e-10,0.00030173943635814496,3.604826719482196e-11,3.604826710860436e-11,0.03945497741967345
3882,User_3871,Unknown,8,0.001981178801386825,0.23931725241510104,8.763485975206239e-09,6.550374546607426e-10,0.0001425146220627122,3.168248568877145e-11,3.168248573675522e-11,0.033857380248340424
3883,User_3873,Unknown,38,0.009410599306587419,0.23974351362583862,5.010866833585584e-06,4.3157347841767126e-09,0.00035473481464926883,1.279235312975866e-10,1.279235310753769e-10,0.042183623346539134
3884,User_3874,Unknown,14,0.003467062902426944,0.23940238335210767,8.423568943440664e-08,6.821042573212665e-10,0.00022499058907300918,3.2899272649384955e-11,3.2899272721857926e-11,0.03627744710837879
3885,User_3875,Unknown,2,0.0004952947003467063,0.2392321820013034,0.0,6.253537699047949e-10,7.030180199942762e-05,3.038591521906341e-11,3.0385915194054864e-11,0.03163096650132492
3886,User_3876,Unknown,9,0.002228826151560178,0.23933143669985776,1.0224066971073945e-08,6.748272084529604e-10,0.00013297654525562216,3.2298914338549535e-11,3.22989142860709e-11,0.033821491865097926
3887,User_3878,Unknown,10,0.0024764735017335313,0.23934562266611345,5.039416394486012e-07,6.681317989637667e-10,0.00014820771900937566,3.222008172448591e-11,3.2220081797023e-11,0.03425299428633226
3888,User_3879,Unknown,2,0.0004952947003467063,0.2392321820013034,0.0,6.275581422916539e-10,6.398315980650711e-05,3.044963218549215e-11,3.0449632078878085e-11,0.03151177252559875
3889,User_3880,Unknown,10,0.0024764735017335313,0.23934562266611345,1.036720390866898e-06,1.4912663715998671e-09,0.00015216051479791128,6.701759250527328e-11,6.701759244091092e-11,0.03432772052478927
3890,User_3881,Unknown,18,0.004457652303120356,0.2394591709660203,2.547266534802334e-06,7.066071809897197e-10,0.00022723928251863578,3.3964740611128915e-11,3.396474054862118e-11,0.036896768388488266
3891,User_3882,Unknown,4,0.0009905894006934125,0.2392605320850862,1.0564869203443078e-07,6.369946409590219e-10,8.343756797092906e-05,3.0871849660925704e-11,3.087184966016983e-11,0.03216685195860288
3892,User_3883,Unknown,15,0.003714710252600297,0.23941657773034508,8.404979730765984e-08,8.96131829115574e-10,0.00023239634391977106,3.844906045578082e-11,3.844906059688661e-11,0.03656118994914558
3893,User_3884,Unknown,34,0.008420009905894007,0.23968659108446608,3.087291645476382e-06,2.623198949469782e-09,0.0003109508650558489,8.383095010747417e-11,8.383094965365107e-11,0.04078087419232895
3894,User_3885,Unknown,2,0.0004952947003467063,0.2392321820013034,0.0,6.252974666249132e-10,7.488655760061946e-05,3.0383552687353696e-11,3.038355281081186e-11,0.03171745268913253
3895,User_3887,Unknown,5,0.0012382367508667657,0.23927470964683575,3.476182770165141e-07,6.388560120726086e-10,0.0001251465368330839,3.099295535481632e-11,3.099295550304539e-11,0.03309774871300427
3896,User_3888,Unknown,10,0.0024764735017335313,0.23934562266611345,7.630075122412899e-07,1.3678756377221246e-09,0.00016598553589941445,5.0550144369910066e-11,5.0550144287745686e-11,0.0345884314597457
3897,User_3889,Unknown,15,0.003714710252600297,0.23941657773034508,6.448449499399752e-08,2.222746710309813e-09,0.000158870636676487,7.235995344056066e-11,7.235995318441353e-11,0.03517420905149995
3898,User_3890,Unknown,5,0.0012382367508667657,0.23927470964683575,1.6290346707244483e-07,6.426514833291281e-10,9.543148882602012e-05,3.110569443347465e-11,3.1105694316841884e-11,0.032537153301737856
3899,User_3891,Unknown,24,0.005943536404160475,0.2395444029186688,4.615956045428046e-06,1.0454457256046707e-09,0.000267397354282229,4.279842244031135e-11,4.279842235414144e-11,0.038519201071615536
3900,User_3892,Unknown,13,0.0032194155522535907,0.23938819065686506,7.210980301276929e-08,6.776267258120343e-10,0.00021110949180308408,3.2697869661966354e-11,3.2697869601095e-11,0.035871552071960626
3901,User_3893,Unknown,6,0.0014858841010401188,0.23928888888888888,2.630993233889695e-07,6.480614198453962e-10,0.00011002618640083126,3.134280229180373e-11,3.1342801743176305e-11,0.03295652895190619
3902,User_3894,Unknown,9,0.002228826151560178,0.23933143669985776,4.029742967599002e-07,6.560861117917567e-10,0.00020149798833869203,3.1772866840448884e-11,3.177286648850787e-11,0.03511418748880195
3903,User_3895,Unknown,13,0.0032194155522535907,0.23938819065686506,1.7107630294492824e-06,6.873423979218662e-10,0.00018618425873603126,3.3081866083897584e-11,3.308186600164783e-11,0.03540185316486962
3904,User_3896,Unknown,21,0.005200594353640416,0.2395017793594306,1.4128468050658914e-06,7.227666446147596e-10,0.0002448789399560659,3.471468755537754e-11,3.4714687576021275e-11,0.037661319617058875
3905,User_3897,Unknown,4,0.0009905894006934125,0.2392605320850862,0.0,6.399832627565659e-10,9.584566347329161e-05,3.0907013056110266e-11,3.0907013107894086e-11,0.032400885132541815
3906,User_3898,Unknown,16,0.00396235760277365,0.23943077379187666,6.36149413745653e-07,9.018598967846585e-10,0.0002495887178908439,3.8674216073712124e-11,3.86742160993457e-11,0.03702971069068275
3907,User_3899,Unknown,7,0.001733531451213472,0.2393030698115444,0.0,6.50323600180955e-10,0.00012988596981690313,3.147088129864886e-11,3.1470881241098624e-11,0.03347511728076233
3908,User_3900,Unknown,34,0.008420009905894007,0.23968659108446608,6.7181013966334965e-06,7.902158301970185e-10,0.0003728338111968343,3.7678349778269225e-11,3.767834994683234e-11,0.041949299960378765
3909,User_3901,Unknown,8,0.001981178801386825,0.23931725241510104,6.61643191128071e-07,6.547344769204468e-10,0.0001520067336787837,3.166945105019328e-11,3.166945100913853e-11,0.03403663221227491
3910,User_3902,Unknown,42,0.010401188707280832,0.2398004632104044,8.624170715114602e-06,1.7737709239343265e-09,0.0003910109256033018,6.264898713354312e-11,6.264898698847007e-11,0.04344525031475454
3911,User_3903,Unknown,18,0.004457652303120356,0.2394591709660203,1.1058563551789978e-06,7.06728011148998e-10,0.00021770163947053048,3.400455514882263e-11,3.4004555107975606e-11,0.03671642309830742
3912,User_3904,Unknown,7,0.001733531451213472,0.2393030698115444,6.041494119270968e-07,1.0408091036927392e-09,0.00014282001189329813,5.5382713706292027e-11,5.538271364957489e-11,0.033719284554339514
3913,User_3905,Unknown,8,0.001981178801386825,0.23931725241510104,2.5896101056734436e-07,6.523151573431315e-10,0.00017676672401688038,3.160204640968134e-11,3.160204617616432e-11,0.034503581481288854
3914,User_3906,Unknown,44,0.010896483407627538,0.23982894814990793,1.4216873048631228e-05,8.414701186552717e-10,0.00047830925394958516,3.999467423599836e-11,3.999467403597419e-11,0.04538182521674905
3915,User_3907,Unknown,26,0.0064388311045071814,0.23957282705428656,3.2240072039561943e-06,7.604224939083646e-10,0.0003135844045162219,3.6053697124336e-11,3.6053696669544236e-11,0.03967815290219334
3916,User_3908,Unknown,7,0.001733531451213472,0.2393030698115444,3.9873861187188386e-07,8.728923651261399e-10,0.00012993041917037945,3.717478122193141e-11,3.717478098007392e-11,0.033476074911071636
3917,User_3909,Unknown,22,0.005448241703813769,0.23951598552701822,3.031414803104831e-06,7.355697140415961e-10,0.0002560769716189564,3.530104176559593e-11,3.530104183219973e-11,0.03801708614046773
3918,User_3910,Unknown,4,0.0009905894006934125,0.2392605320850862,0.0,6.350948226148493e-10,8.984639401949445e-05,3.082001033872226e-11,3.0820010140468816e-11,0.0322877157418088
3919,User_3911,Unknown,7,0.001733531451213472,0.2393030698115444,0.0,8.480098964520067e-10,0.00014775117038639675,3.654783821487638e-11,3.654783822541147e-11,0.033812124457113464
3920,User_3912,Unknown,15,0.003714710252600297,0.23941657773034508,1.1583735098136245e-07,6.865806079869524e-10,0.0002388355994162924,3.310063124817316e-11,3.310063116431963e-11,0.036682668050434145
3921,User_3913,Unknown,18,0.004457652303120356,0.2394591709660203,2.0634870393004546e-07,1.0868352209138685e-09,0.0001822242100872117,4.327523170541338e-11,4.32752316784366e-11,0.03604691541583189
3922,User_3914,Unknown,8,0.001981178801386825,0.23931725241510104,8.203109733124996e-07,6.83532992099843e-10,0.00012631515324451815,3.244761376146477e-11,3.244761375385943e-11,0.03355203708572999
3923,User_3915,Unknown,22,0.005448241703813769,0.23951598552701822,1.9704317899426306e-06,7.582132901777332e-10,0.0002685749281147041,3.566205432944221e-11,3.56620544516268e-11,0.03825253046511844
3924,User_3916,Unknown,7,0.001733531451213472,0.2393030698115444,4.784863342462607e-07,8.223029240305524e-10,0.000131907994946753,3.5959733238024173e-11,3.595973314866244e-11,0.033513403200097484
3925,User_3917,Unknown,15,0.003714710252600297,0.23941657773034508,2.4031868585645107e-07,6.863421277722637e-10,0.0002404843758693073,3.309076345581215e-11,3.30907634276637e-11,0.03671380734594404
3926,User_3918,Unknown,31,0.007677067855373947,0.2396439169139466,2.0656704908357807e-05,9.521363290773658e-10,0.0005435546513824041,4.1338930529771506e-11,4.133893053574683e-11,0.04474172854253735
3927,User_3919,Unknown,12,0.0029717682020802376,0.239373999644318,8.763485975206239e-09,8.798122015855649e-10,0.00019096151410464152,3.778597371420537e-11,3.7785973755097394e-11,0.03534742566308725
3928,User_3920,Unknown,16,0.00396235760277365,0.23943077379187666,1.9948438201440427e-07,6.912652980444163e-10,0.00024311385948575857,3.331854027554018e-11,3.3318540263077793e-11,0.03690743948272921
3929,User_3921,Unknown,30,0.007429420505200594,0.23962969556702865,3.05234426635472e-06,7.792879971455886e-10,0.00036834951276542823,3.688808493832145e-11,3.6888084397417924e-11,0.0412873942353827
3930,User_3922,Unknown,2,0.0004952947003467063,0.2392321820013034,0.0,6.255264704009074e-10,6.835218860835526e-05,3.039311868969944e-11,3.039311837734653e-11,0.031594189267768545
3931,User_3923,Unknown,7,0.001733531451213472,0.2393030698115444,1.1655436347024297e-07,6.489513071199989e-10,0.00016924518505774048,3.1416323387812945e-11,3.141632345199989e-11,0.03421761865534909
3932,User_3924,Unknown,41,0.010153541357107478,0.23978622327790974,5.8075826479411836e-06,8.288841424972902e-10,0.0004383519516754312,3.943152557342703e-11,3.943152537925814e-11,0.04419338062325689
3933,User_3925,Unknown,5,0.0012382367508667657,0.23927470964683575,2.4537760730577472e-08,1.4300313321309523e-09,0.00011622869341800627,7.930153411191452e-11,7.930153509755627e-11,0.032929431152637016
3934,User_3926,Unknown,43,0.010648836057454186,0.23981470483430337,6.600282341381388e-06,1.8065595535712618e-09,0.00039181066137351344,6.343446502347519e-11,6.34344651088103e-11,0.04360379998044899
3935,User_3927,Unknown,24,0.005943536404160475,0.2395444029186688,6.672820551574322e-06,8.951500327978372e-10,0.0003193852582266031,3.943346327661477e-11,3.943346312178264e-11,0.03950050473549894
3936,User_3928,Unknown,3,0.0007429420505200594,0.23924635620334161,7.66805022830546e-09,8.386793272214639e-10,6.516806478584636e-05,3.594340322370719e-11,3.594340327055625e-11,0.03167815821196821
3937,User_3929,Unknown,15,0.003714710252600297,0.23941657773034508,9.293785733044456e-07,1.9480874445125674e-09,0.00017567723002959778,6.526951037832254e-11,6.526951052638269e-11,0.03549150266534538
3938,User_3930,Unknown,47,0.011639425458147598,0.2398716882499703,2.0434797378149024e-05,1.9458411692083187e-09,0.0004651476949017557,6.770877457861743e-11,6.770877391672665e-11,0.04556760218781759
3939,User_3931,Unknown,22,0.005448241703813769,0.23951598552701822,5.183439665090059e-06,7.330541003525653e-10,0.00028647252842299917,3.5112055735803126e-11,3.5112055689395315e-11,0.038591103450462926
3940,User_3932,Unknown,8,0.001981178801386825,0.23931725241510104,6.952365540330283e-08,6.517347509444692e-10,0.0001851494730231624,3.157261290271485e-11,3.1572613102696344e-11,0.03466165616371545
3941,User_3933,Unknown,22,0.005448241703813769,0.23951598552701822,3.111493399509046e-06,7.183795948716786e-10,0.0003252449689223507,3.4534504376155e-11,3.4534503774998225e-11,0.039321885306882846
3942,User_3934,Unknown,10,0.0024764735017335313,0.23934562266611345,2.355057981042924e-07,9.006573098767459e-10,0.00012665130368852428,3.806608950492093e-11,3.806608941040955e-11,0.03384627790037562
3943,User_3935,Unknown,1,0.00024764735017335313,0.239218009478673,0.0,6.211378354410986e-10,4.899249878961015e-05,3.019504127058847e-11,3.019504099530693e-11,0.031084960672867017
3944,User_3936,Unknown,6,0.0014858841010401188,0.23928888888888888,1.2268880365288736e-08,6.576182487002252e-10,0.00010350225238069794,3.157708893295029e-11,3.157708897737205e-11,0.03283338782742851
3945,User_3937,Unknown,14,0.003467062902426944,0.23940238335210767,1.098693675651545e-06,6.910271841173765e-10,0.00018610123127929626,3.3201608256008176e-11,3.320160814056988e-11,0.0355441453296902
3946,User_3938,Unknown,83,0.02055473006438831,0.24038576020954874,3.8086817415907674e-05,5.867907165452897e-09,0.000726601468756114,1.7134229302230156e-10,1.713422924405531e-10,0.05569193166394969
3947,User_3939,Unknown,4,0.0009905894006934125,0.2392605320850862,0.0,6.343625613403347e-10,0.0001066386160504247,3.0791692377599185e-11,3.079169228159487e-11,0.032604481865628844
3948,User_3940,Unknown,11,0.0027241208519068845,0.23935981031416717,3.240099769196707e-07,7.363442692179626e-10,0.00013442717347752022,3.3829431494022114e-11,3.382943146428367e-11,0.034137024465277756
3949,User_3941,Unknown,7,0.001733531451213472,0.2393030698115444,7.770290898016199e-07,6.685192126320664e-10,0.0001175827112301002,3.198960057084089e-11,3.198960051391147e-11,0.03324326139347592
3950,User_3942,Unknown,2,0.0004952947003467063,0.2392321820013034,0.0,7.829233960245075e-10,6.126980368661085e-05,3.457843003269002e-11,3.457842988128096e-11,0.03146058858097542
3951,User_3944,Unknown,13,0.0032194155522535907,0.23938819065686506,1.0831273529429388e-06,1.7030788464272592e-09,0.00015308734470591734,5.897236625375647e-11,5.897236610106423e-11,0.03477733374589369
3952,User_3945,Unknown,34,0.008420009905894007,0.23968659108446608,8.790989378257524e-06,9.49193300167063e-10,0.0004024774488028448,4.1852304209060124e-11,4.185230418613945e-11,0.04250911009019417
3953,User_3946,Unknown,4,0.0009905894006934125,0.2392605320850862,1.7526971950412477e-08,6.348043220794633e-10,9.34919948972951e-05,3.080785339925675e-11,3.0807853430665113e-11,0.03235649105628204
3954,User_3947,Unknown,32,0.0079247152055473,0.2396581399489584,4.959565925730854e-06,7.817195987775619e-10,0.0003560437594378336,3.7360365503849926e-11,3.736036589426713e-11,0.041343937887474834
3955,User_3949,Unknown,12,0.0029717682020802376,0.239373999644318,1.845736204478021e-06,6.686059012001648e-10,0.0002625385788278003,3.234015201633215e-11,3.234015178119954e-11,0.036698190952486325
3956,User_3950,Unknown,16,0.00396235760277365,0.23943077379187666,3.714249982332625e-06,1.4369548261374624e-09,0.0002337328604373987,5.2676637094120006e-11,5.2676636832751444e-11,0.03673152458365354
3957,User_3951,Unknown,35,0.00866765725606736,0.23970081918556335,3.549791637245822e-06,7.981413128172991e-10,0.00037978521951497146,3.807035613930811e-11,3.807035595157546e-11,0.04222354676210963
3958,User_3952,Unknown,4,0.0009905894006934125,0.2392605320850862,2.044813394214789e-08,6.343834669363497e-10,0.0001067611538676698,3.078941929527979e-11,3.0789419356404705e-11,0.032606799480981434
3959,User_3953,Unknown,4,0.0009905894006934125,0.2392605320850862,3.067220091322184e-08,6.425011067017982e-10,9.354907506403329e-05,3.106767681479139e-11,3.1067676836426396e-11,0.032357571740271256
3960,User_3954,Unknown,4,0.0009905894006934125,0.2392605320850862,4.089626788429578e-08,1.0257395029142407e-09,0.000111237867402,5.4708907615688334e-11,5.470890772771038e-11,0.03269125536092735
3961,User_3955,Unknown,3,0.0007429420505200594,0.23924635620334161,0.0,6.33019916167415e-10,7.048686842537691e-05,3.069006031961255e-11,3.0690060386011376e-11,0.03177848854642899
3962,User_3956,Unknown,24,0.005943536404160475,0.2395444029186688,4.766767729260224e-06,7.41824123163249e-10,0.0003043243888113981,3.5462739677544154e-11,3.546273952260289e-11,0.03921583152164735
3963,User_3957,Unknown,18,0.004457652303120356,0.2394591709660203,9.507258759255795e-07,8.944873840184913e-10,0.0002782180493996354,3.8757401617891306e-11,3.875740170041654e-11,0.037857950568767354
3964,User_3958,Unknown,9,0.002228826151560178,0.23933143669985776,6.656469013873319e-07,6.628695893504537e-10,0.00013467880622172304,3.202185840681157e-11,3.2021858293257534e-11,0.03385379790288373
3965,User_3959,Unknown,2,0.0004952947003467063,0.2392321820013034,0.0,6.264999996831516e-10,5.971830001547999e-05,3.04141689767419e-11,3.0414169219343384e-11,0.03143132080414775
3966,User_3960,Unknown,17,0.004210004952947003,0.2394449715370019,9.8487861751963e-07,6.950000850846946e-10,0.00025565775996250407,3.350737517773852e-11,3.350737506444828e-11,0.037288342278793116
3967,User_3963,Unknown,6,0.0014858841010401188,0.23928888888888888,9.610622952809509e-08,6.428800273528689e-10,0.00014807143445855913,3.117702032862806e-11,3.1177020128517715e-11,0.03367415952440978
3968,User_3964,Unknown,15,0.003714710252600297,0.23941657773034508,2.1661389889382e-06,8.435007795320321e-10,0.00022673292519764023,3.729293209138333e-11,3.7292932037107814e-11,0.036454974879484424
3969,User_3965,Unknown,4,0.0009905894006934125,0.2392605320850862,0.0,6.349711895107123e-10,9.004062367041861e-05,3.08150528483296e-11,3.081505303189893e-11,0.0322913796623438
3970,User_3966,Unknown,47,0.011639425458147598,0.2398716882499703,9.833627390977704e-06,2.3957091804177682e-09,0.0004263985481794752,7.886444079367667e-11,7.886444058665792e-11,0.044833493193441896
3971,User_3967,Unknown,16,0.00396235760277365,0.23943077379187666,1.6995408987976987e-06,6.916521453649645e-10,0.0002406460281241239,3.332586290236884e-11,3.332586291814661e-11,0.03686133262227885
3972,User_3968,Unknown,46,0.011391778107974244,0.23985743985743985,9.566847464803526e-06,5.46108273613618e-09,0.0004354048525910175,1.5840105556272522e-10,1.584010551946222e-10,0.04485924724074154
3973,User_3969,Unknown,25,0.006191183754333828,0.23955861414333174,1.1814634115400997e-06,7.457790039050149e-10,0.0002802483112924496,3.570175995333558e-11,3.570175989775071e-11,0.038904647621965535
3974,User_3970,Unknown,6,0.0014858841010401188,0.23928888888888888,2.3482147662111032e-07,1.0452365263944517e-09,0.00010685540717664344,4.171573275748539e-11,4.171573283844653e-11,0.03289670848862155
3975,User_3971,Unknown,47,0.011639425458147598,0.2398716882499703,1.0662308547152379e-05,4.274806376835777e-09,0.00044171865694179704,1.2747797756593394e-10,1.274779768783448e-10,0.045122741030600134
3976,User_3972,Unknown,18,0.004457652303120356,0.2394591709660203,3.8187610113470187e-07,7.138107413790377e-10,0.0002274605774474666,3.421968607242982e-11,3.421968605229397e-11,0.036900299121146375
3977,User_3973,Unknown,8,0.001981178801386825,0.23931725241510104,4.3622685743248834e-08,6.584148681651982e-10,0.0001168580631288116,3.184327157844306e-11,3.1843271629526275e-11,0.03337340888751327
3978,User_3974,Unknown,1,0.00024764735017335313,0.239218009478673,0.0,6.211378354410986e-10,4.899249878961015e-05,3.019504127058847e-11,3.01950422732229e-11,0.031084960672867052
3979,User_3975,Unknown,15,0.003714710252600297,0.23941657773034508,3.8649220198345465e-08,6.889638978019056e-10,0.00023894007164522763,3.316943266037716e-11,3.316943251281236e-11,0.036684615858831815
3980,User_3976,Unknown,15,0.003714710252600297,0.23941657773034508,3.0571922905482783e-07,6.937976369457605e-10,0.00018291965651798738,3.342151210608672e-11,3.3421512133378033e-11,0.03562793400663338
3981,User_3977,Unknown,6,0.0014858841010401188,0.23928888888888888,4.9360147501375316e-08,6.465039705091214e-10,0.00010304010218819729,3.131230818666415e-11,3.131230816775268e-11,0.0328246808890342
3982,User_3978,Unknown,4,0.0009905894006934125,0.2392605320850862,1.2268880365288735e-07,8.548962393725366e-10,7.916766014741023e-05,3.639104842892884e-11,3.6391048416044e-11,0.03208631066506181
3983,User_3979,Unknown,12,0.0029717682020802376,0.239373999644318,1.0576553851410019e-06,1.2060199865934327e-09,0.00019314128320538026,4.6463696957626454e-11,4.6463696685937405e-11,0.03538885724971855
3984,User_3981,Unknown,8,0.001981178801386825,0.184039013718609,5.5502077842972845e-08,3.0663707699874437e-10,0.0002509388280261734,1.9523174661058112e-11,1.95231746409992e-11,0.007844302181856801
3985,User_3982,Unknown,14,0.003467062902426944,0.1840893549122407,1.585898845313156e-06,3.1815352407022073e-10,0.00041626629042715155,2.0254870299097993e-11,2.0254870509478225e-11,0.011810041813408256
3986,User_3983,Unknown,2,0.0004952947003467063,0.18398870005012075,0.0,2.9318178683311827e-10,9.70715536863934e-05,1.8668298213718854e-11,1.8668298464670614e-11,0.004095198380153746
3987,User_3984,Unknown,1,0.00024764735017335313,0.1839803171131766,0.0,2.9129014284709775e-10,6.837293984426776e-05,1.8548108174379438e-11,1.854810782096886e-11,0.00341274034217239
3988,User_3985,Unknown,6,0.0014858841010401188,0.18402223943854532,9.610622952809509e-08,3.0264673409917774e-10,0.00020544665403375513,1.9269675897020245e-11,1.9269675913091948e-11,0.006703969176337976
3989,User_3986,Unknown,9,0.002228826151560178,0.18404740200546946,3.692348757553562e-07,3.066728682633095e-10,0.0002891027493570553,1.9525442530072486e-11,1.9525442457163976e-11,0.008705408435024995
3990,User_3987,Unknown,2,0.0004952947003467063,0.18398870005012075,0.0,2.930989118702677e-10,0.000119230055610259,1.866304685576354e-11,1.866304696512896e-11,0.0045131932588871005
3991,User_3988,Unknown,7,0.001733531451213472,0.18403062619633578,2.5253445418552643e-07,3.0286447233067726e-10,0.0002294949971842573,1.928347181783179e-11,1.92834717828404e-11,0.007298753596572008
3992,User_3990,Unknown,4,0.0009905894006934125,0.18400546821599453,0.0,2.967847292647781e-10,0.00019059705964521065,1.88972513491253e-11,1.889725141146778e-11,0.0061416344037343714
3993,User_3991,Unknown,3,0.0007429420505200594,0.18399708375102525,2.044813394214789e-08,8.691409695632424e-10,0.0001265661698702459,5.534397999155183e-11,5.5343979992121825e-11,0.004792681128811274
3994,User_3992,Unknown,3,0.0007429420505200594,0.18399708375102525,0.0,2.950732099322593e-10,0.00012533933786715835,1.8788474308993042e-11,1.8788473805034116e-11,0.004769529695473483
3995,User_3993,Unknown,6,0.0014858841010401188,0.18402223943854532,6.441162191776586e-08,3.0272763965117337e-10,0.00020431410376590143,1.92748028748753e-11,1.92748029885484e-11,0.006682595484202983
3996,User_3994,Unknown,11,0.0027241208519068845,0.1840641808733704,6.549245185470797e-07,3.124515744911241e-10,0.0003373673358534653,1.989258889892675e-11,1.9892588810607587e-11,0.009898139185254843
3997,User_3995,Unknown,9,0.002228826151560178,0.18404740200546946,6.391502437917084e-07,3.102209419377593e-10,0.00028775520922264696,1.9750920566493092e-11,1.975092051171767e-11,0.00868006888771166
3998,User_3996,Unknown,4,0.0009905894006934125,0.18400546821599453,1.5336100456610918e-07,2.9870124970922993e-10,0.00016882204528932695,1.9019017410054155e-11,1.9019017743758602e-11,0.005730919182945229
3999,User_3997,Unknown,11,0.0027241208519068845,0.1840641808733704,3.0935105492478026e-07,3.1252459353941035e-10,0.0003281298033065843,1.9897215303661927e-11,1.9897215331961905e-11,0.009723780926096574
4000,User_3998,Unknown,14,0.003467062902426944,0.1840893549122407,2.20985904674784e-06,3.197258685248369e-10,0.0004337331851304984,2.035482787573122e-11,2.0354827383111112e-11,0.012139720379761815
4001,User_3999,Unknown,4,0.0009905894006934125,0.18400546821599453,1.2268880365288735e-07,2.968933493206505e-10,0.00017766334646375764,1.8904133579053867e-11,1.8904133564965385e-11,0.005897691124055139
4002,User_4000,Unknown,9,0.002228826151560178,0.18404740200546946,6.124216115673294e-07,3.0648386277929934e-10,0.0002996231842967884,1.9513466116469838e-11,1.9513466364172678e-11,0.008903936745470437
4003,User_4001,Unknown,2,0.0004952947003467063,0.18398870005012075,0.0,2.930989118702677e-10,0.000119230055610259,1.8663046856182034e-11,1.8663046488046947e-11,0.00451319325888709
4004,User_4002,Unknown,7,0.001733531451213472,0.18403062619633578,4.805311476404754e-07,5.953170220886534e-10,0.0002451110609066777,3.7905561002277065e-11,3.790556123169657e-11,0.0075934019277530814
4005,User_4003,Unknown,5,0.0012382367508667657,0.18401385344513307,0.0,3.010508859790665e-10,0.0001696181341747366,1.9168228898994806e-11,1.916822907867658e-11,0.0058869834668147875
4006,User_4004,Unknown,10,0.0024764735017335313,0.18405579105702174,8.721129126326074e-07,6.064576244747673e-10,0.00031778059975441295,3.8613443157588324e-11,3.8613443112261566e-11,0.009387628734649156
4007,User_4005,Unknown,3,0.0007429420505200594,0.18399708375102525,0.0,2.9509553670687934e-10,0.000132423804792059,1.8789889339407293e-11,1.8789889325779053e-11,0.004903170088139071
4008,User_4006,Unknown,2,0.0004952947003467063,0.18398870005012075,0.0,2.949731275297884e-10,0.00010102528006899561,1.8782133767182765e-11,1.87821338232707e-11,0.0041697809292911584
4009,User_4007,Unknown,4,0.0009905894006934125,0.18400546821599453,0.0,2.967847292647781e-10,0.00019059705964521065,1.8897251349642363e-11,1.8897251327510386e-11,0.00614163440373437
4010,User_4008,Unknown,1,0.00024764735017335313,0.1839803171131766,0.0,2.9129014284709775e-10,6.837293984426776e-05,1.8548108174379438e-11,1.854810819646091e-11,0.003412740342172399
4011,User_4009,Unknown,10,0.0024764735017335313,0.18405579105702174,2.4683818830164235e-07,3.1059594274733777e-10,0.000303595535667247,1.9774680652749657e-11,1.9774681085304414e-11,0.009119856455058199
4012,User_4010,Unknown,1,0.00024764735017335313,0.1839803171131766,0.0,2.9129014284709775e-10,6.837293984426776e-05,1.8548108174379438e-11,1.8548108067073585e-11,0.003412740342172396
4013,User_4012,Unknown,2,0.0004952947003467063,0.18398870005012075,0.0,2.930989118702677e-10,0.000119230055610259,1.866304685663765e-11,1.8663046823196146e-11,0.004513193258887099
4014,User_4013,Unknown,6,0.0014858841010401188,0.18402223943854532,1.0224066971073946e-07,8.822222638853009e-10,0.00020708018458659932,5.617516232240562e-11,5.6175162380180177e-11,0.006734788283357301
4015,User_4014,Unknown,12,0.0029717682020802376,0.18407257145462005,1.4651087969548963e-06,3.179370614465969e-10,0.00036791355797996555,2.0241157447795596e-11,2.0241157391968165e-11,0.01061569500981062
4016,User_4015,Unknown,1,0.00024764735017335313,0.1839803171131766,0.0,2.9129014284709775e-10,6.837293984426776e-05,1.8548108174379438e-11,1.8548108165262986e-11,0.003412740342172398
4017,User_4016,Unknown,4,0.0009905894006934125,0.18400546821599453,0.0,2.967847292647781e-10,0.00019059705964521065,1.889725134945618e-11,1.8897251357741776e-11,0.006141634403734371
4018,User_4017,Unknown,9,0.002228826151560178,0.18404740200546946,6.923153920412929e-07,3.0651960480594626e-10,0.00030427652943941963,1.9515730869693442e-11,1.9515730517016638e-11,0.008991740549416552
4019,User_4018,Unknown,7,0.001733531451213472,0.18403062619633578,2.9795852315701213e-08,3.048931492607691e-10,0.00022295627965430965,1.9412345990701325e-11,1.9412345825876456e-11,0.007175341933491375
4020,User_4019,Unknown,8,0.001981178801386825,0.184039013718609,2.0769461761238785e-07,3.0486574999024996e-10,0.0002499399952609731,1.941060807211706e-11,1.9410607933484196e-11,0.007825505579018444
4021,User_4020,Unknown,8,0.001981178801386825,0.184039013718609,5.602788700148523e-07,6.007626494545968e-10,0.0002700492563603438,3.825160221947574e-11,3.825160230854218e-11,0.00820495001170787
4022,User_4021,Unknown,11,0.0027241208519068845,0.1840641808733704,6.350606170032787e-07,3.105986532478102e-10,0.00033484921958822187,1.9774851827210933e-11,1.9774851840803168e-11,0.00985063187867483
4023,User_4022,Unknown,1,0.00024764735017335313,0.1839803171131766,0.0,2.9129014284709775e-10,6.837293984426776e-05,1.8548108174379438e-11,1.85481078055958e-11,0.0034127403421723894
4024,User_4023,Unknown,18,0.004457652303120356,0.18412293101089783,4.477411042832454e-06,6.217195852516025e-10,0.000539819524918666,3.95831232287569e-11,3.9583123111030166e-11,0.014705981825480925
4025,User_4024,Unknown,1,0.00024764735017335313,0.1839803171131766,0.0,2.9129014284709775e-10,6.837293984426776e-05,1.8548108174379438e-11,1.8548108163157673e-11,0.003412740342172398
4026,User_4025,Unknown,4,0.0009905894006934125,0.18400546821599453,0.0,2.967847292647781e-10,0.00019059705964521065,1.8897251351426494e-11,1.8897251037814064e-11,0.006141634403734364
4027,User_4026,Unknown,9,0.002228826151560178,0.18404740200546946,3.968398565772558e-07,3.066856067208863e-10,0.00028222422697950965,1.9526249493874856e-11,1.9526249333740315e-11,0.008575661158544209
4028,User_4027,Unknown,7,0.001733531451213472,0.18403062619633578,5.766373771685704e-07,5.967968931636627e-10,0.0002691261965646986,3.799965853959053e-11,3.7999658110911176e-11,0.008046448664588512
4029,User_4028,Unknown,2,0.0004952947003467063,0.18398870005012075,0.0,2.93133506481728e-10,0.00010421749925373488,1.866523914669053e-11,1.8665239036461517e-11,0.004229998497011394
4030,User_4029,Unknown,2,0.0004952947003467063,0.18398870005012075,0.0,2.930989118702677e-10,0.000119230055610259,1.866304685369948e-11,1.8663046891148875e-11,0.004513193258887099
4031,User_4030,Unknown,19,0.0047052996532937095,0.18413132694938442,4.542114780949394e-06,3.311199724243181e-10,0.0005541491718074534,2.1078772108953928e-11,2.10787720740175e-11,0.015117410209709027
4032,User_4032,Unknown,2,0.0004952947003467063,0.18398870005012075,0.0,2.949731275297884e-10,0.00010102528006899561,1.8782133767182765e-11,1.8782133754343798e-11,0.004169780929291158
4033,User_4033,Unknown,3,0.0007429420505200594,0.18399708375102525,0.0,2.9507415709655466e-10,0.00012393582217351765,1.8788534121177233e-11,1.8788534282743873e-11,0.004743053971861655
4034,User_4034,Unknown,2,0.0004952947003467063,0.18398870005012075,0.0,2.95127029183279e-10,9.382776060909729e-05,1.8791885732167678e-11,1.8791885879215927e-11,0.004034007930213077
4035,User_4035,Unknown,1,0.00024764735017335313,0.1839803171131766,0.0,2.9129014284709775e-10,6.837293984426776e-05,1.8548108174379438e-11,1.8548107899982167e-11,0.003412740342172392
4036,User_4036,Unknown,2,0.0004952947003467063,0.18398870005012075,0.0,2.9312234293826827e-10,0.00010611456987554195,1.8664531618271003e-11,1.8664531819737336e-11,0.004265784571667238
4037,User_4037,Unknown,4,0.0009905894006934125,0.18400546821599453,7.156846879751761e-08,2.9892325138276494e-10,0.00014840681459023689,1.9033085191487344e-11,1.9033085138476353e-11,0.005345784812466155
4038,User_4038,Unknown,9,0.002228826151560178,0.18404740200546946,6.338921522065847e-07,8.91517473191886e-10,0.0002959196263598553,5.676578538159206e-11,5.676578563716284e-11,0.008834082345936177
