id,label,type,degree
0,User_0,Unknown,347
1,User_1,Unknown,17
2,User_2,Unknown,10
3,User_3,Unknown,17
4,User_4,Unknown,10
5,User_5,Unknown,13
6,User_6,Unknown,6
7,User_7,Unknown,20
8,User_8,Unknown,8
9,User_9,Unknown,57
10,User_10,Unknown,10
11,User_11,Unknown,1
12,User_12,Unknown,1
13,User_13,Unknown,31
14,User_14,Unknown,15
15,User_15,Unknown,1
16,User_16,Unknown,9
17,User_17,Unknown,13
18,User_18,Unknown,1
19,User_19,Unknown,16
20,User_20,Unknown,15
21,User_21,Unknown,65
22,User_22,Unknown,11
23,User_23,Unknown,17
24,User_24,Unknown,16
25,User_25,Unknown,69
26,User_26,Unknown,68
27,User_27,Unknown,5
28,User_28,Unknown,13
29,User_29,Unknown,13
30,User_30,Unknown,17
31,User_31,Unknown,23
32,User_32,Unknown,6
33,User_33,Unknown,2
34,User_34,Unknown,5
35,User_35,Unknown,2
36,User_36,Unknown,11
37,User_37,Unknown,1
38,User_38,Unknown,9
39,User_39,Unknown,15
40,User_40,Unknown,44
41,User_41,Unknown,24
42,User_42,Unknown,2
43,User_43,Unknown,1
44,User_44,Unknown,6
45,User_45,Unknown,12
46,User_46,Unknown,5
47,User_47,Unknown,2
48,User_48,Unknown,22
49,User_49,Unknown,4
50,User_50,Unknown,11
51,User_51,Unknown,7
52,User_52,Unknown,2
53,User_53,Unknown,31
54,User_54,Unknown,8
55,User_55,Unknown,17
56,User_56,Unknown,78
57,User_57,Unknown,15
58,User_58,Unknown,12
59,User_59,Unknown,19
60,User_60,Unknown,8
61,User_61,Unknown,3
62,User_62,Unknown,26
63,User_63,Unknown,6
64,User_64,Unknown,7
65,User_65,Unknown,12
66,User_66,Unknown,15
67,User_67,Unknown,76
68,User_68,Unknown,9
69,User_69,Unknown,10
70,User_70,Unknown,2
71,User_71,Unknown,3
72,User_72,Unknown,24
73,User_73,Unknown,10
74,User_74,Unknown,1
75,User_75,Unknown,14
76,User_76,Unknown,3
77,User_77,Unknown,6
78,User_78,Unknown,9
79,User_79,Unknown,12
80,User_80,Unknown,23
81,User_81,Unknown,3
82,User_82,Unknown,34
83,User_83,Unknown,7
84,User_84,Unknown,13
85,User_85,Unknown,14
86,User_86,Unknown,6
87,User_87,Unknown,13
88,User_88,Unknown,20
89,User_89,Unknown,8
90,User_90,Unknown,2
91,User_91,Unknown,8
92,User_92,Unknown,21
93,User_93,Unknown,8
94,User_94,Unknown,22
95,User_95,Unknown,6
96,User_96,Unknown,9
97,User_97,Unknown,3
98,User_98,Unknown,49
99,User_99,Unknown,13
100,User_100,Unknown,9
101,User_101,Unknown,19
102,User_102,Unknown,6
103,User_103,Unknown,16
104,User_104,Unknown,32
105,User_105,Unknown,14
106,User_106,Unknown,8
107,User_107,Unknown,1045
108,User_108,Unknown,13
109,User_109,Unknown,37
110,User_110,Unknown,5
111,User_111,Unknown,14
112,User_112,Unknown,3
113,User_113,Unknown,40
114,User_114,Unknown,1
115,User_115,Unknown,21
116,User_116,Unknown,17
117,User_117,Unknown,6
118,User_118,Unknown,36
119,User_119,Unknown,62
120,User_120,Unknown,4
121,User_121,Unknown,12
122,User_122,Unknown,63
123,User_123,Unknown,18
124,User_124,Unknown,4
125,User_125,Unknown,4
126,User_126,Unknown,7
127,User_127,Unknown,16
128,User_128,Unknown,28
129,User_129,Unknown,7
130,User_130,Unknown,16
131,User_131,Unknown,7
132,User_132,Unknown,16
133,User_133,Unknown,18
134,User_134,Unknown,19
135,User_135,Unknown,10
136,User_136,Unknown,133
137,User_137,Unknown,16
138,User_138,Unknown,2
139,User_139,Unknown,9
140,User_140,Unknown,11
141,User_141,Unknown,28
142,User_142,Unknown,43
143,User_143,Unknown,12
144,User_144,Unknown,15
145,User_145,Unknown,2
146,User_146,Unknown,10
147,User_147,Unknown,6
148,User_148,Unknown,20
149,User_149,Unknown,14
150,User_150,Unknown,11
151,User_151,Unknown,7
152,User_152,Unknown,5
153,User_153,Unknown,2
154,User_154,Unknown,2
155,User_155,Unknown,3
156,User_156,Unknown,12
157,User_157,Unknown,3
158,User_158,Unknown,25
159,User_159,Unknown,14
160,User_160,Unknown,2
161,User_161,Unknown,25
162,User_162,Unknown,8
163,User_163,Unknown,6
164,User_164,Unknown,3
165,User_165,Unknown,11
166,User_166,Unknown,4
167,User_167,Unknown,7
168,User_168,Unknown,11
169,User_169,Unknown,38
170,User_170,Unknown,46
171,User_171,Unknown,22
172,User_172,Unknown,41
173,User_173,Unknown,12
174,User_174,Unknown,4
175,User_175,Unknown,17
176,User_176,Unknown,14
177,User_177,Unknown,11
178,User_178,Unknown,13
179,User_179,Unknown,3
180,User_180,Unknown,20
181,User_181,Unknown,10
182,User_182,Unknown,3
183,User_183,Unknown,2
184,User_184,Unknown,18
185,User_185,Unknown,26
186,User_186,Unknown,44
187,User_187,Unknown,16
188,User_188,Unknown,48
189,User_189,Unknown,7
190,User_190,Unknown,4
191,User_191,Unknown,3
192,User_192,Unknown,5
193,User_193,Unknown,5
194,User_194,Unknown,19
195,User_195,Unknown,9
196,User_196,Unknown,13
197,User_197,Unknown,16
198,User_198,Unknown,12
199,User_199,Unknown,47
200,User_200,Unknown,57
201,User_201,Unknown,4
202,User_202,Unknown,4
203,User_203,Unknown,57
204,User_204,Unknown,22
205,User_205,Unknown,2
206,User_206,Unknown,4
207,User_207,Unknown,3
208,User_208,Unknown,7
209,User_209,Unknown,1
210,User_210,Unknown,1
211,User_211,Unknown,30
212,User_212,Unknown,18
213,User_213,Unknown,39
214,User_214,Unknown,17
215,User_215,Unknown,1
216,User_216,Unknown,2
217,User_217,Unknown,8
218,User_218,Unknown,9
219,User_219,Unknown,6
220,User_220,Unknown,4
221,User_221,Unknown,8
222,User_222,Unknown,11
223,User_223,Unknown,27
224,User_224,Unknown,28
225,User_225,Unknown,10
226,User_226,Unknown,14
227,User_227,Unknown,15
228,User_228,Unknown,3
229,User_229,Unknown,6
230,User_230,Unknown,9
231,User_231,Unknown,21
232,User_232,Unknown,25
233,User_233,Unknown,2
234,User_234,Unknown,2
235,User_235,Unknown,5
236,User_236,Unknown,37
237,User_237,Unknown,7
238,User_238,Unknown,23
239,User_239,Unknown,59
240,User_240,Unknown,3
241,User_241,Unknown,2
242,User_242,Unknown,24
243,User_243,Unknown,8
244,User_244,Unknown,2
245,User_245,Unknown,5
246,User_246,Unknown,14
247,User_247,Unknown,3
248,User_248,Unknown,21
249,User_249,Unknown,24
250,User_250,Unknown,5
251,User_251,Unknown,14
252,User_252,Unknown,65
253,User_253,Unknown,3
254,User_254,Unknown,17
255,User_255,Unknown,2
256,User_256,Unknown,2
257,User_257,Unknown,18
258,User_258,Unknown,15
259,User_259,Unknown,8
260,User_260,Unknown,8
261,User_261,Unknown,38
262,User_262,Unknown,4
263,User_263,Unknown,7
264,User_264,Unknown,5
265,User_265,Unknown,27
266,User_266,Unknown,18
267,User_267,Unknown,2
268,User_268,Unknown,11
269,User_269,Unknown,6
270,User_270,Unknown,4
271,User_271,Unknown,73
272,User_272,Unknown,45
273,User_273,Unknown,9
274,User_274,Unknown,14
275,User_275,Unknown,10
276,User_276,Unknown,18
277,User_277,Unknown,65
278,User_278,Unknown,10
279,User_279,Unknown,2
280,User_280,Unknown,43
281,User_281,Unknown,16
282,User_282,Unknown,2
283,User_283,Unknown,5
284,User_284,Unknown,16
285,User_285,Unknown,47
286,User_286,Unknown,2
287,User_287,Unknown,1
288,User_288,Unknown,4
289,User_289,Unknown,4
290,User_290,Unknown,14
291,User_291,Unknown,36
292,User_292,Unknown,1
293,User_293,Unknown,3
294,User_294,Unknown,3
295,User_295,Unknown,10
296,User_296,Unknown,7
297,User_297,Unknown,25
298,User_298,Unknown,11
299,User_299,Unknown,20
300,User_300,Unknown,7
301,User_301,Unknown,3
302,User_302,Unknown,20
303,User_303,Unknown,21
304,User_304,Unknown,55
305,User_305,Unknown,2
306,User_306,Unknown,9
307,User_307,Unknown,4
308,User_308,Unknown,24
309,User_309,Unknown,10
310,User_310,Unknown,13
311,User_311,Unknown,7
312,User_312,Unknown,26
313,User_313,Unknown,37
314,User_314,Unknown,13
315,User_315,Unknown,56
316,User_316,Unknown,2
317,User_317,Unknown,7
318,User_318,Unknown,11
319,User_319,Unknown,8
320,User_320,Unknown,21
321,User_321,Unknown,3
322,User_322,Unknown,72
323,User_323,Unknown,39
324,User_324,Unknown,26
325,User_325,Unknown,39
326,User_326,Unknown,19
327,User_327,Unknown,4
328,User_328,Unknown,9
329,User_329,Unknown,30
330,User_330,Unknown,16
331,User_331,Unknown,20
332,User_332,Unknown,43
333,User_333,Unknown,8
334,User_334,Unknown,28
335,User_335,Unknown,1
336,User_336,Unknown,3
337,User_337,Unknown,9
338,User_338,Unknown,7
339,User_339,Unknown,27
340,User_340,Unknown,6
341,User_341,Unknown,12
342,User_342,Unknown,34
343,User_343,Unknown,18
344,User_344,Unknown,9
345,User_345,Unknown,16
346,User_346,Unknown,27
347,User_347,Unknown,7
348,User_348,Unknown,229
349,User_414,Unknown,159
350,User_428,Unknown,115
351,User_1684,Unknown,792
352,User_1912,Unknown,755
353,User_2814,Unknown,2
354,User_2838,Unknown,4
355,User_2885,Unknown,4
356,User_3003,Unknown,4
357,User_3173,Unknown,18
358,User_3290,Unknown,5
359,User_353,Unknown,102
360,User_363,Unknown,96
361,User_366,Unknown,97
362,User_376,Unknown,133
363,User_389,Unknown,48
364,User_420,Unknown,34
365,User_475,Unknown,122
366,User_483,Unknown,231
367,User_484,Unknown,107
368,User_517,Unknown,104
369,User_526,Unknown,98
370,User_538,Unknown,87
371,User_563,Unknown,91
372,User_566,Unknown,85
373,User_580,Unknown,84
374,User_596,Unknown,46
375,User_601,Unknown,25
376,User_606,Unknown,91
377,User_629,Unknown,11
378,User_637,Unknown,115
379,User_641,Unknown,66
380,User_649,Unknown,5
381,User_651,Unknown,73
382,User_896,Unknown,126
383,User_897,Unknown,66
384,User_898,Unknown,38
385,User_899,Unknown,3
386,User_900,Unknown,13
387,User_901,Unknown,34
388,User_902,Unknown,46
389,User_903,Unknown,34
390,User_904,Unknown,3
391,User_905,Unknown,17
392,User_906,Unknown,78
393,User_907,Unknown,13
394,User_908,Unknown,32
395,User_909,Unknown,12
396,User_910,Unknown,5
397,User_911,Unknown,1
398,User_912,Unknown,9
399,User_913,Unknown,44
400,User_914,Unknown,16
401,User_915,Unknown,35
402,User_916,Unknown,147
403,User_917,Unknown,130
404,User_918,Unknown,1
405,User_919,Unknown,29
406,User_920,Unknown,13
407,User_921,Unknown,106
408,User_922,Unknown,30
409,User_923,Unknown,8
410,User_924,Unknown,45
411,User_925,Unknown,167
412,User_926,Unknown,21
413,User_927,Unknown,75
414,User_928,Unknown,9
415,User_929,Unknown,5
416,User_930,Unknown,52
417,User_931,Unknown,15
418,User_932,Unknown,63
419,User_933,Unknown,25
420,User_934,Unknown,82
421,User_935,Unknown,7
422,User_936,Unknown,37
423,User_937,Unknown,7
424,User_938,Unknown,29
425,User_939,Unknown,17
426,User_940,Unknown,17
427,User_941,Unknown,54
428,User_942,Unknown,65
429,User_943,Unknown,12
430,User_944,Unknown,37
431,User_945,Unknown,4
432,User_946,Unknown,166
433,User_947,Unknown,115
434,User_948,Unknown,38
435,User_949,Unknown,23
436,User_950,Unknown,10
437,User_951,Unknown,20
438,User_952,Unknown,84
439,User_953,Unknown,109
440,User_954,Unknown,55
441,User_955,Unknown,10
442,User_956,Unknown,10
443,User_957,Unknown,65
444,User_958,Unknown,24
445,User_959,Unknown,46
446,User_960,Unknown,103
447,User_961,Unknown,13
448,User_962,Unknown,27
449,User_963,Unknown,33
450,User_964,Unknown,26
451,User_965,Unknown,16
452,User_966,Unknown,115
453,User_967,Unknown,107
454,User_968,Unknown,40
455,User_969,Unknown,32
456,User_970,Unknown,15
457,User_971,Unknown,34
458,User_972,Unknown,21
459,User_973,Unknown,18
460,User_974,Unknown,11
461,User_975,Unknown,54
462,User_976,Unknown,24
463,User_977,Unknown,26
464,User_978,Unknown,104
465,User_979,Unknown,10
466,User_980,Unknown,128
467,User_981,Unknown,47
468,User_982,Unknown,68
469,User_983,Unknown,62
470,User_984,Unknown,42
471,User_985,Unknown,7
472,User_986,Unknown,11
473,User_987,Unknown,6
474,User_988,Unknown,41
475,User_989,Unknown,35
476,User_990,Unknown,29
477,User_991,Unknown,19
478,User_992,Unknown,31
479,User_993,Unknown,154
480,User_994,Unknown,27
481,User_995,Unknown,66
482,User_996,Unknown,4
483,User_997,Unknown,96
484,User_998,Unknown,9
485,User_999,Unknown,77
486,User_1000,Unknown,16
487,User_1001,Unknown,39
488,User_1002,Unknown,4
489,User_1003,Unknown,95
490,User_1004,Unknown,120
491,User_1005,Unknown,14
492,User_1006,Unknown,142
493,User_1007,Unknown,16
494,User_1008,Unknown,8
495,User_1009,Unknown,57
496,User_1010,Unknown,36
497,User_1011,Unknown,32
498,User_1012,Unknown,32
499,User_1013,Unknown,12
500,User_1014,Unknown,99
501,User_1015,Unknown,36
502,User_1016,Unknown,9
503,User_1017,Unknown,149
504,User_1018,Unknown,51
505,User_1019,Unknown,58
506,User_1020,Unknown,58
507,User_1021,Unknown,61
508,User_1022,Unknown,4
509,User_1023,Unknown,9
510,User_1024,Unknown,85
511,User_1025,Unknown,29
512,User_1026,Unknown,80
513,User_1027,Unknown,3
514,User_1028,Unknown,67
515,User_1029,Unknown,79
516,User_1030,Unknown,11
517,User_1031,Unknown,4
518,User_1032,Unknown,79
519,User_1033,Unknown,17
520,User_1034,Unknown,3
521,User_1035,Unknown,26
522,User_1036,Unknown,58
523,User_1037,Unknown,37
524,User_1038,Unknown,5
525,User_1039,Unknown,27
526,User_1040,Unknown,67
527,User_1041,Unknown,48
528,User_1042,Unknown,15
529,User_1043,Unknown,12
530,User_1044,Unknown,28
531,User_1045,Unknown,12
532,User_1046,Unknown,3
533,User_1047,Unknown,65
534,User_1048,Unknown,106
535,User_1049,Unknown,82
536,User_1050,Unknown,11
537,User_1051,Unknown,46
538,User_1052,Unknown,63
539,User_1053,Unknown,8
540,User_1054,Unknown,54
541,User_1055,Unknown,14
542,User_1056,Unknown,65
543,User_1057,Unknown,5
544,User_1058,Unknown,7
545,User_1059,Unknown,165
546,User_1060,Unknown,51
547,User_1061,Unknown,10
548,User_1062,Unknown,22
549,User_1063,Unknown,22
550,User_1064,Unknown,27
551,User_1065,Unknown,2
552,User_1066,Unknown,68
553,User_1067,Unknown,76
554,User_1068,Unknown,49
555,User_1069,Unknown,21
556,User_1070,Unknown,78
557,User_1071,Unknown,3
558,User_1072,Unknown,26
559,User_1073,Unknown,10
560,User_1074,Unknown,63
561,User_1075,Unknown,80
562,User_1076,Unknown,142
563,User_1077,Unknown,15
564,User_1078,Unknown,183
565,User_1079,Unknown,123
566,User_1080,Unknown,60
567,User_1081,Unknown,30
568,User_1082,Unknown,57
569,User_1083,Unknown,106
570,User_1084,Unknown,15
571,User_1085,Unknown,66
572,User_1086,Unknown,205
573,User_1087,Unknown,7
574,User_1088,Unknown,14
575,User_1089,Unknown,14
576,User_1090,Unknown,13
577,User_1091,Unknown,20
578,User_1092,Unknown,50
579,User_1093,Unknown,9
580,User_1094,Unknown,11
581,User_1095,Unknown,24
582,User_1096,Unknown,1
583,User_1097,Unknown,36
584,User_1098,Unknown,23
585,User_1099,Unknown,56
586,User_1100,Unknown,64
587,User_1101,Unknown,123
588,User_1102,Unknown,51
589,User_1103,Unknown,8
590,User_1104,Unknown,109
591,User_1105,Unknown,4
592,User_1106,Unknown,27
593,User_1107,Unknown,141
594,User_1108,Unknown,43
595,User_1109,Unknown,38
596,User_1110,Unknown,70
597,User_1111,Unknown,9
598,User_1112,Unknown,54
599,User_1113,Unknown,47
600,User_1114,Unknown,38
601,User_1115,Unknown,36
602,User_1116,Unknown,29
603,User_1117,Unknown,122
604,User_1118,Unknown,35
605,User_1119,Unknown,1
606,User_1120,Unknown,51
607,User_1121,Unknown,24
608,User_1122,Unknown,49
609,User_1123,Unknown,71
610,User_1124,Unknown,130
611,User_1125,Unknown,117
612,User_1126,Unknown,198
613,User_1127,Unknown,21
614,User_1128,Unknown,98
615,User_1129,Unknown,60
616,User_1130,Unknown,66
617,User_1131,Unknown,32
618,User_1132,Unknown,142
619,User_1133,Unknown,6
620,User_1134,Unknown,11
621,User_1135,Unknown,68
622,User_1136,Unknown,33
623,User_1137,Unknown,29
624,User_1138,Unknown,14
625,User_1139,Unknown,24
626,User_1140,Unknown,9
627,User_1141,Unknown,18
628,User_1142,Unknown,33
629,User_1143,Unknown,14
630,User_1144,Unknown,21
631,User_1145,Unknown,1
632,User_1146,Unknown,147
633,User_1147,Unknown,5
634,User_1148,Unknown,65
635,User_1149,Unknown,102
636,User_1150,Unknown,14
637,User_1151,Unknown,6
638,User_1152,Unknown,17
639,User_1153,Unknown,139
640,User_1154,Unknown,9
641,User_1155,Unknown,45
642,User_1156,Unknown,99
643,User_1157,Unknown,5
644,User_1158,Unknown,66
645,User_1159,Unknown,61
646,User_1160,Unknown,88
647,User_1161,Unknown,19
648,User_1162,Unknown,8
649,User_1163,Unknown,100
650,User_1164,Unknown,27
651,User_1165,Unknown,26
652,User_1166,Unknown,57
653,User_1167,Unknown,28
654,User_1168,Unknown,6
655,User_1169,Unknown,19
656,User_1170,Unknown,36
657,User_1171,Unknown,24
658,User_1172,Unknown,113
659,User_1173,Unknown,115
660,User_1174,Unknown,18
661,User_1175,Unknown,132
662,User_1176,Unknown,2
663,User_1177,Unknown,15
664,User_1178,Unknown,13
665,User_1179,Unknown,45
666,User_1180,Unknown,45
667,User_1181,Unknown,89
668,User_1182,Unknown,66
669,User_1183,Unknown,34
670,User_1184,Unknown,158
671,User_1185,Unknown,156
672,User_1186,Unknown,17
673,User_1187,Unknown,20
674,User_1188,Unknown,32
675,User_1189,Unknown,38
676,User_1190,Unknown,39
677,User_1191,Unknown,110
678,User_1192,Unknown,97
679,User_1193,Unknown,9
680,User_1194,Unknown,4
681,User_1195,Unknown,49
682,User_1196,Unknown,26
683,User_1197,Unknown,15
684,User_1198,Unknown,83
685,User_1199,Unknown,217
686,User_1200,Unknown,4
687,User_1201,Unknown,58
688,User_1202,Unknown,9
689,User_1203,Unknown,8
690,User_1204,Unknown,107
691,User_1205,Unknown,102
692,User_1206,Unknown,1
693,User_1207,Unknown,72
694,User_1208,Unknown,3
695,User_1209,Unknown,76
696,User_1210,Unknown,40
697,User_1211,Unknown,173
698,User_1212,Unknown,26
699,User_1213,Unknown,20
700,User_1214,Unknown,114
701,User_1215,Unknown,43
702,User_1216,Unknown,36
703,User_1217,Unknown,47
704,User_1218,Unknown,11
705,User_1219,Unknown,54
706,User_1220,Unknown,9
707,User_1221,Unknown,71
708,User_1222,Unknown,142
709,User_1223,Unknown,22
710,User_1224,Unknown,2
711,User_1225,Unknown,30
712,User_1226,Unknown,35
713,User_1227,Unknown,84
714,User_1228,Unknown,23
715,User_1229,Unknown,47
716,User_1230,Unknown,125
717,User_1231,Unknown,74
718,User_1232,Unknown,29
719,User_1233,Unknown,2
720,User_1234,Unknown,15
721,User_1235,Unknown,107
722,User_1236,Unknown,43
723,User_1237,Unknown,60
724,User_1238,Unknown,152
725,User_1239,Unknown,9
726,User_1240,Unknown,7
727,User_1241,Unknown,20
728,User_1242,Unknown,93
729,User_1243,Unknown,112
730,User_1244,Unknown,12
731,User_1245,Unknown,40
732,User_1246,Unknown,35
733,User_1247,Unknown,24
734,User_1248,Unknown,8
735,User_1249,Unknown,15
736,User_1250,Unknown,137
737,User_1251,Unknown,12
738,User_1252,Unknown,3
739,User_1253,Unknown,3
740,User_1254,Unknown,6
741,User_1255,Unknown,124
742,User_1256,Unknown,135
743,User_1257,Unknown,55
744,User_1258,Unknown,42
745,User_1259,Unknown,47
746,User_1260,Unknown,38
747,User_1261,Unknown,68
748,User_1262,Unknown,2
749,User_1263,Unknown,6
750,User_1264,Unknown,5
751,User_1265,Unknown,31
752,User_1266,Unknown,13
753,User_1267,Unknown,120
754,User_1268,Unknown,11
755,User_1269,Unknown,126
756,User_1270,Unknown,2
757,User_1271,Unknown,96
758,User_1272,Unknown,84
759,User_1273,Unknown,64
760,User_1274,Unknown,25
761,User_1275,Unknown,57
762,User_1276,Unknown,2
763,User_1277,Unknown,124
764,User_1278,Unknown,36
765,User_1279,Unknown,44
766,User_1280,Unknown,76
767,User_1281,Unknown,41
768,User_1282,Unknown,68
769,User_1283,Unknown,32
770,User_1284,Unknown,60
771,User_1285,Unknown,55
772,User_1286,Unknown,23
773,User_1287,Unknown,66
774,User_1288,Unknown,92
775,User_1289,Unknown,85
776,User_1290,Unknown,87
777,User_1291,Unknown,113
778,User_1292,Unknown,55
779,User_1293,Unknown,48
780,User_1294,Unknown,22
781,User_1295,Unknown,5
782,User_1296,Unknown,25
783,User_1297,Unknown,6
784,User_1298,Unknown,71
785,User_1299,Unknown,31
786,User_1300,Unknown,31
787,User_1301,Unknown,6
788,User_1302,Unknown,107
789,User_1303,Unknown,48
790,User_1304,Unknown,38
791,User_1305,Unknown,104
792,User_1306,Unknown,26
793,User_1307,Unknown,31
794,User_1308,Unknown,20
795,User_1309,Unknown,43
796,User_1310,Unknown,27
797,User_1311,Unknown,24
798,User_1312,Unknown,80
799,User_1313,Unknown,34
800,User_1314,Unknown,26
801,User_1315,Unknown,44
802,User_1316,Unknown,32
803,User_1317,Unknown,21
804,User_1318,Unknown,41
805,User_1319,Unknown,27
806,User_1320,Unknown,64
807,User_1321,Unknown,25
808,User_1322,Unknown,90
809,User_1323,Unknown,77
810,User_1324,Unknown,40
811,User_1325,Unknown,18
812,User_1326,Unknown,2
813,User_1327,Unknown,49
814,User_1328,Unknown,20
815,User_1329,Unknown,136
816,User_1330,Unknown,122
817,User_1331,Unknown,146
818,User_1332,Unknown,42
819,User_1333,Unknown,33
820,User_1334,Unknown,100
821,User_1335,Unknown,128
822,User_1336,Unknown,55
823,User_1337,Unknown,36
824,User_1338,Unknown,68
825,User_1339,Unknown,100
826,User_1340,Unknown,63
827,User_1341,Unknown,123
828,User_1342,Unknown,10
829,User_1343,Unknown,37
830,User_1344,Unknown,91
831,User_1345,Unknown,97
832,User_1346,Unknown,5
833,User_1347,Unknown,74
834,User_1348,Unknown,37
835,User_1349,Unknown,42
836,User_1350,Unknown,33
837,User_1351,Unknown,67
838,User_1352,Unknown,234
839,User_1353,Unknown,3
840,User_1354,Unknown,5
841,User_1355,Unknown,37
842,User_1356,Unknown,20
843,User_1357,Unknown,31
844,User_1358,Unknown,77
845,User_1359,Unknown,84
846,User_1360,Unknown,37
847,User_1361,Unknown,137
848,User_1362,Unknown,3
849,User_1363,Unknown,21
850,User_1364,Unknown,12
851,User_1365,Unknown,42
852,User_1366,Unknown,66
853,User_1367,Unknown,166
854,User_1368,Unknown,10
855,User_1369,Unknown,53
856,User_1370,Unknown,112
857,User_1371,Unknown,37
858,User_1372,Unknown,7
859,User_1373,Unknown,73
860,User_1374,Unknown,42
861,User_1375,Unknown,74
862,User_1376,Unknown,182
863,User_1377,Unknown,190
864,User_1378,Unknown,32
865,User_1379,Unknown,51
866,User_1380,Unknown,85
867,User_1381,Unknown,27
868,User_1382,Unknown,41
869,User_1383,Unknown,4
870,User_1384,Unknown,12
871,User_1385,Unknown,15
872,User_1386,Unknown,1
873,User_1387,Unknown,9
874,User_1388,Unknown,84
875,User_1389,Unknown,46
876,User_1390,Unknown,193
877,User_1391,Unknown,175
878,User_1392,Unknown,37
879,User_1393,Unknown,53
880,User_1394,Unknown,2
881,User_1395,Unknown,2
882,User_1396,Unknown,54
883,User_1397,Unknown,16
884,User_1398,Unknown,44
885,User_1399,Unknown,178
886,User_1400,Unknown,22
887,User_1401,Unknown,12
888,User_1402,Unknown,74
889,User_1403,Unknown,9
890,User_1404,Unknown,50
891,User_1405,Unknown,50
892,User_1406,Unknown,31
893,User_1407,Unknown,37
894,User_1408,Unknown,34
895,User_1409,Unknown,106
896,User_1410,Unknown,21
897,User_1411,Unknown,10
898,User_1412,Unknown,22
899,User_1413,Unknown,60
900,User_1414,Unknown,8
901,User_1415,Unknown,30
902,User_1416,Unknown,111
903,User_1417,Unknown,5
904,User_1418,Unknown,21
905,User_1419,Unknown,24
906,User_1420,Unknown,148
907,User_1421,Unknown,24
908,User_1422,Unknown,14
909,User_1423,Unknown,61
910,User_1424,Unknown,19
911,User_1425,Unknown,34
912,User_1426,Unknown,64
913,User_1427,Unknown,66
914,User_1428,Unknown,29
915,User_1429,Unknown,38
916,User_1430,Unknown,2
917,User_1431,Unknown,220
918,User_1432,Unknown,55
919,User_1433,Unknown,23
920,User_1434,Unknown,15
921,User_1435,Unknown,56
922,User_1436,Unknown,30
923,User_1437,Unknown,56
924,User_1438,Unknown,34
925,User_1439,Unknown,21
926,User_1440,Unknown,28
927,User_1441,Unknown,16
928,User_1442,Unknown,5
929,User_1443,Unknown,9
930,User_1444,Unknown,32
931,User_1445,Unknown,9
932,User_1446,Unknown,36
933,User_1447,Unknown,142
934,User_1448,Unknown,52
935,User_1449,Unknown,90
936,User_1450,Unknown,23
937,User_1451,Unknown,31
938,User_1452,Unknown,34
939,User_1453,Unknown,28
940,User_1454,Unknown,52
941,User_1455,Unknown,5
942,User_1456,Unknown,132
943,User_1457,Unknown,62
944,User_1458,Unknown,33
945,User_1459,Unknown,102
946,User_1460,Unknown,46
947,User_1461,Unknown,8
948,User_1462,Unknown,84
949,User_1463,Unknown,10
950,User_1464,Unknown,26
951,User_1465,Unknown,108
952,User_1466,Unknown,1
953,User_1467,Unknown,124
954,User_1468,Unknown,31
955,User_1469,Unknown,57
956,User_1470,Unknown,71
957,User_1471,Unknown,169
958,User_1472,Unknown,90
959,User_1473,Unknown,54
960,User_1474,Unknown,4
961,User_1475,Unknown,72
962,User_1476,Unknown,5
963,User_1477,Unknown,9
964,User_1478,Unknown,17
965,User_1479,Unknown,84
966,User_1480,Unknown,93
967,User_1481,Unknown,17
968,User_1482,Unknown,49
969,User_1483,Unknown,96
970,User_1484,Unknown,22
971,User_1485,Unknown,47
972,User_1486,Unknown,5
973,User_1487,Unknown,63
974,User_1488,Unknown,135
975,User_1489,Unknown,22
976,User_1490,Unknown,9
977,User_1491,Unknown,125
978,User_1492,Unknown,13
979,User_1493,Unknown,26
980,User_1494,Unknown,26
981,User_1495,Unknown,67
982,User_1496,Unknown,48
983,User_1497,Unknown,29
984,User_1498,Unknown,6
985,User_1499,Unknown,12
986,User_1500,Unknown,29
987,User_1501,Unknown,18
988,User_1502,Unknown,70
989,User_1503,Unknown,28
990,User_1504,Unknown,58
991,User_1505,Unknown,59
992,User_1506,Unknown,8
993,User_1507,Unknown,37
994,User_1508,Unknown,33
995,User_1509,Unknown,131
996,User_1510,Unknown,4
997,User_1511,Unknown,30
998,User_1512,Unknown,34
999,User_1513,Unknown,52
1000,User_1514,Unknown,35
1001,User_1515,Unknown,69
1002,User_1516,Unknown,159
1003,User_1517,Unknown,36
1004,User_1518,Unknown,14
1005,User_1519,Unknown,33
1006,User_1520,Unknown,117
1007,User_1521,Unknown,6
1008,User_1522,Unknown,156
1009,User_1523,Unknown,69
1010,User_1524,Unknown,41
1011,User_1525,Unknown,57
1012,User_1526,Unknown,22
1013,User_1527,Unknown,12
1014,User_1528,Unknown,70
1015,User_1529,Unknown,42
1016,User_1530,Unknown,105
1017,User_1531,Unknown,22
1018,User_1532,Unknown,39
1019,User_1533,Unknown,35
1020,User_1534,Unknown,33
1021,User_1535,Unknown,64
1022,User_1536,Unknown,82
1023,User_1537,Unknown,19
1024,User_1538,Unknown,72
1025,User_1539,Unknown,79
1026,User_1540,Unknown,69
1027,User_1541,Unknown,33
1028,User_1542,Unknown,55
1029,User_1543,Unknown,33
1030,User_1544,Unknown,15
1031,User_1545,Unknown,43
1032,User_1546,Unknown,3
1033,User_1547,Unknown,122
1034,User_1548,Unknown,38
1035,User_1549,Unknown,49
1036,User_1550,Unknown,38
1037,User_1551,Unknown,171
1038,User_1552,Unknown,7
1039,User_1553,Unknown,37
1040,User_1554,Unknown,160
1041,User_1555,Unknown,35
1042,User_1556,Unknown,25
1043,User_1557,Unknown,151
1044,User_1558,Unknown,2
1045,User_1559,Unknown,186
1046,User_1560,Unknown,1
1047,User_1561,Unknown,25
1048,User_1562,Unknown,10
1049,User_1563,Unknown,112
1050,User_1564,Unknown,16
1051,User_1565,Unknown,44
1052,User_1566,Unknown,20
1053,User_1567,Unknown,33
1054,User_1568,Unknown,29
1055,User_1569,Unknown,48
1056,User_1570,Unknown,124
1057,User_1571,Unknown,60
1058,User_1572,Unknown,43
1059,User_1573,Unknown,89
1060,User_1574,Unknown,67
1061,User_1575,Unknown,20
1062,User_1576,Unknown,66
1063,User_1577,Unknown,170
1064,User_1578,Unknown,36
1065,User_1579,Unknown,5
1066,User_1580,Unknown,83
1067,User_1581,Unknown,1
1068,User_1582,Unknown,41
1069,User_1583,Unknown,97
1070,User_1584,Unknown,211
1071,User_1585,Unknown,20
1072,User_1586,Unknown,3
1073,User_1587,Unknown,53
1074,User_1588,Unknown,23
1075,User_1589,Unknown,205
1076,User_1590,Unknown,88
1077,User_1591,Unknown,95
1078,User_1592,Unknown,25
1079,User_1593,Unknown,32
1080,User_1594,Unknown,16
1081,User_1595,Unknown,39
1082,User_1596,Unknown,77
1083,User_1597,Unknown,112
1084,User_1598,Unknown,136
1085,User_1599,Unknown,11
1086,User_1600,Unknown,117
1087,User_1601,Unknown,32
1088,User_1602,Unknown,12
1089,User_1603,Unknown,145
1090,User_1604,Unknown,148
1091,User_1605,Unknown,90
1092,User_1606,Unknown,31
1093,User_1607,Unknown,5
1094,User_1608,Unknown,117
1095,User_1609,Unknown,92
1096,User_1610,Unknown,179
1097,User_1611,Unknown,72
1098,User_1612,Unknown,190
1099,User_1613,Unknown,182
1100,User_1614,Unknown,71
1101,User_1615,Unknown,24
1102,User_1616,Unknown,50
1103,User_1617,Unknown,117
1104,User_1618,Unknown,24
1105,User_1619,Unknown,114
1106,User_1620,Unknown,128
1107,User_1621,Unknown,189
1108,User_1622,Unknown,177
1109,User_1623,Unknown,100
1110,User_1624,Unknown,35
1111,User_1625,Unknown,25
1112,User_1626,Unknown,37
1113,User_1627,Unknown,3
1114,User_1628,Unknown,82
1115,User_1629,Unknown,22
1116,User_1630,Unknown,67
1117,User_1631,Unknown,9
1118,User_1632,Unknown,79
1119,User_1633,Unknown,23
1120,User_1634,Unknown,38
1121,User_1635,Unknown,34
1122,User_1636,Unknown,77
1123,User_1637,Unknown,99
1124,User_1638,Unknown,34
1125,User_1639,Unknown,78
1126,User_1640,Unknown,8
1127,User_1641,Unknown,14
1128,User_1642,Unknown,28
1129,User_1643,Unknown,100
1130,User_1644,Unknown,69
1131,User_1645,Unknown,56
1132,User_1646,Unknown,18
1133,User_1647,Unknown,50
1134,User_1648,Unknown,25
1135,User_1649,Unknown,35
1136,User_1650,Unknown,21
1137,User_1651,Unknown,4
1138,User_1652,Unknown,81
1139,User_1653,Unknown,74
1140,User_1654,Unknown,7
1141,User_1655,Unknown,56
1142,User_1656,Unknown,34
1143,User_1657,Unknown,5
1144,User_1658,Unknown,19
1145,User_1659,Unknown,82
1146,User_1660,Unknown,24
1147,User_1661,Unknown,80
1148,User_1662,Unknown,146
1149,User_1663,Unknown,235
1150,User_1664,Unknown,6
1151,User_1665,Unknown,127
1152,User_1666,Unknown,36
1153,User_1667,Unknown,27
1154,User_1668,Unknown,122
1155,User_1669,Unknown,137
1156,User_1670,Unknown,11
1157,User_1671,Unknown,32
1158,User_1672,Unknown,25
1159,User_1673,Unknown,40
1160,User_1674,Unknown,25
1161,User_1675,Unknown,117
1162,User_1676,Unknown,16
1163,User_1677,Unknown,36
1164,User_1678,Unknown,18
1165,User_1679,Unknown,27
1166,User_1680,Unknown,61
1167,User_1681,Unknown,25
1168,User_1682,Unknown,38
1169,User_1683,Unknown,123
1170,User_1685,Unknown,93
1171,User_1686,Unknown,35
1172,User_1687,Unknown,43
1173,User_1688,Unknown,95
1174,User_1689,Unknown,124
1175,User_1690,Unknown,2
1176,User_1691,Unknown,60
1177,User_1692,Unknown,50
1178,User_1693,Unknown,3
1179,User_1694,Unknown,34
1180,User_1695,Unknown,30
1181,User_1696,Unknown,12
1182,User_1697,Unknown,8
1183,User_1698,Unknown,19
1184,User_1699,Unknown,42
1185,User_1700,Unknown,17
1186,User_1701,Unknown,7
1187,User_1702,Unknown,45
1188,User_1703,Unknown,70
1189,User_1704,Unknown,25
1190,User_1705,Unknown,27
1191,User_1706,Unknown,42
1192,User_1707,Unknown,185
1193,User_1708,Unknown,10
1194,User_1709,Unknown,62
1195,User_1710,Unknown,15
1196,User_1711,Unknown,5
1197,User_1712,Unknown,105
1198,User_1713,Unknown,4
1199,User_1714,Unknown,187
1200,User_1715,Unknown,65
1201,User_1716,Unknown,60
1202,User_1717,Unknown,139
1203,User_1718,Unknown,155
1204,User_1719,Unknown,19
1205,User_1720,Unknown,49
1206,User_1721,Unknown,115
1207,User_1722,Unknown,56
1208,User_1723,Unknown,49
1209,User_1724,Unknown,59
1210,User_1725,Unknown,51
1211,User_1726,Unknown,21
1212,User_1727,Unknown,32
1213,User_1728,Unknown,32
1214,User_1729,Unknown,80
1215,User_1730,Unknown,226
1216,User_1731,Unknown,8
1217,User_1732,Unknown,48
1218,User_1733,Unknown,38
1219,User_1734,Unknown,49
1220,User_1735,Unknown,109
1221,User_1736,Unknown,156
1222,User_1737,Unknown,79
1223,User_1738,Unknown,26
1224,User_1739,Unknown,14
1225,User_1740,Unknown,37
1226,User_1741,Unknown,104
1227,User_1742,Unknown,79
1228,User_1743,Unknown,26
1229,User_1744,Unknown,37
1230,User_1745,Unknown,19
1231,User_1746,Unknown,202
1232,User_1747,Unknown,22
1233,User_1748,Unknown,13
1234,User_1749,Unknown,13
1235,User_1750,Unknown,126
1236,User_1751,Unknown,50
1237,User_1752,Unknown,115
1238,User_1753,Unknown,82
1239,User_1754,Unknown,57
1240,User_1755,Unknown,2
1241,User_1756,Unknown,16
1242,User_1757,Unknown,131
1243,User_1758,Unknown,27
1244,User_1759,Unknown,6
1245,User_1760,Unknown,3
1246,User_1761,Unknown,121
1247,User_1762,Unknown,4
1248,User_1763,Unknown,32
1249,User_1764,Unknown,25
1250,User_1765,Unknown,66
1251,User_1766,Unknown,40
1252,User_1767,Unknown,36
1253,User_1768,Unknown,209
1254,User_1769,Unknown,25
1255,User_1770,Unknown,47
1256,User_1771,Unknown,20
1257,User_1772,Unknown,61
1258,User_1773,Unknown,23
1259,User_1774,Unknown,40
1260,User_1775,Unknown,8
1261,User_1776,Unknown,5
1262,User_1777,Unknown,5
1263,User_1778,Unknown,38
1264,User_1779,Unknown,22
1265,User_1780,Unknown,20
1266,User_1781,Unknown,26
1267,User_1782,Unknown,67
1268,User_1783,Unknown,121
1269,User_1784,Unknown,17
1270,User_1785,Unknown,30
1271,User_1786,Unknown,97
1272,User_1787,Unknown,38
1273,User_1788,Unknown,10
1274,User_1789,Unknown,103
1275,User_1790,Unknown,38
1276,User_1791,Unknown,131
1277,User_1792,Unknown,6
1278,User_1793,Unknown,145
1279,User_1794,Unknown,57
1280,User_1795,Unknown,89
1281,User_1796,Unknown,71
1282,User_1797,Unknown,5
1283,User_1798,Unknown,34
1284,User_1799,Unknown,152
1285,User_1800,Unknown,245
1286,User_1801,Unknown,23
1287,User_1802,Unknown,12
1288,User_1803,Unknown,25
1289,User_1804,Unknown,195
1290,User_1805,Unknown,22
1291,User_1806,Unknown,32
1292,User_1807,Unknown,51
1293,User_1808,Unknown,14
1294,User_1809,Unknown,113
1295,User_1810,Unknown,102
1296,User_1811,Unknown,63
1297,User_1812,Unknown,44
1298,User_1813,Unknown,156
1299,User_1814,Unknown,10
1300,User_1815,Unknown,24
1301,User_1816,Unknown,131
1302,User_1817,Unknown,15
1303,User_1818,Unknown,30
1304,User_1819,Unknown,88
1305,User_1820,Unknown,67
1306,User_1821,Unknown,27
1307,User_1822,Unknown,12
1308,User_1823,Unknown,127
1309,User_1824,Unknown,58
1310,User_1825,Unknown,29
1311,User_1826,Unknown,102
1312,User_1827,Unknown,201
1313,User_1828,Unknown,56
1314,User_1829,Unknown,16
1315,User_1830,Unknown,16
1316,User_1831,Unknown,42
1317,User_1832,Unknown,46
1318,User_1833,Unknown,191
1319,User_1834,Unknown,1
1320,User_1835,Unknown,182
1321,User_1836,Unknown,25
1322,User_1837,Unknown,38
1323,User_1838,Unknown,6
1324,User_1839,Unknown,165
1325,User_1840,Unknown,10
1326,User_1841,Unknown,49
1327,User_1842,Unknown,119
1328,User_1843,Unknown,40
1329,User_1844,Unknown,70
1330,User_1845,Unknown,101
1331,User_1846,Unknown,38
1332,User_1847,Unknown,26
1333,User_1848,Unknown,36
1334,User_1849,Unknown,119
1335,User_1850,Unknown,29
1336,User_1851,Unknown,42
1337,User_1852,Unknown,22
1338,User_1853,Unknown,12
1339,User_1854,Unknown,2
1340,User_1855,Unknown,6
1341,User_1856,Unknown,4
1342,User_1857,Unknown,73
1343,User_1858,Unknown,29
1344,User_1859,Unknown,46
1345,User_1860,Unknown,17
1346,User_1861,Unknown,99
1347,User_1862,Unknown,54
1348,User_1863,Unknown,49
1349,User_1864,Unknown,107
1350,User_1865,Unknown,8
1351,User_1866,Unknown,31
1352,User_1867,Unknown,123
1353,User_1868,Unknown,121
1354,User_1869,Unknown,15
1355,User_1870,Unknown,23
1356,User_1871,Unknown,82
1357,User_1872,Unknown,50
1358,User_1873,Unknown,41
1359,User_1874,Unknown,13
1360,User_1875,Unknown,28
1361,User_1876,Unknown,56
1362,User_1877,Unknown,64
1363,User_1878,Unknown,35
1364,User_1879,Unknown,150
1365,User_1880,Unknown,32
1366,User_1881,Unknown,53
1367,User_1882,Unknown,51
1368,User_1883,Unknown,18
1369,User_1884,Unknown,32
1370,User_1885,Unknown,28
1371,User_1886,Unknown,105
1372,User_1887,Unknown,11
1373,User_1888,Unknown,254
1374,User_1889,Unknown,15
1375,User_1890,Unknown,6
1376,User_1891,Unknown,71
1377,User_1892,Unknown,12
1378,User_1893,Unknown,83
1379,User_1894,Unknown,63
1380,User_1895,Unknown,37
1381,User_1896,Unknown,9
1382,User_1897,Unknown,36
1383,User_1898,Unknown,101
1384,User_1899,Unknown,79
1385,User_1900,Unknown,26
1386,User_1901,Unknown,14
1387,User_1902,Unknown,130
1388,User_1903,Unknown,40
1389,User_1904,Unknown,30
1390,User_1905,Unknown,11
1391,User_1906,Unknown,22
1392,User_1907,Unknown,30
1393,User_1908,Unknown,10
1394,User_1909,Unknown,41
1395,User_1910,Unknown,31
1396,User_1911,Unknown,39
1397,User_1926,Unknown,134
1398,User_1932,Unknown,95
1399,User_1939,Unknown,79
1400,User_1945,Unknown,146
1401,User_1951,Unknown,64
1402,User_1955,Unknown,92
1403,User_1972,Unknown,70
1404,User_1973,Unknown,65
1405,User_1976,Unknown,39
1406,User_1991,Unknown,49
1407,User_1995,Unknown,63
1408,User_1998,Unknown,54
1409,User_2001,Unknown,60
1410,User_2004,Unknown,50
1411,User_2007,Unknown,171
1412,User_2009,Unknown,45
1413,User_2018,Unknown,55
1414,User_2024,Unknown,53
1415,User_2027,Unknown,44
1416,User_2032,Unknown,147
1417,User_2038,Unknown,123
1418,User_2039,Unknown,112
1419,User_2042,Unknown,96
1420,User_2054,Unknown,163
1421,User_2068,Unknown,141
1422,User_2071,Unknown,123
1423,User_2072,Unknown,129
1424,User_2081,Unknown,172
1425,User_2102,Unknown,132
1426,User_2111,Unknown,184
1427,User_2116,Unknown,65
1428,User_2117,Unknown,142
1429,User_2127,Unknown,112
1430,User_2128,Unknown,92
1431,User_2133,Unknown,159
1432,User_2135,Unknown,88
1433,User_2138,Unknown,138
1434,User_2143,Unknown,102
1435,User_2153,Unknown,139
1436,User_2157,Unknown,39
1437,User_2171,Unknown,66
1438,User_2174,Unknown,120
1439,User_2180,Unknown,114
1440,User_2183,Unknown,134
1441,User_2187,Unknown,148
1442,User_2189,Unknown,113
1443,User_2199,Unknown,175
1444,User_2203,Unknown,100
1445,User_2223,Unknown,116
1446,User_2224,Unknown,129
1447,User_2225,Unknown,42
1448,User_2247,Unknown,122
1449,User_2250,Unknown,109
1450,User_2254,Unknown,90
1451,User_2264,Unknown,75
1452,User_2267,Unknown,83
1453,User_2268,Unknown,130
1454,User_2279,Unknown,129
1455,User_2283,Unknown,161
1456,User_2284,Unknown,56
1457,User_2289,Unknown,160
1458,User_2292,Unknown,142
1459,User_2302,Unknown,123
1460,User_2319,Unknown,122
1461,User_2327,Unknown,125
1462,User_2336,Unknown,150
1463,User_2337,Unknown,35
1464,User_2364,Unknown,65
1465,User_2378,Unknown,50
1466,User_2384,Unknown,188
1467,User_2398,Unknown,108
1468,User_2417,Unknown,70
1469,User_2436,Unknown,94
1470,User_2445,Unknown,70
1471,User_2447,Unknown,49
1472,User_2451,Unknown,109
1473,User_2458,Unknown,99
1474,User_2459,Unknown,46
1475,User_2461,Unknown,124
1476,User_2463,Unknown,126
1477,User_2471,Unknown,132
1478,User_2472,Unknown,77
1479,User_2475,Unknown,97
1480,User_2491,Unknown,121
1481,User_2494,Unknown,39
1482,User_2498,Unknown,94
1483,User_2502,Unknown,43
1484,User_2508,Unknown,98
1485,User_2510,Unknown,138
1486,User_2511,Unknown,140
1487,User_2529,Unknown,36
1488,User_2533,Unknown,99
1489,User_2538,Unknown,56
1490,User_2543,Unknown,294
1491,User_2547,Unknown,54
1492,User_2571,Unknown,30
1493,User_2583,Unknown,46
1494,User_2589,Unknown,79
1495,User_2598,Unknown,164
1496,User_2617,Unknown,114
1497,User_2629,Unknown,127
1498,User_2635,Unknown,20
1499,User_2636,Unknown,38
1500,User_2640,Unknown,56
1501,User_2643,Unknown,100
1502,User_2647,Unknown,48
1503,User_2649,Unknown,122
1504,User_2653,Unknown,72
1505,User_2660,Unknown,38
1506,User_2704,Unknown,2
1507,User_2740,Unknown,2
1508,User_427,Unknown,9
1509,User_464,Unknown,5
1510,User_549,Unknown,7
1511,User_351,Unknown,5
1512,User_364,Unknown,9
1513,User_393,Unknown,7
1514,User_399,Unknown,8
1515,User_441,Unknown,8
1516,User_476,Unknown,6
1517,User_501,Unknown,8
1518,User_564,Unknown,9
1519,User_349,Unknown,5
1520,User_350,Unknown,21
1521,User_352,Unknown,23
1522,User_354,Unknown,26
1523,User_355,Unknown,39
1524,User_356,Unknown,3
1525,User_357,Unknown,18
1526,User_358,Unknown,1
1527,User_359,Unknown,26
1528,User_360,Unknown,43
1529,User_361,Unknown,23
1530,User_362,Unknown,19
1531,User_365,Unknown,6
1532,User_367,Unknown,32
1533,User_368,Unknown,34
1534,User_369,Unknown,26
1535,User_370,Unknown,71
1536,User_371,Unknown,5
1537,User_372,Unknown,17
1538,User_373,Unknown,94
1539,User_374,Unknown,68
1540,User_375,Unknown,17
1541,User_377,Unknown,2
1542,User_378,Unknown,62
1543,User_379,Unknown,2
1544,User_380,Unknown,11
1545,User_381,Unknown,12
1546,User_382,Unknown,12
1547,User_383,Unknown,3
1548,User_384,Unknown,4
1549,User_385,Unknown,8
1550,User_386,Unknown,3
1551,User_387,Unknown,36
1552,User_388,Unknown,38
1553,User_390,Unknown,6
1554,User_391,Unknown,61
1555,User_392,Unknown,39
1556,User_394,Unknown,36
1557,User_395,Unknown,77
1558,User_396,Unknown,27
1559,User_397,Unknown,47
1560,User_398,Unknown,33
1561,User_400,Unknown,73
1562,User_401,Unknown,2
1563,User_402,Unknown,57
1564,User_403,Unknown,20
1565,User_404,Unknown,51
1566,User_405,Unknown,11
1567,User_406,Unknown,4
1568,User_407,Unknown,15
1569,User_408,Unknown,55
1570,User_409,Unknown,34
1571,User_410,Unknown,15
1572,User_411,Unknown,3
1573,User_412,Unknown,99
1574,User_413,Unknown,17
1575,User_415,Unknown,26
1576,User_416,Unknown,21
1577,User_417,Unknown,62
1578,User_418,Unknown,23
1579,User_419,Unknown,57
1580,User_421,Unknown,25
1581,User_422,Unknown,60
1582,User_423,Unknown,57
1583,User_424,Unknown,17
1584,User_425,Unknown,19
1585,User_426,Unknown,18
1586,User_429,Unknown,10
1587,User_430,Unknown,38
1588,User_431,Unknown,71
1589,User_432,Unknown,55
1590,User_433,Unknown,10
1591,User_434,Unknown,33
1592,User_435,Unknown,10
1593,User_436,Unknown,60
1594,User_437,Unknown,10
1595,User_438,Unknown,71
1596,User_439,Unknown,43
1597,User_440,Unknown,14
1598,User_442,Unknown,12
1599,User_443,Unknown,2
1600,User_444,Unknown,47
1601,User_445,Unknown,27
1602,User_446,Unknown,18
1603,User_447,Unknown,1
1604,User_448,Unknown,3
1605,User_449,Unknown,10
1606,User_450,Unknown,22
1607,User_451,Unknown,25
1608,User_452,Unknown,42
1609,User_453,Unknown,5
1610,User_454,Unknown,3
1611,User_455,Unknown,37
1612,User_456,Unknown,61
1613,User_457,Unknown,20
1614,User_458,Unknown,26
1615,User_459,Unknown,10
1616,User_460,Unknown,66
1617,User_461,Unknown,53
1618,User_462,Unknown,19
1619,User_463,Unknown,43
1620,User_465,Unknown,78
1621,User_466,Unknown,9
1622,User_467,Unknown,4
1623,User_468,Unknown,2
1624,User_469,Unknown,22
1625,User_470,Unknown,16
1626,User_471,Unknown,31
1627,User_472,Unknown,5
1628,User_473,Unknown,32
1629,User_474,Unknown,20
1630,User_477,Unknown,12
1631,User_478,Unknown,8
1632,User_479,Unknown,37
1633,User_480,Unknown,7
1634,User_481,Unknown,27
1635,User_482,Unknown,34
1636,User_485,Unknown,5
1637,User_486,Unknown,16
1638,User_487,Unknown,33
1639,User_488,Unknown,28
1640,User_489,Unknown,24
1641,User_490,Unknown,13
1642,User_491,Unknown,11
1643,User_492,Unknown,65
1644,User_493,Unknown,56
1645,User_494,Unknown,23
1646,User_495,Unknown,23
1647,User_496,Unknown,40
1648,User_497,Unknown,83
1649,User_498,Unknown,6
1650,User_499,Unknown,3
1651,User_500,Unknown,83
1652,User_502,Unknown,11
1653,User_503,Unknown,58
1654,User_504,Unknown,43
1655,User_505,Unknown,13
1656,User_506,Unknown,72
1657,User_507,Unknown,65
1658,User_508,Unknown,16
1659,User_509,Unknown,15
1660,User_510,Unknown,26
1661,User_511,Unknown,30
1662,User_512,Unknown,29
1663,User_513,Unknown,89
1664,User_514,Unknown,64
1665,User_515,Unknown,61
1666,User_516,Unknown,20
1667,User_518,Unknown,19
1668,User_519,Unknown,25
1669,User_520,Unknown,50
1670,User_521,Unknown,15
1671,User_522,Unknown,11
1672,User_523,Unknown,43
1673,User_524,Unknown,64
1674,User_525,Unknown,69
1675,User_527,Unknown,46
1676,User_528,Unknown,13
1677,User_529,Unknown,9
1678,User_530,Unknown,4
1679,User_531,Unknown,40
1680,User_532,Unknown,10
1681,User_533,Unknown,6
1682,User_534,Unknown,8
1683,User_535,Unknown,12
1684,User_536,Unknown,22
1685,User_537,Unknown,40
1686,User_539,Unknown,22
1687,User_540,Unknown,8
1688,User_541,Unknown,10
1689,User_542,Unknown,58
1690,User_543,Unknown,21
1691,User_544,Unknown,67
1692,User_545,Unknown,46
1693,User_546,Unknown,30
1694,User_547,Unknown,32
1695,User_548,Unknown,32
1696,User_550,Unknown,1
1697,User_551,Unknown,17
1698,User_552,Unknown,4
1699,User_553,Unknown,85
1700,User_554,Unknown,18
1701,User_555,Unknown,38
1702,User_556,Unknown,48
1703,User_557,Unknown,37
1704,User_558,Unknown,20
1705,User_559,Unknown,83
1706,User_560,Unknown,30
1707,User_561,Unknown,81
1708,User_562,Unknown,5
1709,User_565,Unknown,20
1710,User_567,Unknown,63
1711,User_568,Unknown,12
1712,User_569,Unknown,15
1713,User_570,Unknown,35
1714,User_571,Unknown,3
1715,User_572,Unknown,4
1716,User_591,Unknown,46
1717,User_656,Unknown,3
1718,User_669,Unknown,34
1719,User_604,Unknown,35
1720,User_645,Unknown,29
1721,User_646,Unknown,13
1722,User_666,Unknown,18
1723,User_683,Unknown,33
1724,User_587,Unknown,10
1725,User_590,Unknown,14
1726,User_614,Unknown,32
1727,User_634,Unknown,16
1728,User_680,Unknown,27
1729,User_586,Unknown,7
1730,User_610,Unknown,5
1731,User_652,Unknown,4
1732,User_673,Unknown,4
1733,User_676,Unknown,18
1734,User_620,Unknown,20
1735,User_574,Unknown,11
1736,User_630,Unknown,39
1737,User_678,Unknown,26
1738,User_593,Unknown,5
1739,User_609,Unknown,30
1740,User_573,Unknown,32
1741,User_575,Unknown,12
1742,User_576,Unknown,14
1743,User_577,Unknown,22
1744,User_578,Unknown,24
1745,User_579,Unknown,39
1746,User_581,Unknown,2
1747,User_582,Unknown,21
1748,User_583,Unknown,25
1749,User_584,Unknown,15
1750,User_585,Unknown,1
1751,User_588,Unknown,14
1752,User_589,Unknown,21
1753,User_592,Unknown,41
1754,User_594,Unknown,8
1755,User_595,Unknown,19
1756,User_597,Unknown,22
1757,User_598,Unknown,16
1758,User_599,Unknown,23
1759,User_600,Unknown,24
1760,User_602,Unknown,1
1761,User_603,Unknown,18
1762,User_605,Unknown,18
1763,User_607,Unknown,1
1764,User_608,Unknown,1
1765,User_611,Unknown,16
1766,User_612,Unknown,15
1767,User_613,Unknown,1
1768,User_615,Unknown,24
1769,User_616,Unknown,19
1770,User_617,Unknown,25
1771,User_618,Unknown,24
1772,User_619,Unknown,26
1773,User_621,Unknown,7
1774,User_622,Unknown,13
1775,User_623,Unknown,17
1776,User_624,Unknown,1
1777,User_625,Unknown,21
1778,User_626,Unknown,14
1779,User_627,Unknown,24
1780,User_628,Unknown,12
1781,User_631,Unknown,11
1782,User_632,Unknown,22
1783,User_633,Unknown,15
1784,User_635,Unknown,22
1785,User_636,Unknown,25
1786,User_638,Unknown,1
1787,User_639,Unknown,11
1788,User_640,Unknown,23
1789,User_642,Unknown,2
1790,User_643,Unknown,24
1791,User_644,Unknown,25
1792,User_647,Unknown,19
1793,User_648,Unknown,2
1794,User_650,Unknown,22
1795,User_653,Unknown,28
1796,User_654,Unknown,33
1797,User_655,Unknown,6
1798,User_657,Unknown,7
1799,User_658,Unknown,24
1800,User_659,Unknown,24
1801,User_660,Unknown,3
1802,User_661,Unknown,24
1803,User_662,Unknown,24
1804,User_663,Unknown,9
1805,User_664,Unknown,17
1806,User_665,Unknown,18
1807,User_667,Unknown,3
1808,User_668,Unknown,1
1809,User_670,Unknown,23
1810,User_671,Unknown,5
1811,User_672,Unknown,8
1812,User_674,Unknown,1
1813,User_675,Unknown,23
1814,User_677,Unknown,22
1815,User_679,Unknown,7
1816,User_681,Unknown,23
1817,User_682,Unknown,13
1818,User_684,Unknown,20
1819,User_685,Unknown,17
1820,User_1967,Unknown,2
1821,User_3437,Unknown,547
1822,User_3454,Unknown,14
1823,User_3487,Unknown,10
1824,User_3723,Unknown,8
1825,User_3861,Unknown,16
1826,User_3961,Unknown,7
1827,User_3980,Unknown,59
1828,User_3989,Unknown,6
1829,User_4011,Unknown,4
1830,User_4031,Unknown,11
1831,User_686,Unknown,170
1832,User_687,Unknown,28
1833,User_688,Unknown,45
1834,User_689,Unknown,8
1835,User_690,Unknown,9
1836,User_691,Unknown,6
1837,User_692,Unknown,1
1838,User_693,Unknown,14
1839,User_694,Unknown,54
1840,User_695,Unknown,41
1841,User_696,Unknown,31
1842,User_697,Unknown,52
1843,User_698,Unknown,68
1844,User_699,Unknown,2
1845,User_700,Unknown,7
1846,User_701,Unknown,21
1847,User_702,Unknown,8
1848,User_703,Unknown,43
1849,User_704,Unknown,5
1850,User_705,Unknown,69
1851,User_706,Unknown,18
1852,User_707,Unknown,10
1853,User_708,Unknown,29
1854,User_709,Unknown,17
1855,User_710,Unknown,8
1856,User_711,Unknown,20
1857,User_712,Unknown,13
1858,User_713,Unknown,71
1859,User_714,Unknown,14
1860,User_715,Unknown,10
1861,User_716,Unknown,12
1862,User_717,Unknown,4
1863,User_718,Unknown,30
1864,User_719,Unknown,64
1865,User_720,Unknown,18
1866,User_721,Unknown,5
1867,User_722,Unknown,14
1868,User_723,Unknown,12
1869,User_724,Unknown,47
1870,User_725,Unknown,8
1871,User_726,Unknown,36
1872,User_727,Unknown,26
1873,User_728,Unknown,38
1874,User_729,Unknown,13
1875,User_730,Unknown,15
1876,User_731,Unknown,26
1877,User_732,Unknown,14
1878,User_733,Unknown,8
1879,User_734,Unknown,23
1880,User_735,Unknown,5
1881,User_736,Unknown,14
1882,User_737,Unknown,16
1883,User_738,Unknown,25
1884,User_739,Unknown,29
1885,User_740,Unknown,8
1886,User_741,Unknown,17
1887,User_742,Unknown,12
1888,User_743,Unknown,3
1889,User_744,Unknown,2
1890,User_745,Unknown,57
1891,User_746,Unknown,9
1892,User_747,Unknown,57
1893,User_748,Unknown,19
1894,User_749,Unknown,2
1895,User_750,Unknown,2
1896,User_751,Unknown,12
1897,User_752,Unknown,38
1898,User_753,Unknown,13
1899,User_754,Unknown,30
1900,User_755,Unknown,19
1901,User_756,Unknown,10
1902,User_757,Unknown,4
1903,User_758,Unknown,20
1904,User_759,Unknown,10
1905,User_760,Unknown,30
1906,User_761,Unknown,8
1907,User_762,Unknown,13
1908,User_763,Unknown,14
1909,User_764,Unknown,28
1910,User_765,Unknown,14
1911,User_766,Unknown,35
1912,User_767,Unknown,8
1913,User_768,Unknown,14
1914,User_769,Unknown,15
1915,User_770,Unknown,27
1916,User_771,Unknown,15
1917,User_772,Unknown,18
1918,User_773,Unknown,36
1919,User_774,Unknown,37
1920,User_775,Unknown,2
1921,User_776,Unknown,9
1922,User_777,Unknown,18
1923,User_778,Unknown,16
1924,User_779,Unknown,18
1925,User_780,Unknown,34
1926,User_781,Unknown,52
1927,User_782,Unknown,13
1928,User_783,Unknown,18
1929,User_784,Unknown,40
1930,User_785,Unknown,3
1931,User_786,Unknown,9
1932,User_787,Unknown,29
1933,User_788,Unknown,4
1934,User_789,Unknown,13
1935,User_790,Unknown,4
1936,User_791,Unknown,7
1937,User_792,Unknown,23
1938,User_793,Unknown,20
1939,User_794,Unknown,14
1940,User_795,Unknown,18
1941,User_796,Unknown,7
1942,User_797,Unknown,26
1943,User_798,Unknown,7
1944,User_799,Unknown,12
1945,User_800,Unknown,37
1946,User_801,Unknown,1
1947,User_802,Unknown,5
1948,User_803,Unknown,20
1949,User_804,Unknown,16
1950,User_805,Unknown,66
1951,User_806,Unknown,15
1952,User_807,Unknown,20
1953,User_808,Unknown,9
1954,User_809,Unknown,18
1955,User_810,Unknown,32
1956,User_811,Unknown,9
1957,User_812,Unknown,8
1958,User_813,Unknown,10
1959,User_814,Unknown,26
1960,User_815,Unknown,39
1961,User_816,Unknown,9
1962,User_817,Unknown,24
1963,User_818,Unknown,16
1964,User_819,Unknown,37
1965,User_820,Unknown,38
1966,User_821,Unknown,9
1967,User_822,Unknown,15
1968,User_823,Unknown,56
1969,User_824,Unknown,58
1970,User_825,Unknown,6
1971,User_826,Unknown,11
1972,User_827,Unknown,45
1973,User_828,Unknown,79
1974,User_829,Unknown,34
1975,User_830,Unknown,55
1976,User_831,Unknown,15
1977,User_832,Unknown,4
1978,User_833,Unknown,15
1979,User_834,Unknown,43
1980,User_835,Unknown,20
1981,User_836,Unknown,12
1982,User_837,Unknown,13
1983,User_838,Unknown,22
1984,User_839,Unknown,15
1985,User_840,Unknown,27
1986,User_841,Unknown,2
1987,User_842,Unknown,37
1988,User_843,Unknown,13
1989,User_844,Unknown,14
1990,User_845,Unknown,23
1991,User_846,Unknown,6
1992,User_847,Unknown,27
1993,User_848,Unknown,21
1994,User_849,Unknown,30
1995,User_850,Unknown,10
1996,User_851,Unknown,4
1997,User_852,Unknown,4
1998,User_853,Unknown,44
1999,User_854,Unknown,3
2000,User_855,Unknown,4
2001,User_856,Unknown,39
2002,User_890,Unknown,7
2003,User_857,Unknown,12
2004,User_858,Unknown,5
2005,User_859,Unknown,2
2006,User_860,Unknown,2
2007,User_861,Unknown,10
2008,User_862,Unknown,24
2009,User_863,Unknown,11
2010,User_864,Unknown,5
2011,User_865,Unknown,4
2012,User_866,Unknown,5
2013,User_867,Unknown,8
2014,User_868,Unknown,4
2015,User_869,Unknown,7
2016,User_870,Unknown,7
2017,User_871,Unknown,7
2018,User_872,Unknown,7
2019,User_873,Unknown,6
2020,User_874,Unknown,7
2021,User_875,Unknown,1
2022,User_876,Unknown,11
2023,User_877,Unknown,4
2024,User_878,Unknown,10
2025,User_879,Unknown,6
2026,User_880,Unknown,8
2027,User_881,Unknown,7
2028,User_882,Unknown,8
2029,User_883,Unknown,1
2030,User_884,Unknown,4
2031,User_885,Unknown,9
2032,User_886,Unknown,8
2033,User_887,Unknown,6
2034,User_888,Unknown,9
2035,User_889,Unknown,13
2036,User_891,Unknown,1
2037,User_892,Unknown,1
2038,User_893,Unknown,4
2039,User_894,Unknown,4
2040,User_895,Unknown,6
2041,User_3456,Unknown,51
2042,User_3495,Unknown,56
2043,User_3586,Unknown,44
2044,User_3621,Unknown,11
2045,User_3626,Unknown,8
2046,User_3797,Unknown,43
2047,User_3501,Unknown,50
2048,User_3517,Unknown,17
2049,User_3550,Unknown,19
2050,User_3577,Unknown,52
2051,User_3592,Unknown,13
2052,User_3609,Unknown,27
2053,User_3633,Unknown,65
2054,User_3677,Unknown,50
2055,User_3684,Unknown,67
2056,User_3721,Unknown,30
2057,User_3779,Unknown,19
2058,User_3872,Unknown,14
2059,User_3948,Unknown,59
2060,User_2678,Unknown,9
2061,User_2760,Unknown,11
2062,User_2822,Unknown,14
2063,User_2883,Unknown,15
2064,User_2941,Unknown,11
2065,User_2968,Unknown,13
2066,User_3005,Unknown,43
2067,User_3057,Unknown,17
2068,User_3136,Unknown,62
2069,User_3164,Unknown,10
2070,User_3222,Unknown,15
2071,User_3245,Unknown,14
2072,User_3248,Unknown,31
2073,User_3263,Unknown,58
2074,User_3278,Unknown,19
2075,User_3328,Unknown,18
2076,User_3361,Unknown,14
2077,User_3440,Unknown,26
2078,User_3525,Unknown,36
2079,User_3540,Unknown,34
2080,User_3556,Unknown,13
2081,User_3561,Unknown,14
2082,User_3651,Unknown,32
2083,User_3674,Unknown,38
2084,User_3692,Unknown,38
2085,User_3741,Unknown,18
2086,User_3750,Unknown,29
2087,User_3756,Unknown,61
2088,User_3830,Unknown,108
2089,User_3851,Unknown,59
2090,User_3877,Unknown,55
2091,User_3886,Unknown,29
2092,User_3943,Unknown,25
2093,User_3962,Unknown,39
2094,User_2677,Unknown,15
2095,User_2826,Unknown,10
2096,User_2724,Unknown,70
2097,User_2752,Unknown,7
2098,User_2775,Unknown,27
2099,User_2869,Unknown,70
2100,User_2892,Unknown,29
2101,User_2962,Unknown,19
2102,User_3001,Unknown,35
2103,User_3019,Unknown,70
2104,User_3100,Unknown,34
2105,User_3162,Unknown,57
2106,User_3168,Unknown,48
2107,User_3233,Unknown,63
2108,User_3295,Unknown,46
2109,User_3304,Unknown,35
2110,User_3331,Unknown,36
2111,User_3366,Unknown,62
2112,User_3404,Unknown,18
2113,User_3406,Unknown,70
2114,User_3412,Unknown,45
2115,User_2813,Unknown,27
2116,User_2971,Unknown,4
2117,User_3034,Unknown,43
2118,User_3178,Unknown,25
2119,User_3410,Unknown,16
2120,User_3420,Unknown,23
2121,User_2976,Unknown,41
2122,User_3011,Unknown,42
2123,User_3179,Unknown,68
2124,User_3289,Unknown,19
2125,User_1920,Unknown,123
2126,User_1941,Unknown,223
2127,User_1948,Unknown,108
2128,User_1959,Unknown,120
2129,User_2028,Unknown,106
2130,User_2047,Unknown,205
2131,User_2053,Unknown,115
2132,User_2065,Unknown,26
2133,User_2087,Unknown,156
2134,User_2125,Unknown,121
2135,User_2132,Unknown,94
2136,User_2134,Unknown,85
2137,User_2148,Unknown,90
2138,User_2149,Unknown,128
2139,User_2169,Unknown,109
2140,User_2191,Unknown,88
2141,User_2194,Unknown,109
2142,User_2196,Unknown,110
2143,User_2198,Unknown,55
2144,User_2239,Unknown,44
2145,User_2266,Unknown,234
2146,User_2282,Unknown,154
2147,User_2285,Unknown,55
2148,User_2293,Unknown,54
2149,User_2315,Unknown,73
2150,User_2328,Unknown,166
2151,User_2332,Unknown,103
2152,User_2333,Unknown,160
2153,User_2338,Unknown,109
2154,User_2347,Unknown,291
2155,User_2351,Unknown,110
2156,User_2368,Unknown,79
2157,User_2372,Unknown,105
2158,User_2385,Unknown,57
2159,User_2399,Unknown,77
2160,User_2420,Unknown,81
2161,User_2496,Unknown,22
2162,User_2501,Unknown,76
2163,User_2509,Unknown,134
2164,User_2512,Unknown,105
2165,User_2516,Unknown,88
2166,User_2530,Unknown,29
2167,User_2542,Unknown,196
2168,User_2555,Unknown,135
2169,User_2567,Unknown,116
2170,User_2592,Unknown,125
2171,User_2597,Unknown,105
2172,User_2608,Unknown,99
2173,User_2642,Unknown,127
2174,User_2725,Unknown,8
2175,User_2734,Unknown,26
2176,User_2764,Unknown,25
2177,User_2964,Unknown,18
2178,User_3020,Unknown,37
2179,User_3062,Unknown,32
2180,User_3079,Unknown,39
2181,User_3165,Unknown,7
2182,User_3205,Unknown,15
2183,User_3258,Unknown,47
2184,User_3386,Unknown,52
2185,User_3409,Unknown,16
2186,User_2693,Unknown,18
2187,User_2979,Unknown,18
2188,User_3101,Unknown,122
2189,User_3265,Unknown,48
2190,User_3385,Unknown,53
2191,User_1913,Unknown,19
2192,User_1916,Unknown,79
2193,User_1940,Unknown,93
2194,User_1947,Unknown,120
2195,User_1954,Unknown,93
2196,User_1994,Unknown,64
2197,User_2002,Unknown,85
2198,User_2010,Unknown,84
2199,User_2026,Unknown,96
2200,User_2052,Unknown,106
2201,User_2062,Unknown,76
2202,User_2101,Unknown,71
2203,User_2137,Unknown,49
2204,User_2144,Unknown,78
2205,User_2151,Unknown,86
2206,User_2163,Unknown,31
2207,User_2176,Unknown,117
2208,User_2215,Unknown,58
2209,User_2241,Unknown,119
2210,User_2246,Unknown,95
2211,User_2273,Unknown,91
2212,User_2294,Unknown,122
2213,User_2295,Unknown,23
2214,User_2298,Unknown,17
2215,User_2343,Unknown,79
2216,User_2344,Unknown,121
2217,User_2355,Unknown,30
2218,User_2377,Unknown,94
2219,User_2389,Unknown,28
2220,User_2394,Unknown,95
2221,User_2413,Unknown,17
2222,User_2419,Unknown,109
2223,User_2465,Unknown,60
2224,User_2468,Unknown,177
2225,User_2519,Unknown,35
2226,User_2544,Unknown,30
2227,User_2582,Unknown,101
2228,User_2588,Unknown,91
2229,User_2594,Unknown,94
2230,User_2605,Unknown,17
2231,User_2609,Unknown,49
2232,User_2616,Unknown,100
2233,User_2903,Unknown,8
2234,User_2938,Unknown,20
2235,User_2999,Unknown,30
2236,User_3201,Unknown,92
2237,User_3319,Unknown,26
2238,User_3355,Unknown,54
2239,User_3097,Unknown,41
2240,User_2707,Unknown,15
2241,User_3111,Unknown,52
2242,User_3186,Unknown,23
2243,User_2661,Unknown,99
2244,User_2662,Unknown,37
2245,User_2663,Unknown,26
2246,User_2664,Unknown,83
2247,User_2665,Unknown,50
2248,User_2666,Unknown,61
2249,User_2667,Unknown,20
2250,User_2668,Unknown,34
2251,User_2669,Unknown,97
2252,User_2670,Unknown,19
2253,User_2671,Unknown,6
2254,User_2672,Unknown,37
2255,User_2673,Unknown,29
2256,User_2674,Unknown,70
2257,User_2675,Unknown,38
2258,User_2676,Unknown,83
2259,User_2679,Unknown,93
2260,User_2680,Unknown,53
2261,User_2681,Unknown,45
2262,User_2682,Unknown,16
2263,User_2683,Unknown,78
2264,User_2684,Unknown,28
2265,User_2685,Unknown,12
2266,User_2686,Unknown,24
2267,User_2687,Unknown,21
2268,User_2688,Unknown,11
2269,User_2689,Unknown,67
2270,User_2690,Unknown,31
2271,User_2691,Unknown,3
2272,User_2692,Unknown,5
2273,User_2694,Unknown,93
2274,User_2695,Unknown,11
2275,User_2696,Unknown,19
2276,User_2697,Unknown,16
2277,User_2698,Unknown,69
2278,User_2699,Unknown,13
2279,User_2700,Unknown,15
2280,User_2701,Unknown,26
2281,User_2702,Unknown,24
2282,User_2703,Unknown,18
2283,User_2705,Unknown,27
2284,User_2706,Unknown,67
2285,User_2708,Unknown,34
2286,User_2709,Unknown,12
2287,User_2710,Unknown,13
2288,User_2711,Unknown,31
2289,User_2712,Unknown,44
2290,User_2713,Unknown,31
2291,User_2714,Unknown,3
2292,User_2715,Unknown,32
2293,User_2716,Unknown,95
2294,User_2717,Unknown,54
2295,User_2718,Unknown,37
2296,User_2719,Unknown,100
2297,User_2720,Unknown,49
2298,User_2721,Unknown,6
2299,User_2722,Unknown,3
2300,User_2723,Unknown,12
2301,User_2726,Unknown,17
2302,User_2727,Unknown,13
2303,User_2728,Unknown,38
2304,User_2729,Unknown,63
2305,User_2730,Unknown,89
2306,User_2731,Unknown,29
2307,User_2732,Unknown,8
2308,User_2733,Unknown,24
2309,User_2735,Unknown,19
2310,User_2736,Unknown,5
2311,User_2737,Unknown,21
2312,User_2738,Unknown,83
2313,User_2739,Unknown,31
2314,User_2741,Unknown,57
2315,User_2742,Unknown,116
2316,User_2743,Unknown,51
2317,User_2744,Unknown,13
2318,User_2745,Unknown,33
2319,User_2746,Unknown,15
2320,User_2747,Unknown,13
2321,User_2748,Unknown,75
2322,User_2749,Unknown,53
2323,User_2750,Unknown,85
2324,User_2751,Unknown,35
2325,User_2753,Unknown,52
2326,User_2754,Unknown,122
2327,User_2755,Unknown,89
2328,User_2756,Unknown,45
2329,User_2757,Unknown,83
2330,User_2758,Unknown,46
2331,User_2759,Unknown,22
2332,User_2761,Unknown,28
2333,User_2762,Unknown,21
2334,User_2763,Unknown,63
2335,User_2765,Unknown,47
2336,User_2766,Unknown,13
2337,User_2767,Unknown,6
2338,User_2768,Unknown,28
2339,User_2769,Unknown,12
2340,User_2770,Unknown,41
2341,User_2771,Unknown,14
2342,User_2772,Unknown,34
2343,User_2773,Unknown,57
2344,User_2774,Unknown,6
2345,User_2776,Unknown,6
2346,User_2777,Unknown,83
2347,User_2778,Unknown,95
2348,User_2779,Unknown,19
2349,User_2780,Unknown,59
2350,User_2781,Unknown,66
2351,User_2782,Unknown,98
2352,User_2783,Unknown,33
2353,User_2784,Unknown,28
2354,User_2785,Unknown,44
2355,User_2786,Unknown,102
2356,User_2787,Unknown,49
2357,User_2788,Unknown,2
2358,User_2789,Unknown,19
2359,User_2790,Unknown,9
2360,User_2791,Unknown,12
2361,User_2792,Unknown,3
2362,User_2793,Unknown,99
2363,User_2794,Unknown,19
2364,User_2795,Unknown,24
2365,User_2796,Unknown,60
2366,User_2797,Unknown,27
2367,User_2798,Unknown,3
2368,User_2799,Unknown,8
2369,User_2800,Unknown,82
2370,User_2801,Unknown,10
2371,User_2802,Unknown,10
2372,User_2803,Unknown,22
2373,User_2804,Unknown,9
2374,User_2805,Unknown,8
2375,User_2806,Unknown,50
2376,User_2807,Unknown,22
2377,User_2808,Unknown,3
2378,User_2809,Unknown,19
2379,User_2810,Unknown,58
2380,User_2811,Unknown,7
2381,User_2812,Unknown,25
2382,User_2815,Unknown,57
2383,User_2816,Unknown,11
2384,User_2817,Unknown,5
2385,User_2818,Unknown,16
2386,User_2819,Unknown,24
2387,User_2820,Unknown,15
2388,User_2821,Unknown,13
2389,User_2823,Unknown,38
2390,User_2824,Unknown,6
2391,User_2825,Unknown,20
2392,User_2827,Unknown,75
2393,User_2828,Unknown,78
2394,User_2829,Unknown,28
2395,User_2830,Unknown,22
2396,User_2831,Unknown,18
2397,User_2832,Unknown,30
2398,User_2833,Unknown,82
2399,User_2834,Unknown,9
2400,User_2835,Unknown,44
2401,User_2836,Unknown,31
2402,User_2837,Unknown,14
2403,User_2839,Unknown,137
2404,User_2840,Unknown,33
2405,User_2841,Unknown,31
2406,User_2842,Unknown,1
2407,User_2843,Unknown,29
2408,User_2844,Unknown,29
2409,User_2845,Unknown,26
2410,User_2846,Unknown,27
2411,User_2847,Unknown,12
2412,User_2848,Unknown,21
2413,User_2849,Unknown,81
2414,User_2850,Unknown,33
2415,User_2851,Unknown,22
2416,User_2852,Unknown,11
2417,User_2853,Unknown,62
2418,User_2854,Unknown,36
2419,User_2855,Unknown,4
2420,User_2856,Unknown,18
2421,User_2857,Unknown,2
2422,User_2858,Unknown,17
2423,User_2859,Unknown,20
2424,User_2860,Unknown,3
2425,User_2861,Unknown,11
2426,User_2862,Unknown,71
2427,User_2863,Unknown,104
2428,User_2864,Unknown,75
2429,User_2865,Unknown,39
2430,User_2866,Unknown,78
2431,User_2867,Unknown,80
2432,User_2868,Unknown,21
2433,User_2870,Unknown,22
2434,User_2871,Unknown,42
2435,User_2872,Unknown,76
2436,User_2873,Unknown,73
2437,User_2874,Unknown,47
2438,User_2875,Unknown,52
2439,User_2876,Unknown,14
2440,User_2877,Unknown,104
2441,User_2878,Unknown,11
2442,User_2879,Unknown,16
2443,User_2880,Unknown,66
2444,User_2881,Unknown,45
2445,User_2882,Unknown,10
2446,User_2884,Unknown,6
2447,User_2886,Unknown,10
2448,User_2887,Unknown,40
2449,User_2888,Unknown,15
2450,User_2889,Unknown,19
2451,User_2890,Unknown,88
2452,User_2891,Unknown,22
2453,User_2893,Unknown,8
2454,User_2894,Unknown,61
2455,User_2895,Unknown,9
2456,User_2896,Unknown,50
2457,User_2897,Unknown,54
2458,User_2898,Unknown,8
2459,User_2899,Unknown,6
2460,User_2900,Unknown,11
2461,User_2901,Unknown,77
2462,User_2902,Unknown,7
2463,User_2904,Unknown,72
2464,User_2905,Unknown,74
2465,User_2906,Unknown,92
2466,User_2907,Unknown,32
2467,User_2908,Unknown,27
2468,User_2909,Unknown,77
2469,User_2910,Unknown,83
2470,User_2911,Unknown,69
2471,User_2912,Unknown,61
2472,User_2913,Unknown,75
2473,User_2914,Unknown,41
2474,User_2915,Unknown,91
2475,User_2916,Unknown,87
2476,User_2917,Unknown,18
2477,User_2918,Unknown,20
2478,User_2919,Unknown,70
2479,User_2920,Unknown,74
2480,User_2921,Unknown,40
2481,User_2922,Unknown,3
2482,User_2923,Unknown,16
2483,User_2924,Unknown,40
2484,User_2925,Unknown,79
2485,User_2926,Unknown,10
2486,User_2927,Unknown,92
2487,User_2928,Unknown,86
2488,User_2929,Unknown,48
2489,User_2930,Unknown,8
2490,User_2931,Unknown,53
2491,User_2932,Unknown,40
2492,User_2933,Unknown,14
2493,User_2934,Unknown,20
2494,User_2935,Unknown,12
2495,User_2936,Unknown,60
2496,User_2937,Unknown,63
2497,User_2939,Unknown,69
2498,User_2940,Unknown,64
2499,User_2942,Unknown,10
2500,User_2943,Unknown,82
2501,User_2944,Unknown,106
2502,User_2945,Unknown,54
2503,User_2946,Unknown,59
2504,User_2947,Unknown,17
2505,User_2948,Unknown,21
2506,User_2949,Unknown,20
2507,User_2950,Unknown,48
2508,User_2951,Unknown,102
2509,User_2952,Unknown,3
2510,User_2953,Unknown,34
2511,User_2954,Unknown,13
2512,User_2955,Unknown,44
2513,User_2956,Unknown,96
2514,User_2957,Unknown,14
2515,User_2958,Unknown,42
2516,User_2959,Unknown,17
2517,User_2960,Unknown,92
2518,User_2961,Unknown,11
2519,User_2963,Unknown,4
2520,User_2965,Unknown,17
2521,User_2966,Unknown,107
2522,User_2967,Unknown,22
2523,User_2969,Unknown,71
2524,User_2970,Unknown,44
2525,User_2972,Unknown,17
2526,User_2973,Unknown,73
2527,User_2974,Unknown,59
2528,User_2975,Unknown,3
2529,User_2977,Unknown,33
2530,User_2978,Unknown,25
2531,User_2980,Unknown,5
2532,User_2981,Unknown,23
2533,User_2982,Unknown,15
2534,User_2983,Unknown,17
2535,User_2984,Unknown,24
2536,User_2985,Unknown,60
2537,User_2986,Unknown,100
2538,User_2987,Unknown,27
2539,User_2988,Unknown,63
2540,User_2989,Unknown,58
2541,User_2990,Unknown,13
2542,User_2991,Unknown,61
2543,User_2992,Unknown,72
2544,User_2993,Unknown,56
2545,User_2994,Unknown,65
2546,User_2995,Unknown,15
2547,User_2996,Unknown,39
2548,User_2997,Unknown,14
2549,User_2998,Unknown,3
2550,User_3000,Unknown,91
2551,User_3002,Unknown,72
2552,User_3004,Unknown,53
2553,User_3006,Unknown,2
2554,User_3007,Unknown,24
2555,User_3008,Unknown,16
2556,User_3009,Unknown,19
2557,User_3010,Unknown,32
2558,User_3012,Unknown,11
2559,User_3013,Unknown,24
2560,User_3014,Unknown,43
2561,User_3015,Unknown,10
2562,User_3016,Unknown,29
2563,User_3017,Unknown,70
2564,User_3018,Unknown,30
2565,User_3021,Unknown,50
2566,User_3022,Unknown,80
2567,User_3023,Unknown,35
2568,User_3024,Unknown,14
2569,User_3025,Unknown,54
2570,User_3026,Unknown,96
2571,User_3027,Unknown,66
2572,User_3028,Unknown,12
2573,User_3029,Unknown,52
2574,User_3030,Unknown,8
2575,User_3031,Unknown,1
2576,User_3032,Unknown,22
2577,User_3033,Unknown,88
2578,User_3035,Unknown,90
2579,User_3036,Unknown,38
2580,User_3037,Unknown,3
2581,User_3038,Unknown,88
2582,User_3039,Unknown,22
2583,User_3040,Unknown,51
2584,User_3041,Unknown,27
2585,User_3042,Unknown,20
2586,User_3043,Unknown,17
2587,User_3044,Unknown,6
2588,User_3045,Unknown,8
2589,User_3046,Unknown,37
2590,User_3047,Unknown,50
2591,User_3048,Unknown,15
2592,User_3049,Unknown,76
2593,User_3050,Unknown,16
2594,User_3051,Unknown,101
2595,User_3052,Unknown,50
2596,User_3053,Unknown,10
2597,User_3054,Unknown,83
2598,User_3055,Unknown,6
2599,User_3056,Unknown,78
2600,User_3058,Unknown,15
2601,User_3059,Unknown,5
2602,User_3060,Unknown,78
2603,User_3061,Unknown,14
2604,User_3063,Unknown,11
2605,User_3064,Unknown,64
2606,User_3065,Unknown,53
2607,User_3066,Unknown,14
2608,User_3067,Unknown,13
2609,User_3068,Unknown,16
2610,User_3069,Unknown,16
2611,User_3070,Unknown,62
2612,User_3071,Unknown,1
2613,User_3072,Unknown,46
2614,User_3073,Unknown,62
2615,User_3074,Unknown,6
2616,User_3075,Unknown,23
2617,User_3076,Unknown,86
2618,User_3077,Unknown,55
2619,User_3078,Unknown,99
2620,User_3080,Unknown,28
2621,User_3081,Unknown,25
2622,User_3082,Unknown,116
2623,User_3083,Unknown,10
2624,User_3084,Unknown,76
2625,User_3085,Unknown,52
2626,User_3086,Unknown,37
2627,User_3087,Unknown,51
2628,User_3088,Unknown,10
2629,User_3089,Unknown,52
2630,User_3090,Unknown,108
2631,User_3091,Unknown,6
2632,User_3092,Unknown,11
2633,User_3093,Unknown,16
2634,User_3094,Unknown,7
2635,User_3095,Unknown,15
2636,User_3096,Unknown,76
2637,User_3098,Unknown,65
2638,User_3099,Unknown,10
2639,User_3102,Unknown,49
2640,User_3103,Unknown,20
2641,User_3104,Unknown,83
2642,User_3105,Unknown,12
2643,User_3106,Unknown,62
2644,User_3107,Unknown,51
2645,User_3108,Unknown,63
2646,User_3109,Unknown,18
2647,User_3110,Unknown,17
2648,User_3112,Unknown,12
2649,User_3113,Unknown,68
2650,User_3114,Unknown,46
2651,User_3115,Unknown,61
2652,User_3116,Unknown,103
2653,User_3117,Unknown,63
2654,User_3118,Unknown,44
2655,User_3119,Unknown,69
2656,User_3120,Unknown,71
2657,User_3121,Unknown,4
2658,User_3122,Unknown,9
2659,User_3123,Unknown,33
2660,User_3124,Unknown,30
2661,User_3125,Unknown,2
2662,User_3126,Unknown,8
2663,User_3127,Unknown,6
2664,User_3128,Unknown,10
2665,User_3129,Unknown,35
2666,User_3130,Unknown,13
2667,User_3131,Unknown,8
2668,User_3132,Unknown,84
2669,User_3133,Unknown,10
2670,User_3134,Unknown,2
2671,User_3135,Unknown,35
2672,User_3137,Unknown,49
2673,User_3138,Unknown,19
2674,User_3139,Unknown,21
2675,User_3140,Unknown,71
2676,User_3141,Unknown,11
2677,User_3142,Unknown,56
2678,User_3143,Unknown,4
2679,User_3144,Unknown,16
2680,User_3145,Unknown,69
2681,User_3146,Unknown,61
2682,User_3147,Unknown,5
2683,User_3148,Unknown,30
2684,User_3149,Unknown,66
2685,User_3150,Unknown,89
2686,User_3151,Unknown,14
2687,User_3152,Unknown,85
2688,User_3153,Unknown,11
2689,User_3154,Unknown,91
2690,User_3155,Unknown,12
2691,User_3156,Unknown,13
2692,User_3157,Unknown,15
2693,User_3158,Unknown,52
2694,User_3159,Unknown,7
2695,User_3160,Unknown,30
2696,User_3161,Unknown,6
2697,User_3163,Unknown,23
2698,User_3166,Unknown,38
2699,User_3167,Unknown,17
2700,User_3169,Unknown,61
2701,User_3170,Unknown,25
2702,User_3171,Unknown,19
2703,User_3172,Unknown,72
2704,User_3174,Unknown,74
2705,User_3175,Unknown,6
2706,User_3176,Unknown,27
2707,User_3177,Unknown,41
2708,User_3180,Unknown,8
2709,User_3181,Unknown,8
2710,User_3182,Unknown,68
2711,User_3183,Unknown,1
2712,User_3184,Unknown,61
2713,User_3185,Unknown,80
2714,User_3187,Unknown,34
2715,User_3188,Unknown,51
2716,User_3189,Unknown,19
2717,User_3190,Unknown,12
2718,User_3191,Unknown,40
2719,User_3192,Unknown,16
2720,User_3193,Unknown,27
2721,User_3194,Unknown,17
2722,User_3195,Unknown,72
2723,User_3196,Unknown,40
2724,User_3197,Unknown,8
2725,User_3198,Unknown,86
2726,User_3199,Unknown,22
2727,User_3200,Unknown,11
2728,User_3202,Unknown,11
2729,User_3203,Unknown,31
2730,User_3204,Unknown,47
2731,User_3206,Unknown,51
2732,User_3207,Unknown,41
2733,User_3208,Unknown,15
2734,User_3209,Unknown,24
2735,User_3210,Unknown,14
2736,User_3211,Unknown,25
2737,User_3212,Unknown,35
2738,User_3213,Unknown,36
2739,User_3214,Unknown,63
2740,User_3215,Unknown,25
2741,User_3216,Unknown,7
2742,User_3217,Unknown,6
2743,User_3218,Unknown,9
2744,User_3219,Unknown,39
2745,User_3220,Unknown,54
2746,User_3221,Unknown,26
2747,User_3223,Unknown,23
2748,User_3224,Unknown,55
2749,User_3225,Unknown,28
2750,User_3226,Unknown,79
2751,User_3227,Unknown,5
2752,User_3228,Unknown,36
2753,User_3229,Unknown,14
2754,User_3230,Unknown,1
2755,User_3231,Unknown,28
2756,User_3232,Unknown,105
2757,User_3234,Unknown,33
2758,User_3235,Unknown,8
2759,User_3236,Unknown,21
2760,User_3237,Unknown,28
2761,User_3238,Unknown,41
2762,User_3239,Unknown,62
2763,User_3240,Unknown,66
2764,User_3241,Unknown,19
2765,User_3242,Unknown,15
2766,User_3243,Unknown,27
2767,User_3244,Unknown,14
2768,User_3246,Unknown,14
2769,User_3247,Unknown,66
2770,User_3249,Unknown,14
2771,User_3250,Unknown,34
2772,User_3251,Unknown,9
2773,User_3252,Unknown,86
2774,User_3253,Unknown,51
2775,User_3254,Unknown,12
2776,User_3255,Unknown,32
2777,User_3256,Unknown,63
2778,User_3257,Unknown,42
2779,User_3259,Unknown,31
2780,User_3260,Unknown,28
2781,User_3261,Unknown,54
2782,User_3262,Unknown,24
2783,User_3264,Unknown,31
2784,User_3266,Unknown,8
2785,User_3267,Unknown,72
2786,User_3268,Unknown,2
2787,User_3269,Unknown,9
2788,User_3270,Unknown,6
2789,User_3271,Unknown,5
2790,User_3272,Unknown,44
2791,User_3273,Unknown,26
2792,User_3274,Unknown,63
2793,User_3275,Unknown,29
2794,User_3276,Unknown,20
2795,User_3277,Unknown,71
2796,User_3279,Unknown,25
2797,User_3280,Unknown,107
2798,User_3281,Unknown,12
2799,User_3282,Unknown,2
2800,User_3283,Unknown,16
2801,User_3284,Unknown,70
2802,User_3285,Unknown,27
2803,User_3286,Unknown,23
2804,User_3287,Unknown,48
2805,User_3288,Unknown,48
2806,User_3291,Unknown,119
2807,User_3292,Unknown,12
2808,User_3293,Unknown,60
2809,User_3294,Unknown,23
2810,User_3296,Unknown,41
2811,User_3297,Unknown,63
2812,User_3298,Unknown,45
2813,User_3299,Unknown,60
2814,User_3300,Unknown,18
2815,User_3301,Unknown,40
2816,User_3302,Unknown,67
2817,User_3303,Unknown,36
2818,User_3305,Unknown,5
2819,User_3306,Unknown,22
2820,User_3307,Unknown,19
2821,User_3308,Unknown,9
2822,User_3309,Unknown,18
2823,User_3310,Unknown,5
2824,User_3311,Unknown,11
2825,User_3312,Unknown,17
2826,User_3313,Unknown,32
2827,User_3314,Unknown,16
2828,User_3315,Unknown,14
2829,User_3316,Unknown,39
2830,User_3317,Unknown,7
2831,User_3318,Unknown,20
2832,User_3320,Unknown,113
2833,User_3321,Unknown,69
2834,User_3322,Unknown,8
2835,User_3323,Unknown,7
2836,User_3324,Unknown,87
2837,User_3325,Unknown,19
2838,User_3326,Unknown,16
2839,User_3327,Unknown,50
2840,User_3329,Unknown,19
2841,User_3330,Unknown,93
2842,User_3332,Unknown,62
2843,User_3333,Unknown,7
2844,User_3334,Unknown,9
2845,User_3335,Unknown,65
2846,User_3336,Unknown,7
2847,User_3337,Unknown,24
2848,User_3338,Unknown,9
2849,User_3339,Unknown,73
2850,User_3340,Unknown,16
2851,User_3341,Unknown,31
2852,User_3342,Unknown,68
2853,User_3343,Unknown,14
2854,User_3344,Unknown,76
2855,User_3345,Unknown,65
2856,User_3346,Unknown,35
2857,User_3347,Unknown,76
2858,User_3348,Unknown,84
2859,User_3349,Unknown,12
2860,User_3350,Unknown,82
2861,User_3351,Unknown,84
2862,User_3352,Unknown,13
2863,User_3353,Unknown,62
2864,User_3354,Unknown,9
2865,User_3356,Unknown,20
2866,User_3357,Unknown,15
2867,User_3358,Unknown,11
2868,User_3359,Unknown,18
2869,User_3360,Unknown,74
2870,User_3362,Unknown,75
2871,User_3363,Unknown,131
2872,User_3364,Unknown,49
2873,User_3365,Unknown,46
2874,User_3367,Unknown,11
2875,User_3368,Unknown,9
2876,User_3369,Unknown,43
2877,User_3370,Unknown,6
2878,User_3371,Unknown,15
2879,User_3372,Unknown,7
2880,User_3373,Unknown,17
2881,User_3374,Unknown,16
2882,User_3375,Unknown,3
2883,User_3376,Unknown,8
2884,User_3377,Unknown,31
2885,User_3378,Unknown,60
2886,User_3379,Unknown,25
2887,User_3380,Unknown,21
2888,User_3381,Unknown,54
2889,User_3382,Unknown,17
2890,User_3383,Unknown,17
2891,User_3384,Unknown,49
2892,User_3387,Unknown,97
2893,User_3388,Unknown,10
2894,User_3389,Unknown,7
2895,User_3390,Unknown,25
2896,User_3391,Unknown,53
2897,User_3392,Unknown,17
2898,User_3393,Unknown,19
2899,User_3394,Unknown,31
2900,User_3395,Unknown,38
2901,User_3396,Unknown,76
2902,User_3397,Unknown,115
2903,User_3398,Unknown,8
2904,User_3399,Unknown,37
2905,User_3400,Unknown,35
2906,User_3401,Unknown,8
2907,User_3402,Unknown,15
2908,User_3403,Unknown,52
2909,User_3405,Unknown,13
2910,User_3407,Unknown,2
2911,User_3408,Unknown,2
2912,User_3411,Unknown,62
2913,User_3413,Unknown,3
2914,User_3414,Unknown,18
2915,User_3415,Unknown,29
2916,User_3416,Unknown,53
2917,User_3417,Unknown,89
2918,User_3418,Unknown,10
2919,User_3419,Unknown,63
2920,User_3421,Unknown,20
2921,User_3422,Unknown,40
2922,User_3423,Unknown,16
2923,User_3424,Unknown,7
2924,User_3425,Unknown,10
2925,User_3426,Unknown,113
2926,User_3427,Unknown,9
2927,User_3428,Unknown,8
2928,User_3429,Unknown,5
2929,User_3430,Unknown,21
2930,User_3431,Unknown,23
2931,User_3432,Unknown,6
2932,User_3433,Unknown,65
2933,User_3434,Unknown,107
2934,User_3435,Unknown,49
2935,User_3436,Unknown,7
2936,User_2003,Unknown,48
2937,User_2031,Unknown,53
2938,User_2155,Unknown,41
2939,User_2185,Unknown,17
2940,User_2325,Unknown,79
2941,User_2330,Unknown,48
2942,User_1914,Unknown,47
2943,User_1915,Unknown,11
2944,User_1917,Unknown,190
2945,User_1918,Unknown,161
2946,User_1919,Unknown,55
2947,User_1921,Unknown,40
2948,User_1922,Unknown,15
2949,User_1923,Unknown,56
2950,User_1924,Unknown,6
2951,User_1925,Unknown,125
2952,User_1927,Unknown,55
2953,User_1928,Unknown,23
2954,User_1929,Unknown,151
2955,User_1930,Unknown,13
2956,User_1931,Unknown,39
2957,User_1933,Unknown,11
2958,User_1934,Unknown,12
2959,User_1935,Unknown,50
2960,User_1936,Unknown,22
2961,User_1937,Unknown,4
2962,User_1938,Unknown,189
2963,User_1942,Unknown,39
2964,User_1943,Unknown,192
2965,User_1944,Unknown,29
2966,User_1946,Unknown,191
2967,User_1949,Unknown,8
2968,User_1950,Unknown,12
2969,User_1952,Unknown,17
2970,User_1953,Unknown,123
2971,User_1956,Unknown,8
2972,User_1957,Unknown,39
2973,User_1958,Unknown,34
2974,User_1960,Unknown,43
2975,User_1961,Unknown,7
2976,User_1962,Unknown,187
2977,User_1963,Unknown,86
2978,User_1964,Unknown,96
2979,User_1965,Unknown,20
2980,User_1966,Unknown,172
2981,User_1968,Unknown,35
2982,User_1969,Unknown,4
2983,User_1970,Unknown,72
2984,User_1971,Unknown,176
2985,User_1974,Unknown,7
2986,User_1975,Unknown,36
2987,User_1977,Unknown,9
2988,User_1978,Unknown,15
2989,User_1979,Unknown,176
2990,User_1980,Unknown,57
2991,User_1981,Unknown,55
2992,User_1982,Unknown,19
2993,User_1983,Unknown,199
2994,User_1984,Unknown,178
2995,User_1985,Unknown,224
2996,User_1986,Unknown,153
2997,User_1987,Unknown,36
2998,User_1988,Unknown,24
2999,User_1989,Unknown,87
3000,User_1990,Unknown,20
3001,User_1992,Unknown,15
3002,User_1993,Unknown,203
3003,User_1996,Unknown,4
3004,User_1997,Unknown,135
3005,User_1999,Unknown,34
3006,User_2000,Unknown,33
3007,User_2005,Unknown,155
3008,User_2006,Unknown,52
3009,User_2008,Unknown,7
3010,User_2011,Unknown,40
3011,User_2012,Unknown,15
3012,User_2013,Unknown,9
3013,User_2014,Unknown,10
3014,User_2015,Unknown,5
3015,User_2016,Unknown,18
3016,User_2017,Unknown,7
3017,User_2019,Unknown,19
3018,User_2020,Unknown,158
3019,User_2021,Unknown,31
3020,User_2022,Unknown,50
3021,User_2023,Unknown,25
3022,User_2025,Unknown,30
3023,User_2029,Unknown,34
3024,User_2030,Unknown,187
3025,User_2033,Unknown,173
3026,User_2034,Unknown,8
3027,User_2035,Unknown,30
3028,User_2036,Unknown,21
3029,User_2037,Unknown,173
3030,User_2040,Unknown,152
3031,User_2041,Unknown,8
3032,User_2043,Unknown,174
3033,User_2044,Unknown,25
3034,User_2045,Unknown,176
3035,User_2046,Unknown,123
3036,User_2048,Unknown,17
3037,User_2049,Unknown,37
3038,User_2050,Unknown,23
3039,User_2051,Unknown,9
3040,User_2055,Unknown,73
3041,User_2056,Unknown,115
3042,User_2057,Unknown,42
3043,User_2058,Unknown,76
3044,User_2059,Unknown,193
3045,User_2060,Unknown,106
3046,User_2061,Unknown,48
3047,User_2063,Unknown,141
3048,User_2064,Unknown,186
3049,User_2066,Unknown,9
3050,User_2067,Unknown,33
3051,User_2069,Unknown,168
3052,User_2070,Unknown,13
3053,User_2073,Unknown,195
3054,User_2074,Unknown,162
3055,User_2075,Unknown,48
3056,User_2076,Unknown,17
3057,User_2077,Unknown,126
3058,User_2078,Unknown,204
3059,User_2079,Unknown,1
3060,User_2080,Unknown,9
3061,User_2082,Unknown,18
3062,User_2083,Unknown,147
3063,User_2084,Unknown,141
3064,User_2085,Unknown,30
3065,User_2086,Unknown,136
3066,User_2088,Unknown,198
3067,User_2089,Unknown,23
3068,User_2090,Unknown,189
3069,User_2091,Unknown,34
3070,User_2092,Unknown,43
3071,User_2093,Unknown,177
3072,User_2094,Unknown,7
3073,User_2095,Unknown,154
3074,User_2096,Unknown,21
3075,User_2097,Unknown,38
3076,User_2098,Unknown,117
3077,User_2099,Unknown,16
3078,User_2100,Unknown,6
3079,User_2103,Unknown,184
3080,User_2104,Unknown,181
3081,User_2105,Unknown,11
3082,User_2106,Unknown,4
3083,User_2107,Unknown,37
3084,User_2108,Unknown,164
3085,User_2109,Unknown,135
3086,User_2110,Unknown,43
3087,User_2112,Unknown,160
3088,User_2113,Unknown,10
3089,User_2114,Unknown,15
3090,User_2115,Unknown,136
3091,User_2118,Unknown,188
3092,User_2119,Unknown,15
3093,User_2120,Unknown,23
3094,User_2121,Unknown,158
3095,User_2122,Unknown,146
3096,User_2123,Unknown,203
3097,User_2124,Unknown,169
3098,User_2126,Unknown,54
3099,User_2129,Unknown,38
3100,User_2130,Unknown,11
3101,User_2131,Unknown,198
3102,User_2136,Unknown,74
3103,User_2139,Unknown,178
3104,User_2140,Unknown,171
3105,User_2141,Unknown,24
3106,User_2142,Unknown,221
3107,User_2145,Unknown,43
3108,User_2146,Unknown,24
3109,User_2147,Unknown,41
3110,User_2150,Unknown,192
3111,User_2152,Unknown,18
3112,User_2154,Unknown,160
3113,User_2156,Unknown,27
3114,User_2158,Unknown,10
3115,User_2159,Unknown,48
3116,User_2160,Unknown,24
3117,User_2161,Unknown,82
3118,User_2162,Unknown,15
3119,User_2164,Unknown,92
3120,User_2165,Unknown,128
3121,User_2166,Unknown,9
3122,User_2167,Unknown,5
3123,User_2168,Unknown,3
3124,User_2170,Unknown,18
3125,User_2172,Unknown,193
3126,User_2173,Unknown,30
3127,User_2175,Unknown,8
3128,User_2177,Unknown,11
3129,User_2178,Unknown,3
3130,User_2179,Unknown,94
3131,User_2181,Unknown,17
3132,User_2182,Unknown,8
3133,User_2184,Unknown,186
3134,User_2186,Unknown,18
3135,User_2188,Unknown,194
3136,User_2190,Unknown,168
3137,User_2192,Unknown,41
3138,User_2193,Unknown,14
3139,User_2195,Unknown,1
3140,User_2197,Unknown,22
3141,User_2200,Unknown,173
3142,User_2201,Unknown,190
3143,User_2202,Unknown,49
3144,User_2204,Unknown,4
3145,User_2205,Unknown,14
3146,User_2206,Unknown,210
3147,User_2207,Unknown,22
3148,User_2208,Unknown,22
3149,User_2209,Unknown,36
3150,User_2210,Unknown,98
3151,User_2211,Unknown,54
3152,User_2212,Unknown,140
3153,User_2213,Unknown,103
3154,User_2214,Unknown,27
3155,User_2216,Unknown,133
3156,User_2217,Unknown,13
3157,User_2218,Unknown,205
3158,User_2219,Unknown,5
3159,User_2220,Unknown,195
3160,User_2221,Unknown,41
3161,User_2222,Unknown,46
3162,User_2226,Unknown,51
3163,User_2227,Unknown,7
3164,User_2228,Unknown,32
3165,User_2229,Unknown,207
3166,User_2230,Unknown,5
3167,User_2231,Unknown,36
3168,User_2232,Unknown,71
3169,User_2233,Unknown,222
3170,User_2234,Unknown,29
3171,User_2235,Unknown,70
3172,User_2236,Unknown,37
3173,User_2237,Unknown,124
3174,User_2238,Unknown,13
3175,User_2240,Unknown,201
3176,User_2242,Unknown,40
3177,User_2243,Unknown,59
3178,User_2244,Unknown,200
3179,User_2245,Unknown,7
3180,User_2248,Unknown,18
3181,User_2249,Unknown,19
3182,User_2251,Unknown,9
3183,User_2252,Unknown,10
3184,User_2253,Unknown,157
3185,User_2255,Unknown,10
3186,User_2256,Unknown,7
3187,User_2257,Unknown,155
3188,User_2258,Unknown,49
3189,User_2259,Unknown,55
3190,User_2260,Unknown,20
3191,User_2261,Unknown,129
3192,User_2262,Unknown,14
3193,User_2263,Unknown,7
3194,User_2265,Unknown,11
3195,User_2269,Unknown,1
3196,User_2270,Unknown,15
3197,User_2271,Unknown,180
3198,User_2272,Unknown,29
3199,User_2274,Unknown,35
3200,User_2275,Unknown,185
3201,User_2276,Unknown,154
3202,User_2277,Unknown,16
3203,User_2278,Unknown,174
3204,User_2280,Unknown,59
3205,User_2281,Unknown,9
3206,User_2286,Unknown,24
3207,User_2287,Unknown,68
3208,User_2288,Unknown,21
3209,User_2290,Unknown,184
3210,User_2291,Unknown,17
3211,User_2296,Unknown,34
3212,User_2297,Unknown,38
3213,User_2299,Unknown,155
3214,User_2300,Unknown,122
3215,User_2301,Unknown,10
3216,User_2303,Unknown,29
3217,User_2304,Unknown,66
3218,User_2305,Unknown,16
3219,User_2306,Unknown,113
3220,User_2307,Unknown,141
3221,User_2308,Unknown,156
3222,User_2309,Unknown,199
3223,User_2310,Unknown,23
3224,User_2311,Unknown,51
3225,User_2312,Unknown,16
3226,User_2313,Unknown,85
3227,User_2314,Unknown,19
3228,User_2316,Unknown,10
3229,User_2317,Unknown,36
3230,User_2318,Unknown,37
3231,User_2320,Unknown,16
3232,User_2321,Unknown,7
3233,User_2322,Unknown,46
3234,User_2323,Unknown,183
3235,User_2324,Unknown,197
3236,User_2326,Unknown,180
3237,User_2329,Unknown,124
3238,User_2331,Unknown,190
3239,User_2334,Unknown,139
3240,User_2335,Unknown,34
3241,User_2339,Unknown,182
3242,User_2340,Unknown,198
3243,User_2341,Unknown,26
3244,User_2342,Unknown,28
3245,User_2345,Unknown,52
3246,User_2346,Unknown,36
3247,User_2348,Unknown,151
3248,User_2349,Unknown,18
3249,User_2350,Unknown,28
3250,User_2352,Unknown,168
3251,User_2353,Unknown,86
3252,User_2354,Unknown,177
3253,User_2356,Unknown,172
3254,User_2357,Unknown,13
3255,User_2358,Unknown,6
3256,User_2359,Unknown,147
3257,User_2360,Unknown,12
3258,User_2361,Unknown,45
3259,User_2362,Unknown,25
3260,User_2363,Unknown,167
3261,User_2365,Unknown,55
3262,User_2366,Unknown,36
3263,User_2367,Unknown,50
3264,User_2369,Unknown,197
3265,User_2370,Unknown,158
3266,User_2371,Unknown,36
3267,User_2373,Unknown,12
3268,User_2374,Unknown,168
3269,User_2375,Unknown,6
3270,User_2376,Unknown,179
3271,User_2379,Unknown,36
3272,User_2380,Unknown,3
3273,User_2381,Unknown,176
3274,User_2382,Unknown,2
3275,User_2383,Unknown,24
3276,User_2386,Unknown,139
3277,User_2387,Unknown,50
3278,User_2388,Unknown,6
3279,User_2390,Unknown,49
3280,User_2391,Unknown,72
3281,User_2392,Unknown,92
3282,User_2393,Unknown,32
3283,User_2395,Unknown,179
3284,User_2396,Unknown,69
3285,User_2397,Unknown,35
3286,User_2400,Unknown,19
3287,User_2401,Unknown,21
3288,User_2402,Unknown,15
3289,User_2403,Unknown,17
3290,User_2404,Unknown,170
3291,User_2405,Unknown,20
3292,User_2406,Unknown,36
3293,User_2407,Unknown,89
3294,User_2408,Unknown,153
3295,User_2409,Unknown,178
3296,User_2410,Unknown,207
3297,User_2411,Unknown,32
3298,User_2412,Unknown,31
3299,User_2414,Unknown,183
3300,User_2415,Unknown,41
3301,User_2416,Unknown,37
3302,User_2418,Unknown,117
3303,User_2421,Unknown,8
3304,User_2422,Unknown,5
3305,User_2423,Unknown,165
3306,User_2424,Unknown,11
3307,User_2425,Unknown,36
3308,User_2426,Unknown,18
3309,User_2427,Unknown,25
3310,User_2428,Unknown,191
3311,User_2429,Unknown,86
3312,User_2430,Unknown,146
3313,User_2431,Unknown,5
3314,User_2432,Unknown,28
3315,User_2433,Unknown,147
3316,User_2434,Unknown,91
3317,User_2435,Unknown,27
3318,User_2437,Unknown,5
3319,User_2438,Unknown,68
3320,User_2439,Unknown,10
3321,User_2440,Unknown,34
3322,User_2441,Unknown,4
3323,User_2442,Unknown,3
3324,User_2443,Unknown,23
3325,User_2444,Unknown,16
3326,User_2446,Unknown,161
3327,User_2448,Unknown,33
3328,User_2449,Unknown,46
3329,User_2450,Unknown,12
3330,User_2452,Unknown,10
3331,User_2453,Unknown,14
3332,User_2454,Unknown,16
3333,User_2455,Unknown,16
3334,User_2456,Unknown,8
3335,User_2457,Unknown,1
3336,User_2460,Unknown,169
3337,User_2462,Unknown,96
3338,User_2464,Unknown,202
3339,User_2466,Unknown,11
3340,User_2467,Unknown,130
3341,User_2469,Unknown,135
3342,User_2470,Unknown,1
3343,User_2473,Unknown,49
3344,User_2474,Unknown,26
3345,User_2476,Unknown,36
3346,User_2477,Unknown,113
3347,User_2478,Unknown,93
3348,User_2479,Unknown,46
3349,User_2480,Unknown,27
3350,User_2481,Unknown,3
3351,User_2482,Unknown,160
3352,User_2483,Unknown,3
3353,User_2484,Unknown,126
3354,User_2485,Unknown,137
3355,User_2486,Unknown,18
3356,User_2487,Unknown,9
3357,User_2488,Unknown,39
3358,User_2489,Unknown,108
3359,User_2490,Unknown,15
3360,User_2492,Unknown,178
3361,User_2493,Unknown,6
3362,User_2495,Unknown,145
3363,User_2497,Unknown,25
3364,User_2499,Unknown,93
3365,User_2500,Unknown,181
3366,User_2503,Unknown,16
3367,User_2504,Unknown,151
3368,User_2505,Unknown,5
3369,User_2506,Unknown,124
3370,User_2507,Unknown,201
3371,User_2513,Unknown,15
3372,User_2514,Unknown,9
3373,User_2515,Unknown,13
3374,User_2517,Unknown,6
3375,User_2518,Unknown,48
3376,User_2520,Unknown,165
3377,User_2521,Unknown,141
3378,User_2522,Unknown,14
3379,User_2523,Unknown,17
3380,User_2524,Unknown,13
3381,User_2525,Unknown,35
3382,User_2526,Unknown,191
3383,User_2527,Unknown,4
3384,User_2528,Unknown,7
3385,User_2531,Unknown,23
3386,User_2532,Unknown,106
3387,User_2534,Unknown,18
3388,User_2535,Unknown,11
3389,User_2536,Unknown,63
3390,User_2537,Unknown,95
3391,User_2539,Unknown,140
3392,User_2540,Unknown,31
3393,User_2541,Unknown,2
3394,User_2545,Unknown,9
3395,User_2546,Unknown,144
3396,User_2548,Unknown,8
3397,User_2549,Unknown,161
3398,User_2550,Unknown,162
3399,User_2551,Unknown,158
3400,User_2552,Unknown,112
3401,User_2553,Unknown,173
3402,User_2554,Unknown,93
3403,User_2556,Unknown,131
3404,User_2557,Unknown,31
3405,User_2558,Unknown,22
3406,User_2559,Unknown,165
3407,User_2560,Unknown,201
3408,User_2561,Unknown,155
3409,User_2562,Unknown,14
3410,User_2563,Unknown,110
3411,User_2564,Unknown,188
3412,User_2565,Unknown,4
3413,User_2566,Unknown,26
3414,User_2568,Unknown,11
3415,User_2569,Unknown,1
3416,User_2570,Unknown,21
3417,User_2572,Unknown,19
3418,User_2573,Unknown,152
3419,User_2574,Unknown,103
3420,User_2575,Unknown,141
3421,User_2576,Unknown,45
3422,User_2577,Unknown,20
3423,User_2578,Unknown,164
3424,User_2579,Unknown,116
3425,User_2580,Unknown,6
3426,User_2581,Unknown,24
3427,User_2584,Unknown,15
3428,User_2585,Unknown,40
3429,User_2586,Unknown,187
3430,User_2587,Unknown,19
3431,User_2590,Unknown,197
3432,User_2591,Unknown,96
3433,User_2593,Unknown,185
3434,User_2595,Unknown,3
3435,User_2596,Unknown,1
3436,User_2599,Unknown,14
3437,User_2600,Unknown,182
3438,User_2601,Unknown,190
3439,User_2602,Unknown,198
3440,User_2603,Unknown,68
3441,User_2604,Unknown,196
3442,User_2606,Unknown,75
3443,User_2607,Unknown,195
3444,User_2610,Unknown,51
3445,User_2611,Unknown,207
3446,User_2612,Unknown,28
3447,User_2613,Unknown,31
3448,User_2614,Unknown,17
3449,User_2615,Unknown,185
3450,User_2618,Unknown,23
3451,User_2619,Unknown,164
3452,User_2620,Unknown,55
3453,User_2621,Unknown,6
3454,User_2622,Unknown,21
3455,User_2623,Unknown,130
3456,User_2624,Unknown,188
3457,User_2625,Unknown,186
3458,User_2626,Unknown,34
3459,User_2627,Unknown,41
3460,User_2628,Unknown,28
3461,User_2630,Unknown,173
3462,User_2631,Unknown,116
3463,User_2632,Unknown,7
3464,User_2633,Unknown,41
3465,User_2634,Unknown,5
3466,User_2637,Unknown,35
3467,User_2638,Unknown,166
3468,User_2639,Unknown,37
3469,User_2641,Unknown,19
3470,User_2644,Unknown,27
3471,User_2645,Unknown,54
3472,User_2646,Unknown,135
3473,User_2648,Unknown,48
3474,User_2650,Unknown,18
3475,User_2651,Unknown,7
3476,User_2652,Unknown,49
3477,User_2654,Unknown,151
3478,User_2655,Unknown,168
3479,User_2656,Unknown,16
3480,User_2657,Unknown,52
3481,User_2658,Unknown,36
3482,User_2659,Unknown,58
3483,User_3438,Unknown,24
3484,User_3439,Unknown,9
3485,User_3441,Unknown,6
3486,User_3442,Unknown,45
3487,User_3443,Unknown,22
3488,User_3444,Unknown,5
3489,User_3445,Unknown,7
3490,User_3446,Unknown,11
3491,User_3447,Unknown,6
3492,User_3448,Unknown,47
3493,User_3449,Unknown,45
3494,User_3450,Unknown,18
3495,User_3451,Unknown,1
3496,User_3452,Unknown,16
3497,User_3453,Unknown,1
3498,User_3455,Unknown,38
3499,User_3457,Unknown,6
3500,User_3458,Unknown,20
3501,User_3459,Unknown,15
3502,User_3460,Unknown,28
3503,User_3461,Unknown,8
3504,User_3462,Unknown,20
3505,User_3463,Unknown,24
3506,User_3464,Unknown,31
3507,User_3465,Unknown,16
3508,User_3466,Unknown,26
3509,User_3467,Unknown,3
3510,User_3468,Unknown,29
3511,User_3469,Unknown,28
3512,User_3470,Unknown,16
3513,User_3471,Unknown,25
3514,User_3472,Unknown,15
3515,User_3473,Unknown,17
3516,User_3474,Unknown,18
3517,User_3475,Unknown,32
3518,User_3476,Unknown,15
3519,User_3477,Unknown,6
3520,User_3478,Unknown,17
3521,User_3479,Unknown,15
3522,User_3480,Unknown,25
3523,User_3481,Unknown,14
3524,User_3482,Unknown,13
3525,User_3483,Unknown,13
3526,User_3484,Unknown,15
3527,User_3485,Unknown,19
3528,User_3486,Unknown,30
3529,User_3488,Unknown,47
3530,User_3489,Unknown,5
3531,User_3490,Unknown,15
3532,User_3491,Unknown,23
3533,User_3492,Unknown,9
3534,User_3493,Unknown,19
3535,User_3494,Unknown,4
3536,User_3496,Unknown,19
3537,User_3497,Unknown,24
3538,User_3498,Unknown,18
3539,User_3499,Unknown,21
3540,User_3500,Unknown,20
3541,User_3502,Unknown,8
3542,User_3503,Unknown,13
3543,User_3504,Unknown,8
3544,User_3505,Unknown,25
3545,User_3506,Unknown,48
3546,User_3507,Unknown,9
3547,User_3508,Unknown,24
3548,User_3509,Unknown,22
3549,User_3510,Unknown,20
3550,User_3511,Unknown,22
3551,User_3512,Unknown,13
3552,User_3513,Unknown,6
3553,User_3514,Unknown,41
3554,User_3515,Unknown,11
3555,User_3516,Unknown,14
3556,User_3518,Unknown,33
3557,User_3519,Unknown,17
3558,User_3520,Unknown,10
3559,User_3521,Unknown,58
3560,User_3522,Unknown,9
3561,User_3523,Unknown,14
3562,User_3524,Unknown,16
3563,User_3526,Unknown,30
3564,User_3527,Unknown,23
3565,User_3528,Unknown,36
3566,User_3529,Unknown,35
3567,User_3530,Unknown,8
3568,User_3531,Unknown,9
3569,User_3532,Unknown,15
3570,User_3533,Unknown,15
3571,User_3534,Unknown,23
3572,User_3535,Unknown,19
3573,User_3536,Unknown,11
3574,User_3537,Unknown,4
3575,User_3538,Unknown,20
3576,User_3539,Unknown,10
3577,User_3541,Unknown,12
3578,User_3542,Unknown,33
3579,User_3543,Unknown,10
3580,User_3544,Unknown,5
3581,User_3545,Unknown,83
3582,User_3546,Unknown,16
3583,User_3547,Unknown,13
3584,User_3548,Unknown,8
3585,User_3549,Unknown,15
3586,User_3551,Unknown,9
3587,User_3552,Unknown,7
3588,User_3553,Unknown,33
3589,User_3554,Unknown,21
3590,User_3555,Unknown,20
3591,User_3557,Unknown,31
3592,User_3558,Unknown,38
3593,User_3559,Unknown,27
3594,User_3560,Unknown,3
3595,User_3562,Unknown,15
3596,User_3563,Unknown,17
3597,User_3564,Unknown,17
3598,User_3565,Unknown,4
3599,User_3566,Unknown,9
3600,User_3567,Unknown,14
3601,User_3568,Unknown,35
3602,User_3569,Unknown,26
3603,User_3570,Unknown,1
3604,User_3571,Unknown,17
3605,User_3572,Unknown,8
3606,User_3573,Unknown,22
3607,User_3574,Unknown,15
3608,User_3575,Unknown,3
3609,User_3576,Unknown,42
3610,User_3578,Unknown,24
3611,User_3579,Unknown,16
3612,User_3580,Unknown,9
3613,User_3581,Unknown,12
3614,User_3582,Unknown,3
3615,User_3583,Unknown,10
3616,User_3584,Unknown,49
3617,User_3585,Unknown,8
3618,User_3587,Unknown,17
3619,User_3588,Unknown,4
3620,User_3589,Unknown,2
3621,User_3590,Unknown,27
3622,User_3591,Unknown,19
3623,User_3593,Unknown,47
3624,User_3594,Unknown,12
3625,User_3595,Unknown,14
3626,User_3596,Unknown,86
3627,User_3597,Unknown,3
3628,User_3598,Unknown,11
3629,User_3599,Unknown,33
3630,User_3600,Unknown,7
3631,User_3601,Unknown,21
3632,User_3602,Unknown,17
3633,User_3603,Unknown,9
3634,User_3604,Unknown,76
3635,User_3605,Unknown,39
3636,User_3606,Unknown,5
3637,User_3607,Unknown,8
3638,User_3608,Unknown,19
3639,User_3610,Unknown,15
3640,User_3611,Unknown,57
3641,User_3612,Unknown,19
3642,User_3613,Unknown,15
3643,User_3614,Unknown,10
3644,User_3615,Unknown,20
3645,User_3616,Unknown,12
3646,User_3617,Unknown,33
3647,User_3618,Unknown,20
3648,User_3619,Unknown,4
3649,User_3620,Unknown,16
3650,User_3622,Unknown,12
3651,User_3623,Unknown,19
3652,User_3624,Unknown,14
3653,User_3625,Unknown,37
3654,User_3627,Unknown,19
3655,User_3628,Unknown,23
3656,User_3629,Unknown,37
3657,User_3630,Unknown,13
3658,User_3631,Unknown,10
3659,User_3632,Unknown,6
3660,User_3634,Unknown,22
3661,User_3635,Unknown,27
3662,User_3636,Unknown,25
3663,User_3637,Unknown,5
3664,User_3638,Unknown,11
3665,User_3639,Unknown,12
3666,User_3640,Unknown,42
3667,User_3641,Unknown,10
3668,User_3642,Unknown,23
3669,User_3643,Unknown,24
3670,User_3644,Unknown,13
3671,User_3645,Unknown,18
3672,User_3646,Unknown,17
3673,User_3647,Unknown,8
3674,User_3648,Unknown,21
3675,User_3649,Unknown,15
3676,User_3650,Unknown,1
3677,User_3652,Unknown,7
3678,User_3653,Unknown,4
3679,User_3654,Unknown,12
3680,User_3655,Unknown,15
3681,User_3656,Unknown,22
3682,User_3657,Unknown,13
3683,User_3658,Unknown,16
3684,User_3659,Unknown,10
3685,User_3660,Unknown,6
3686,User_3661,Unknown,6
3687,User_3662,Unknown,17
3688,User_3663,Unknown,14
3689,User_3664,Unknown,10
3690,User_3665,Unknown,6
3691,User_3666,Unknown,9
3692,User_3667,Unknown,23
3693,User_3668,Unknown,11
3694,User_3669,Unknown,7
3695,User_3670,Unknown,22
3696,User_3671,Unknown,9
3697,User_3672,Unknown,47
3698,User_3673,Unknown,4
3699,User_3675,Unknown,14
3700,User_3676,Unknown,5
3701,User_3678,Unknown,5
3702,User_3679,Unknown,13
3703,User_3680,Unknown,43
3704,User_3681,Unknown,10
3705,User_3682,Unknown,9
3706,User_3683,Unknown,17
3707,User_3685,Unknown,15
3708,User_3686,Unknown,4
3709,User_3687,Unknown,33
3710,User_3688,Unknown,2
3711,User_3689,Unknown,3
3712,User_3690,Unknown,26
3713,User_3691,Unknown,3
3714,User_3693,Unknown,29
3715,User_3694,Unknown,5
3716,User_3695,Unknown,15
3717,User_3696,Unknown,15
3718,User_3697,Unknown,21
3719,User_3698,Unknown,18
3720,User_3699,Unknown,3
3721,User_3700,Unknown,7
3722,User_3701,Unknown,15
3723,User_3702,Unknown,38
3724,User_3703,Unknown,15
3725,User_3704,Unknown,2
3726,User_3705,Unknown,38
3727,User_3706,Unknown,25
3728,User_3707,Unknown,24
3729,User_3708,Unknown,15
3730,User_3709,Unknown,1
3731,User_3710,Unknown,26
3732,User_3711,Unknown,29
3733,User_3712,Unknown,8
3734,User_3713,Unknown,26
3735,User_3714,Unknown,26
3736,User_3715,Unknown,14
3737,User_3716,Unknown,7
3738,User_3717,Unknown,3
3739,User_3718,Unknown,27
3740,User_3719,Unknown,23
3741,User_3720,Unknown,10
3742,User_3722,Unknown,33
3743,User_3724,Unknown,6
3744,User_3725,Unknown,19
3745,User_3726,Unknown,15
3746,User_3727,Unknown,6
3747,User_3728,Unknown,28
3748,User_3729,Unknown,1
3749,User_3730,Unknown,28
3750,User_3731,Unknown,40
3751,User_3732,Unknown,2
3752,User_3733,Unknown,3
3753,User_3734,Unknown,49
3754,User_3735,Unknown,16
3755,User_3736,Unknown,12
3756,User_3737,Unknown,39
3757,User_3738,Unknown,30
3758,User_3739,Unknown,15
3759,User_3740,Unknown,27
3760,User_3742,Unknown,5
3761,User_3743,Unknown,19
3762,User_3744,Unknown,3
3763,User_3745,Unknown,6
3764,User_3746,Unknown,2
3765,User_3747,Unknown,22
3766,User_3748,Unknown,1
3767,User_3749,Unknown,6
3768,User_3751,Unknown,6
3769,User_3752,Unknown,19
3770,User_3753,Unknown,25
3771,User_3754,Unknown,8
3772,User_3755,Unknown,8
3773,User_3757,Unknown,17
3774,User_3758,Unknown,44
3775,User_3759,Unknown,19
3776,User_3760,Unknown,17
3777,User_3761,Unknown,21
3778,User_3762,Unknown,17
3779,User_3763,Unknown,12
3780,User_3764,Unknown,29
3781,User_3765,Unknown,4
3782,User_3766,Unknown,10
3783,User_3767,Unknown,10
3784,User_3768,Unknown,23
3785,User_3769,Unknown,13
3786,User_3770,Unknown,10
3787,User_3771,Unknown,7
3788,User_3772,Unknown,8
3789,User_3773,Unknown,14
3790,User_3774,Unknown,18
3791,User_3775,Unknown,9
3792,User_3776,Unknown,19
3793,User_3777,Unknown,10
3794,User_3778,Unknown,13
3795,User_3780,Unknown,16
3796,User_3781,Unknown,4
3797,User_3782,Unknown,32
3798,User_3783,Unknown,13
3799,User_3784,Unknown,12
3800,User_3785,Unknown,19
3801,User_3786,Unknown,21
3802,User_3787,Unknown,5
3803,User_3788,Unknown,12
3804,User_3789,Unknown,8
3805,User_3790,Unknown,45
3806,User_3791,Unknown,21
3807,User_3792,Unknown,15
3808,User_3793,Unknown,49
3809,User_3794,Unknown,35
3810,User_3795,Unknown,5
3811,User_3796,Unknown,11
3812,User_3798,Unknown,1
3813,User_3799,Unknown,14
3814,User_3800,Unknown,49
3815,User_3801,Unknown,3
3816,User_3802,Unknown,16
3817,User_3803,Unknown,21
3818,User_3804,Unknown,49
3819,User_3805,Unknown,5
3820,User_3806,Unknown,6
3821,User_3807,Unknown,2
3822,User_3808,Unknown,2
3823,User_3809,Unknown,16
3824,User_3810,Unknown,35
3825,User_3811,Unknown,3
3826,User_3812,Unknown,7
3827,User_3813,Unknown,7
3828,User_3814,Unknown,8
3829,User_3815,Unknown,15
3830,User_3816,Unknown,3
3831,User_3817,Unknown,12
3832,User_3818,Unknown,14
3833,User_3819,Unknown,13
3834,User_3820,Unknown,1
3835,User_3821,Unknown,26
3836,User_3822,Unknown,30
3837,User_3823,Unknown,14
3838,User_3824,Unknown,50
3839,User_3825,Unknown,27
3840,User_3826,Unknown,32
3841,User_3827,Unknown,8
3842,User_3828,Unknown,28
3843,User_3829,Unknown,37
3844,User_3831,Unknown,25
3845,User_3832,Unknown,12
3846,User_3833,Unknown,32
3847,User_3834,Unknown,7
3848,User_3835,Unknown,26
3849,User_3836,Unknown,22
3850,User_3837,Unknown,17
3851,User_3838,Unknown,61
3852,User_3839,Unknown,5
3853,User_3840,Unknown,12
3854,User_3841,Unknown,33
3855,User_3842,Unknown,41
3856,User_3843,Unknown,8
3857,User_3844,Unknown,5
3858,User_3845,Unknown,20
3859,User_3846,Unknown,2
3860,User_3847,Unknown,13
3861,User_3848,Unknown,6
3862,User_3849,Unknown,5
3863,User_3850,Unknown,20
3864,User_3852,Unknown,22
3865,User_3853,Unknown,1
3866,User_3854,Unknown,2
3867,User_3855,Unknown,15
3868,User_3856,Unknown,1
3869,User_3857,Unknown,11
3870,User_3858,Unknown,32
3871,User_3859,Unknown,6
3872,User_3860,Unknown,37
3873,User_3862,Unknown,19
3874,User_3863,Unknown,11
3875,User_3864,Unknown,7
3876,User_3865,Unknown,4
3877,User_3866,Unknown,19
3878,User_3867,Unknown,26
3879,User_3868,Unknown,18
3880,User_3869,Unknown,32
3881,User_3870,Unknown,26
3882,User_3871,Unknown,8
3883,User_3873,Unknown,38
3884,User_3874,Unknown,14
3885,User_3875,Unknown,2
3886,User_3876,Unknown,9
3887,User_3878,Unknown,10
3888,User_3879,Unknown,2
3889,User_3880,Unknown,10
3890,User_3881,Unknown,18
3891,User_3882,Unknown,4
3892,User_3883,Unknown,15
3893,User_3884,Unknown,34
3894,User_3885,Unknown,2
3895,User_3887,Unknown,5
3896,User_3888,Unknown,10
3897,User_3889,Unknown,15
3898,User_3890,Unknown,5
3899,User_3891,Unknown,24
3900,User_3892,Unknown,13
3901,User_3893,Unknown,6
3902,User_3894,Unknown,9
3903,User_3895,Unknown,13
3904,User_3896,Unknown,21
3905,User_3897,Unknown,4
3906,User_3898,Unknown,16
3907,User_3899,Unknown,7
3908,User_3900,Unknown,34
3909,User_3901,Unknown,8
3910,User_3902,Unknown,42
3911,User_3903,Unknown,18
3912,User_3904,Unknown,7
3913,User_3905,Unknown,8
3914,User_3906,Unknown,44
3915,User_3907,Unknown,26
3916,User_3908,Unknown,7
3917,User_3909,Unknown,22
3918,User_3910,Unknown,4
3919,User_3911,Unknown,7
3920,User_3912,Unknown,15
3921,User_3913,Unknown,18
3922,User_3914,Unknown,8
3923,User_3915,Unknown,22
3924,User_3916,Unknown,7
3925,User_3917,Unknown,15
3926,User_3918,Unknown,31
3927,User_3919,Unknown,12
3928,User_3920,Unknown,16
3929,User_3921,Unknown,30
3930,User_3922,Unknown,2
3931,User_3923,Unknown,7
3932,User_3924,Unknown,41
3933,User_3925,Unknown,5
3934,User_3926,Unknown,43
3935,User_3927,Unknown,24
3936,User_3928,Unknown,3
3937,User_3929,Unknown,15
3938,User_3930,Unknown,47
3939,User_3931,Unknown,22
3940,User_3932,Unknown,8
3941,User_3933,Unknown,22
3942,User_3934,Unknown,10
3943,User_3935,Unknown,1
3944,User_3936,Unknown,6
3945,User_3937,Unknown,14
3946,User_3938,Unknown,83
3947,User_3939,Unknown,4
3948,User_3940,Unknown,11
3949,User_3941,Unknown,7
3950,User_3942,Unknown,2
3951,User_3944,Unknown,13
3952,User_3945,Unknown,34
3953,User_3946,Unknown,4
3954,User_3947,Unknown,32
3955,User_3949,Unknown,12
3956,User_3950,Unknown,16
3957,User_3951,Unknown,35
3958,User_3952,Unknown,4
3959,User_3953,Unknown,4
3960,User_3954,Unknown,4
3961,User_3955,Unknown,3
3962,User_3956,Unknown,24
3963,User_3957,Unknown,18
3964,User_3958,Unknown,9
3965,User_3959,Unknown,2
3966,User_3960,Unknown,17
3967,User_3963,Unknown,6
3968,User_3964,Unknown,15
3969,User_3965,Unknown,4
3970,User_3966,Unknown,47
3971,User_3967,Unknown,16
3972,User_3968,Unknown,46
3973,User_3969,Unknown,25
3974,User_3970,Unknown,6
3975,User_3971,Unknown,47
3976,User_3972,Unknown,18
3977,User_3973,Unknown,8
3978,User_3974,Unknown,1
3979,User_3975,Unknown,15
3980,User_3976,Unknown,15
3981,User_3977,Unknown,6
3982,User_3978,Unknown,4
3983,User_3979,Unknown,12
3984,User_3981,Unknown,8
3985,User_3982,Unknown,14
3986,User_3983,Unknown,2
3987,User_3984,Unknown,1
3988,User_3985,Unknown,6
3989,User_3986,Unknown,9
3990,User_3987,Unknown,2
3991,User_3988,Unknown,7
3992,User_3990,Unknown,4
3993,User_3991,Unknown,3
3994,User_3992,Unknown,3
3995,User_3993,Unknown,6
3996,User_3994,Unknown,11
3997,User_3995,Unknown,9
3998,User_3996,Unknown,4
3999,User_3997,Unknown,11
4000,User_3998,Unknown,14
4001,User_3999,Unknown,4
4002,User_4000,Unknown,9
4003,User_4001,Unknown,2
4004,User_4002,Unknown,7
4005,User_4003,Unknown,5
4006,User_4004,Unknown,10
4007,User_4005,Unknown,3
4008,User_4006,Unknown,2
4009,User_4007,Unknown,4
4010,User_4008,Unknown,1
4011,User_4009,Unknown,10
4012,User_4010,Unknown,1
4013,User_4012,Unknown,2
4014,User_4013,Unknown,6
4015,User_4014,Unknown,12
4016,User_4015,Unknown,1
4017,User_4016,Unknown,4
4018,User_4017,Unknown,9
4019,User_4018,Unknown,7
4020,User_4019,Unknown,8
4021,User_4020,Unknown,8
4022,User_4021,Unknown,11
4023,User_4022,Unknown,1
4024,User_4023,Unknown,18
4025,User_4024,Unknown,1
4026,User_4025,Unknown,4
4027,User_4026,Unknown,9
4028,User_4027,Unknown,7
4029,User_4028,Unknown,2
4030,User_4029,Unknown,2
4031,User_4030,Unknown,19
4032,User_4032,Unknown,2
4033,User_4033,Unknown,3
4034,User_4034,Unknown,2
4035,User_4035,Unknown,1
4036,User_4036,Unknown,2
4037,User_4037,Unknown,4
4038,User_4038,Unknown,9
